OrderID,Order Date,Customer Age,Customer Gender,Product Category,Product Name,Quantity,Unit Price,Region,Sales
1,2025-06-04,28.0,Male,Clothing,Formal Shirt,1,472.4,West,472.4
2,2025-03-07,32.0,Female,Electronics,Power Bank,4,2999.16,South,11996.64
3,2025-04-03,30.0,Female,Sports,Yoga Mat,4,1359.74,East,5438.96
4,2024-09-19,30.0,Female,Electronics,Laptop Sleeve,2,2097.65,North,4195.3
5,2025-03-11,16.0,Male,Beauty,Sunscreen,1,486.02,West,486.02
6,2024-03-28,18.0,Male,Clothing,Winter Hoodie,1,504.53,North,504.53
7,2024-09-28,46.0,Male,Electronics,Smartwatch,3,3065.44,South,9196.32
8,2024-11-01,42.0,Female,Home & Kitchen,Vacuum Flask,1,1740.54,West,1740.54
9,2024-08-19,22.0,Female,Clothing,Denim Jacket,3,1575.46,North,4726.38
10,2025-03-25,23.0,Male,Home & Kitchen,Table Lamp,1,1363.16,South,1363.16
11,2025-03-28,28.0,Female,Sports,Dumbbell Set,2,1251.88,East,2503.76
12,2025-03-24,33.0,Female,Home & Kitchen,Blender,2,1490.14,South,2980.28
13,2024-11-07,50.0,Female,Clothing,Denim Jacket,2,356.54,East,713.08
14,2025-06-23,39.0,Male,Electronics,Smartwatch,1,3609.94,East,3609.94
15,2025-03-27,39.0,Female,Home & Kitchen,Table Lamp,1,1028.19,South,1028.19
16,2025-02-02,28.0,Female,Sports,Yoga Mat,2,1349.75,East,2699.5
17,2024-10-27,47.0,Male,Electronics,Wireless Earbuds,2,3694.11,North,7388.22
18,2025-09-06,33.0,Male,Sports,Football,1,1162.42,South,1162.42
19,2025-03-21,43.0,Female,Beauty,Hair Dryer,1,673.7,West,673.7
20,2025-01-20,33.0,Male,Clothing,Winter Hoodie,2,1069.6,Central,2139.2
21,2024-11-24,24.0,Female,Beauty,Perfume,3,638.17,South,1914.51
22,2024-10-14,43.0,Male,Electronics,Wireless Earbuds,1,4311.68,West,4311.68
23,2024-09-16,49.0,Female,Home & Kitchen,Blender,1,1490.02,West,1490.02
24,2024-12-22,23.0,Female,Beauty,Sunscreen,2,583.47,West,1166.94
25,2025-01-02,26.0,Female,Sports,Yoga Mat,1,2035.58,North,2035.58
26,2025-07-07,19.0,Female,Electronics,Power Bank,4,3537.85,South,14151.4
27,2024-09-10,36.0,Female,Electronics,Wireless Earbuds,1,2925.5,West,2925.5
28,2025-06-23,31.0,Male,Clothing,Formal Shirt,1,646.02,East,646.02
29,2025-08-22,34.0,Female,Clothing,Denim Jacket,3,983.06,West,2949.18
30,2025-01-13,27.0,Female,Home & Kitchen,Blender,1,1444.13,Central,1444.13
31,2025-09-24,35.0,Male,Clothing,Denim Jacket,1,743.83,West,743.83
32,2025-01-25,43.0,Female,Clothing,Cotton T-Shirt,2,1151.78,West,2303.56
33,2024-07-22,39.0,Female,Clothing,Cotton T-Shirt,1,1350.9,East,1350.9
34,2024-07-18,17.0,Male,Electronics,Laptop Sleeve,1,2126.39,North,2126.39
35,2024-07-18,24.0,Male,Sports,Cricket Bat,2,1547.94,South,3095.88
36,2024-10-08,38.0,Female,Home & Kitchen,Storage Rack,4,2034.78,West,8139.12
37,2024-09-30,18.0,Female,Beauty,Face Serum,1,414.69,Central,414.69
38,2025-09-12,21.0,Male,Sports,Football,2,1283.31,South,2566.62
39,2025-01-09,18.0,Male,Clothing,Cotton T-Shirt,2,821.81,North,1643.62
40,2024-09-11,39.0,Female,Home & Kitchen,Vacuum Flask,2,1408.58,West,2817.16
41,2024-04-14,27.0,Male,Clothing,Formal Shirt,4,915.97,South,3663.88
42,2024-04-01,37.0,Female,Electronics,Power Bank,4,1669.83,West,6679.32
43,2024-10-12,28.0,Female,Electronics,Smartwatch,3,4143.55,North,12430.65
44,2024-07-26,37.0,Female,Home & Kitchen,Non-stick Pan,1,1490.79,Central,1490.79
45,2025-01-12,23.0,Male,Home & Kitchen,Vacuum Flask,1,1103.02,Central,1103.02
46,2024-10-06,34.0,Female,Beauty,Lipstick Set,2,841.64,East,1683.28
47,2024-03-29,34.0,Female,Sports,Yoga Mat,2,1681.25,West,3362.5
48,2024-08-26,37.0,Female,Home & Kitchen,Table Lamp,1,1743.54,North,1743.54
49,2025-03-29,16.0,Male,Sports,Dumbbell Set,2,1794.04,East,3588.08
50,2025-04-04,28.0,Male,Clothing,Winter Hoodie,2,843.91,North,1687.82
51,2025-03-20,24.0,Male,Electronics,Laptop Sleeve,3,2900.27,North,8700.81
52,2025-07-04,16.0,Female,Clothing,Running Shoes,1,884.68,South,884.68
53,2025-06-13,43.0,Male,Clothing,Formal Shirt,1,864.93,North,864.93
54,2025-03-19,41.0,Female,Beauty,Sunscreen,2,821.49,North,1642.98
55,2025-03-07,43.0,Male,Home & Kitchen,Blender,1,1479.1,East,1479.1
56,2024-12-12,24.0,Male,Clothing,Denim Jacket,1,809.31,Central,809.31
57,2025-03-21,40.0,Female,Electronics,Smartwatch,1,3852.68,East,3852.68
58,2024-07-18,30.0,Female,Clothing,Formal Shirt,1,841.08,South,841.08
59,2024-10-01,55.0,Male,Home & Kitchen,Table Lamp,1,2098.95,West,2098.95
60,2025-10-01,50.0,Female,Electronics,Laptop Sleeve,3,2752.21,Central,8256.63
61,2025-02-03,40.0,Male,Electronics,Smartwatch,1,2724.39,North,2724.39
62,2025-03-03,29.0,Female,Beauty,Hair Dryer,2,938.01,West,1876.02
63,2025-03-16,37.0,Female,Home & Kitchen,Non-stick Pan,3,1090.31,West,3270.93
64,2024-10-08,24.0,Male,Clothing,Winter Hoodie,2,840.9,West,1681.8
65,2025-01-18,29.0,Male,Electronics,Bluetooth Speaker,1,4229.58,South,4229.58
66,2025-01-23,26.0,Male,Beauty,Lipstick Set,2,458.61,South,917.22
67,2024-05-21,41.0,Female,Home & Kitchen,Blender,3,1438.29,Central,4314.87
68,2024-05-27,28.0,Male,Beauty,Lipstick Set,1,596.49,North,596.49
69,2024-08-29,27.0,Male,Beauty,Face Serum,1,824.04,South,824.04
70,2024-04-06,45.0,Male,Clothing,Denim Jacket,1,586.68,South,586.68
71,2025-01-17,26.0,Female,Electronics,Wireless Earbuds,1,3068.37,North,3068.37
72,2024-09-10,36.0,Female,Sports,Cycling Helmet,1,1442.17,East,1442.17
73,2025-06-08,43.0,Male,Clothing,Running Shoes,1,889.48,North,889.48
74,2024-03-22,62.0,Male,Electronics,Bluetooth Speaker,1,1460.54,East,1460.54
75,2025-02-24,30.0,Female,Sports,Football,3,1450.07,North,4350.21
76,2025-11-04,20.0,Male,Clothing,Cotton T-Shirt,3,1369.11,East,4107.33
77,2024-11-28,35.0,Female,Electronics,Laptop Sleeve,1,4201.32,East,4201.32
78,2024-07-01,35.0,Female,Electronics,Bluetooth Speaker,1,1831.87,East,1831.87
79,2025-08-18,28.0,Male,Electronics,Laptop Sleeve,2,3641.49,North,7282.98
80,2024-08-31,16.0,Female,Sports,Cricket Bat,3,2005.75,North,6017.25
81,2024-06-03,43.0,Female,Electronics,Smartwatch,3,3021.97,East,9065.91
82,2024-11-03,38.0,Male,Sports,Cycling Helmet,3,912.18,South,2736.54
83,2024-10-16,40.0,Male,Clothing,Denim Jacket,3,1380.46,East,4141.38
84,2025-03-31,41.0,Female,Clothing,Winter Hoodie,4,1412.14,West,5648.56
85,2024-12-23,35.0,Female,Home & Kitchen,Non-stick Pan,2,1760.02,East,3520.04
86,2024-11-08,48.0,Female,Clothing,Formal Shirt,2,913.42,West,1826.84
87,2024-01-17,31.0,Female,Clothing,Winter Hoodie,2,836.3,West,1672.6
88,2024-07-07,29.0,Female,Clothing,Cotton T-Shirt,1,903.39,North,903.39
89,2024-09-03,16.0,Female,Electronics,Laptop Sleeve,3,1212.31,South,3636.93
90,2025-02-16,32.0,Female,Electronics,Bluetooth Speaker,1,2234.08,Central,2234.08
91,2024-09-08,40.0,Male,Clothing,Formal Shirt,3,962.9,North,2888.7
92,2025-01-22,49.0,Female,Clothing,Denim Jacket,4,1232.39,North,4929.56
93,2024-04-04,30.0,Male,Beauty,Perfume,1,802.4,Central,802.4
94,2025-01-09,31.0,Female,Sports,Football,1,1519.71,Central,1519.71
95,2025-01-16,28.0,Female,Electronics,Power Bank,2,4150.71,East,8301.42
96,2025-07-22,37.0,Male,Electronics,Smartwatch,1,2820.68,Central,2820.68
97,2024-10-19,38.0,Female,Sports,Yoga Mat,2,1658.69,East,3317.38
98,2024-10-30,50.0,Male,Electronics,Laptop Sleeve,2,3271.96,West,6543.92
99,2024-11-10,29.0,Male,Home & Kitchen,Blender,4,1465.31,West,5861.24
100,2025-04-22,27.0,Female,Electronics,Bluetooth Speaker,2,4728.64,South,9457.28
101,2025-02-05,28.0,Female,Beauty,Hair Dryer,1,721.5,South,721.5
102,2024-04-12,40.0,Female,Electronics,Power Bank,1,3108.33,South,3108.33
103,2025-01-10,41.0,Female,Electronics,Smartwatch,1,3522.21,East,3522.21
104,2025-03-10,48.0,Male,Home & Kitchen,Storage Rack,3,1624.95,North,4874.85
105,2025-07-08,16.0,Male,Sports,Cricket Bat,2,1746.2,North,3492.4
106,2025-07-07,26.0,Male,Home & Kitchen,Vacuum Flask,1,1339.44,East,1339.44
107,2024-12-03,34.0,Female,Clothing,Formal Shirt,1,873.2,North,873.2
108,2025-10-31,25.0,Male,Clothing,Cotton T-Shirt,1,907.48,East,907.48
109,2025-01-29,50.0,Male,Home & Kitchen,Blender,2,1916.55,Central,3833.1
110,2024-06-14,36.0,Male,Sports,Football,3,2126.96,West,6380.88
111,2025-08-15,45.0,Male,Home & Kitchen,Blender,1,854.85,West,854.85
112,2024-05-31,40.0,Female,Sports,Cycling Helmet,1,1148.87,North,1148.87
113,2024-09-26,42.0,Female,Electronics,Wireless Earbuds,3,4307.55,East,12922.65
114,2024-02-11,43.0,Male,Home & Kitchen,Table Lamp,3,1339.58,East,4018.74
115,2025-10-12,17.0,Female,Sports,Football,2,2262.8,South,4525.6
116,2024-08-12,36.0,Female,Clothing,Formal Shirt,1,419.32,North,419.32
117,2025-06-11,27.0,Male,Clothing,Denim Jacket,2,616.01,Central,1232.02
118,2025-09-11,17.0,Female,Clothing,Cotton T-Shirt,2,642.08,South,1284.16
119,2024-12-24,27.0,Male,Home & Kitchen,Non-stick Pan,1,1285.59,East,1285.59
120,2024-05-01,42.0,Male,Sports,Cycling Helmet,1,2286.3,East,2286.3
121,2024-04-05,39.0,Male,Home & Kitchen,Blender,1,1143.56,West,1143.56
122,2024-12-20,37.0,Female,Electronics,Laptop Sleeve,3,2878.37,Central,8635.11
123,2024-09-21,29.0,Female,Home & Kitchen,Vacuum Flask,2,1680.86,West,3361.72
124,2025-06-03,29.0,Male,Electronics,Wireless Earbuds,1,3831.92,South,3831.92
125,2025-03-12,30.0,Male,Home & Kitchen,Vacuum Flask,1,856.55,South,856.55
126,2025-07-24,35.0,Male,Electronics,Smartwatch,1,1895.46,South,1895.46
127,2024-07-12,50.0,Male,Home & Kitchen,Blender,3,984.66,East,2953.98
128,2024-06-26,37.0,Female,Electronics,Laptop Sleeve,2,3983.11,East,7966.22
129,2024-06-15,49.0,Female,Electronics,Power Bank,2,3377.83,North,6755.66
130,2024-11-16,22.0,Male,Home & Kitchen,Table Lamp,2,2187.66,Central,4375.32
131,2025-06-12,26.0,Female,Beauty,Face Serum,1,795.43,East,795.43
132,2025-03-29,47.0,Female,Home & Kitchen,Non-stick Pan,1,1558.74,South,1558.74
133,2025-08-09,16.0,Female,Clothing,Formal Shirt,2,785.92,North,1571.84
134,2024-02-19,46.0,Male,Clothing,Running Shoes,1,885.05,South,885.05
135,2025-05-09,40.0,Female,Clothing,Winter Hoodie,2,1179.28,South,2358.56
136,2024-08-25,34.0,Male,Clothing,Cotton T-Shirt,1,1082.6,West,1082.6
137,2025-05-04,18.0,Male,Electronics,Bluetooth Speaker,2,2772.87,Central,5545.74
138,2025-08-31,45.0,Female,Sports,Football,2,1719.22,North,3438.44
139,2024-11-26,39.0,Male,Electronics,Power Bank,4,1731.04,East,6924.16
140,2024-09-06,16.0,Female,Home & Kitchen,Table Lamp,1,1710.26,West,1710.26
141,2024-06-11,48.0,Female,Home & Kitchen,Table Lamp,1,1037.2,West,1037.2
142,2024-03-31,44.0,Female,Beauty,Face Serum,3,566.11,West,1698.33
143,2025-02-28,32.0,Female,Home & Kitchen,Blender,1,1071.23,North,1071.23
144,2025-02-24,32.0,Female,Home & Kitchen,Storage Rack,1,1973.82,South,1973.82
145,2024-11-11,44.0,Female,Clothing,Denim Jacket,1,585.6,East,585.6
146,2024-08-16,42.0,Female,Clothing,Formal Shirt,1,1078.6,North,1078.6
147,2025-07-17,45.0,Female,Clothing,Running Shoes,1,585.98,West,585.98
148,2024-10-14,33.0,Male,Electronics,Laptop Sleeve,1,2245.55,West,2245.55
149,2025-03-23,25.0,Female,Clothing,Denim Jacket,1,1019.22,West,1019.22
150,2024-08-28,51.0,Male,Electronics,Wireless Earbuds,3,4241.39,East,12724.17
151,2025-07-08,48.0,Male,Electronics,Power Bank,2,2558.01,South,5116.02
152,2024-12-28,25.0,Female,Beauty,Hair Dryer,2,811.86,South,1623.72
153,2025-01-03,41.0,Male,Electronics,Wireless Earbuds,1,2953.16,East,2953.16
154,2025-04-21,31.0,Male,Electronics,Laptop Sleeve,1,3645.46,South,3645.46
155,2024-08-27,33.0,Female,Clothing,Winter Hoodie,2,873.82,West,1747.64
156,2025-09-27,51.0,Male,Clothing,Denim Jacket,4,1038.47,North,4153.88
157,2025-10-03,33.0,Male,Clothing,Running Shoes,2,665.93,South,1331.86
158,2024-03-21,41.0,Male,Beauty,Face Serum,3,859.58,East,2578.74
159,2025-01-25,45.0,Female,Electronics,Wireless Earbuds,3,2165.17,West,6495.51
160,2025-07-30,21.0,Male,Home & Kitchen,Blender,2,892.55,South,1785.1
161,2025-04-17,24.0,Male,Sports,Cycling Helmet,1,1757.56,North,1757.56
162,2025-05-10,37.0,Male,Electronics,Power Bank,1,2769.85,West,2769.85
163,2025-01-04,25.0,Female,Electronics,Bluetooth Speaker,2,3564.07,Central,7128.14
164,2024-01-10,32.0,Female,Electronics,Power Bank,1,3133.86,West,3133.86
165,2024-11-02,43.0,Female,Sports,Football,1,1940.04,North,1940.04
166,2025-03-28,39.0,Male,Home & Kitchen,Blender,3,841.85,East,2525.55
167,2024-11-20,23.0,Female,Electronics,Power Bank,1,2400.55,Central,2400.55
168,2024-11-18,45.0,Male,Clothing,Cotton T-Shirt,1,834.96,South,834.96
169,2025-10-21,39.0,Female,Beauty,Lipstick Set,1,672.44,East,672.44
170,2025-02-02,16.0,Male,Sports,Cycling Helmet,4,1057.37,North,4229.48
171,2025-03-20,45.0,Female,Electronics,Bluetooth Speaker,1,4731.77,East,4731.77
172,2024-02-04,40.0,Male,Home & Kitchen,Blender,1,1716.38,East,1716.38
173,2024-07-19,42.0,Male,Beauty,Lipstick Set,1,779.26,North,779.26
174,2024-09-04,33.0,Female,Home & Kitchen,Storage Rack,2,1709.09,East,3418.18
175,2024-05-03,26.0,Male,Electronics,Power Bank,1,4216.5,South,4216.5
176,2025-06-30,39.0,Female,Home & Kitchen,Blender,3,1307.06,North,3921.18
177,2025-01-25,46.0,Female,Electronics,Laptop Sleeve,4,2512.53,East,10050.12
178,2025-06-11,20.0,Female,Electronics,Laptop Sleeve,3,2780.8,South,8342.4
179,2025-04-10,24.0,Female,Clothing,Cotton T-Shirt,2,686.46,Central,1372.92
180,2024-05-06,56.0,Female,Home & Kitchen,Vacuum Flask,1,1000.25,West,1000.25
181,2024-07-09,39.0,Female,Beauty,Hair Dryer,2,584.66,South,1169.32
182,2024-09-17,28.0,Female,Home & Kitchen,Storage Rack,2,1910.28,South,3820.56
183,2024-04-21,23.0,Male,Beauty,Sunscreen,2,628.45,Central,1256.9
184,2025-07-12,26.0,Female,Home & Kitchen,Table Lamp,1,1535.88,West,1535.88
185,2024-05-05,26.0,Female,Home & Kitchen,Storage Rack,3,1518.83,North,4556.49
186,2024-04-16,52.0,Female,Electronics,Wireless Earbuds,1,3960.25,North,3960.25
187,2024-07-18,43.0,Male,Electronics,Laptop Sleeve,2,4688.55,South,9377.1
188,2025-02-24,,Male,Clothing,Formal Shirt,1,520.12,West,520.12
189,2024-12-31,46.0,Male,Home & Kitchen,Blender,2,1890.55,South,3781.1
190,2025-02-05,36.0,Male,Beauty,Hair Dryer,1,548.82,South,548.82
191,2024-10-23,59.0,Male,Clothing,Cotton T-Shirt,1,816.38,East,816.38
192,2025-03-12,32.0,Male,Home & Kitchen,Vacuum Flask,1,1532.07,North,1532.07
193,2025-11-07,17.0,Male,Home & Kitchen,Vacuum Flask,2,1152.06,South,2304.12
194,2025-09-05,38.0,Male,Sports,Cycling Helmet,4,1875.15,West,7500.6
195,2025-03-16,30.0,Male,Beauty,Face Serum,1,505.68,West,505.68
196,2025-08-17,44.0,Female,Electronics,Bluetooth Speaker,2,3385.89,North,6771.78
197,2025-07-28,54.0,Male,Electronics,Power Bank,3,3453.55,North,10360.65
198,2025-06-24,43.0,Male,Clothing,Formal Shirt,2,1061.86,West,2123.72
199,2024-09-28,39.0,Male,Electronics,Laptop Sleeve,1,4396.81,Central,4396.81
200,2025-03-26,31.0,Female,Electronics,Smartwatch,1,2315.44,South,2315.44
201,2024-02-03,36.0,Female,Electronics,Laptop Sleeve,2,2507.59,East,5015.18
202,2024-07-24,38.0,Male,Beauty,Sunscreen,1,654.54,North,654.54
203,2024-08-29,30.0,Male,Electronics,Smartwatch,1,3648.74,Central,3648.74
204,2024-12-11,16.0,Male,Clothing,Winter Hoodie,1,1575.32,South,1575.32
205,2024-11-25,42.0,Female,Beauty,Hair Dryer,1,328.36,North,328.36
206,2024-07-18,28.0,Male,Clothing,Cotton T-Shirt,1,1415.11,East,1415.11
207,2024-11-09,30.0,Female,Electronics,Smartwatch,1,4615.29,South,4615.29
208,2025-02-04,16.0,Female,Sports,Football,2,1861.48,East,3722.96
209,2025-01-28,41.0,Female,Home & Kitchen,Table Lamp,1,1582.39,Central,1582.39
210,2024-03-28,24.0,Female,Electronics,Wireless Earbuds,1,3778.16,Central,3778.16
211,2024-07-20,26.0,Female,Electronics,Smartwatch,3,2484.52,North,7453.56
212,2024-07-08,38.0,Female,Sports,Dumbbell Set,3,1343.41,West,4030.23
213,2024-10-07,16.0,Male,Home & Kitchen,Non-stick Pan,1,825.91,South,825.91
214,2025-04-20,37.0,Female,Electronics,Power Bank,3,2627.27,South,7881.81
215,2025-03-26,31.0,Male,Clothing,Cotton T-Shirt,1,1147.0,East,1147.0
216,2025-06-16,45.0,Female,Electronics,Wireless Earbuds,2,3090.57,East,6181.14
217,2025-08-12,34.0,Female,Home & Kitchen,Blender,2,995.53,South,1991.06
218,2025-06-30,33.0,Male,Clothing,Cotton T-Shirt,1,950.05,South,950.05
219,2024-10-03,16.0,Female,Beauty,Lipstick Set,2,478.89,West,957.78
220,2024-10-26,27.0,Male,Electronics,Bluetooth Speaker,3,3528.38,West,10585.14
221,2024-06-22,34.0,Male,Sports,Yoga Mat,1,2081.55,East,2081.55
222,2024-10-20,29.0,Female,Electronics,Smartwatch,1,2943.93,North,2943.93
223,2025-05-21,30.0,Female,Home & Kitchen,Vacuum Flask,2,1342.45,North,2684.9
224,2025-07-14,31.0,Female,Electronics,Laptop Sleeve,3,2398.25,South,7194.75
225,2024-06-07,45.0,Female,Home & Kitchen,Storage Rack,2,1385.41,East,2770.82
226,2024-10-08,16.0,Male,Sports,Cricket Bat,1,1323.35,West,1323.35
227,2024-08-22,35.0,Female,Electronics,Wireless Earbuds,1,3240.71,East,3240.71
228,2024-12-22,35.0,Female,Clothing,Winter Hoodie,1,985.61,Central,985.61
229,2025-05-21,48.0,Female,Electronics,Power Bank,1,2706.91,North,2706.91
230,2025-08-17,31.0,Female,Beauty,Sunscreen,3,787.89,West,2363.67
231,2024-05-07,47.0,Female,Electronics,Wireless Earbuds,1,2640.84,Central,2640.84
232,2024-05-26,33.0,Female,Home & Kitchen,Blender,3,1733.79,North,5201.37
233,2024-08-17,37.0,Male,Sports,Dumbbell Set,4,1619.18,East,6476.72
234,2025-02-23,43.0,Female,Home & Kitchen,Blender,1,1063.48,West,1063.48
235,2024-07-12,40.0,Male,Electronics,Bluetooth Speaker,1,2199.67,West,2199.67
236,2024-12-26,17.0,Female,Beauty,Hair Dryer,1,1218.08,West,1218.08
237,2025-03-31,,Male,Electronics,Smartwatch,4,4195.75,West,16783.0
238,2024-05-10,41.0,Female,Sports,Dumbbell Set,1,1437.19,East,1437.19
239,2024-06-11,28.0,Female,Clothing,Running Shoes,1,1287.31,Central,1287.31
240,2024-05-19,41.0,Male,Home & Kitchen,Vacuum Flask,1,1403.9,West,1403.9
241,2025-01-18,33.0,Male,Beauty,Perfume,1,551.77,Central,551.77
242,2025-07-04,47.0,Female,Clothing,Formal Shirt,1,706.99,East,706.99
243,2025-06-11,27.0,Female,Clothing,Formal Shirt,3,1059.74,West,3179.22
244,2025-04-14,16.0,Female,Electronics,Bluetooth Speaker,4,2744.49,West,10977.96
245,2025-09-07,30.0,Male,Electronics,Wireless Earbuds,1,3055.2,Central,3055.2
246,2025-04-21,38.0,Female,Clothing,Cotton T-Shirt,4,688.71,East,2754.84
247,2024-11-04,36.0,Female,Sports,Yoga Mat,3,245.27,West,735.81
248,2024-10-04,32.0,Male,Electronics,Smartwatch,1,4673.98,Central,4673.98
249,2024-04-22,45.0,Male,Beauty,Hair Dryer,3,509.8,West,1529.4
250,2025-06-18,20.0,Male,Home & Kitchen,Table Lamp,1,1226.29,Central,1226.29
251,2025-01-16,32.0,Female,Clothing,Winter Hoodie,1,544.5,West,544.5
252,2024-08-19,38.0,Male,Home & Kitchen,Table Lamp,1,1341.17,East,1341.17
253,2025-04-01,24.0,Female,Sports,Yoga Mat,1,2280.61,South,2280.61
254,2024-08-17,32.0,Female,Clothing,Cotton T-Shirt,3,696.65,East,2089.95
255,2024-06-19,21.0,Female,Electronics,Bluetooth Speaker,2,2281.39,Central,4562.78
256,2025-03-14,40.0,Male,Sports,Dumbbell Set,1,1802.83,North,1802.83
257,2025-07-06,29.0,Female,Home & Kitchen,Vacuum Flask,1,831.76,Central,831.76
258,2024-11-23,36.0,Female,Electronics,Bluetooth Speaker,3,2941.74,East,8825.22
259,2025-08-13,37.0,Female,Sports,Football,1,1875.88,North,1875.88
260,2025-04-29,16.0,Male,Electronics,Wireless Earbuds,2,1698.05,Central,3396.1
261,2025-10-19,35.0,Male,Clothing,Winter Hoodie,2,999.11,South,1998.22
262,2025-09-16,31.0,Female,Sports,Cricket Bat,2,1047.58,South,2095.16
263,2025-10-06,50.0,Female,Beauty,Lipstick Set,1,668.46,North,668.46
264,2024-09-03,50.0,Female,Home & Kitchen,Vacuum Flask,1,1047.72,West,1047.72
265,2025-01-26,31.0,Female,Beauty,Sunscreen,1,776.71,West,776.71
266,2025-01-09,31.0,Female,Electronics,Laptop Sleeve,3,1424.56,East,4273.68
267,2024-08-02,21.0,Female,Electronics,Laptop Sleeve,1,3331.72,North,3331.72
268,2025-02-01,30.0,Male,Home & Kitchen,Vacuum Flask,1,2010.62,North,2010.62
269,2025-07-02,47.0,Female,Electronics,Wireless Earbuds,1,2792.22,Central,2792.22
270,2024-04-07,16.0,Female,Clothing,Denim Jacket,1,1042.53,West,1042.53
271,2024-09-26,22.0,Female,Home & Kitchen,Vacuum Flask,4,1397.37,West,5589.48
272,2024-09-02,31.0,Female,Beauty,Perfume,1,702.04,Central,702.04
273,2024-12-29,46.0,Male,Beauty,Face Serum,1,713.24,North,713.24
274,2024-10-02,24.0,Male,Sports,Cycling Helmet,1,1520.61,East,1520.61
275,2024-08-08,25.0,Female,Electronics,Power Bank,1,3227.31,East,3227.31
276,2024-08-30,41.0,Female,Beauty,Sunscreen,1,857.17,North,857.17
277,2024-06-28,16.0,Female,Beauty,Perfume,1,555.9,West,555.9
278,2025-05-25,37.0,Female,Electronics,Smartwatch,3,3623.07,East,10869.21
279,2024-08-03,25.0,Female,Home & Kitchen,Storage Rack,1,1489.69,North,1489.69
280,2025-06-13,24.0,Female,Home & Kitchen,Blender,1,1715.8,West,1715.8
281,2025-05-28,40.0,Male,Beauty,Face Serum,1,739.9,East,739.9
282,2024-05-30,23.0,Male,Electronics,Laptop Sleeve,1,3807.64,North,3807.64
283,2025-04-30,41.0,Female,Electronics,Laptop Sleeve,2,1948.16,South,3896.32
284,2025-01-26,46.0,Female,Sports,Cycling Helmet,1,1857.85,Central,1857.85
285,2025-02-18,30.0,Male,Sports,Cricket Bat,3,1136.1,North,3408.3
286,2025-08-10,32.0,Male,Clothing,Cotton T-Shirt,1,854.83,South,854.83
287,2024-09-06,41.0,Female,Electronics,Laptop Sleeve,1,2806.29,South,2806.29
288,2025-03-06,34.0,Female,Home & Kitchen,Table Lamp,1,374.87,West,374.87
289,2025-03-05,51.0,Female,Clothing,Cotton T-Shirt,2,1104.94,South,2209.88
290,2025-04-05,51.0,Female,Electronics,Bluetooth Speaker,2,3473.87,West,6947.74
291,2024-11-24,29.0,Female,Sports,Cricket Bat,1,1719.91,West,1719.91
292,2024-10-09,38.0,Female,Electronics,Bluetooth Speaker,2,3409.01,North,6818.02
293,2024-10-03,31.0,Male,Beauty,Face Serum,3,662.15,Central,1986.45
294,2024-11-17,32.0,Male,Beauty,Lipstick Set,1,528.68,North,528.68
295,2024-06-18,18.0,Male,Electronics,Laptop Sleeve,1,2812.76,Central,2812.76
296,2024-04-09,16.0,Female,Electronics,Power Bank,1,2895.81,West,2895.81
297,2024-10-23,33.0,Male,Electronics,Bluetooth Speaker,1,2396.76,West,2396.76
298,2024-06-28,29.0,Female,Electronics,Bluetooth Speaker,2,4512.93,West,9025.86
299,2025-04-08,54.0,Female,Sports,Yoga Mat,2,1459.18,North,2918.36
300,2024-11-21,53.0,Female,Beauty,Sunscreen,3,655.16,Central,1965.48
301,2024-07-28,27.0,Male,Clothing,Winter Hoodie,2,672.65,North,1345.3
302,2025-08-21,47.0,Female,Beauty,Perfume,1,801.5,South,801.5
303,2024-03-10,48.0,Male,Sports,Yoga Mat,2,2506.87,South,5013.74
304,2025-09-07,26.0,Female,Electronics,Power Bank,3,2990.64,East,8971.92
305,2024-05-08,32.0,Female,Clothing,Denim Jacket,2,1094.22,East,2188.44
306,2025-08-27,29.0,Female,Home & Kitchen,Vacuum Flask,1,1628.73,South,1628.73
307,2025-09-15,36.0,Male,Sports,Yoga Mat,2,1479.4,North,2958.8
308,2024-10-30,41.0,Female,Clothing,Cotton T-Shirt,1,1035.13,South,1035.13
309,2025-09-26,23.0,Male,Electronics,Laptop Sleeve,1,3088.57,North,3088.57
310,2024-12-18,37.0,Male,Home & Kitchen,Table Lamp,4,1801.41,South,7205.64
311,2025-11-13,26.0,Male,Sports,Football,2,1831.6,West,3663.2
312,2025-01-04,21.0,Female,Electronics,Wireless Earbuds,1,2276.24,East,2276.24
313,2025-08-16,31.0,Female,Clothing,Cotton T-Shirt,1,1152.78,South,1152.78
314,2025-07-13,28.0,Male,Beauty,Lipstick Set,1,746.51,East,746.51
315,2025-08-19,18.0,Male,Beauty,Perfume,1,693.88,North,693.88
316,2025-10-08,25.0,Female,Home & Kitchen,Non-stick Pan,1,1465.96,Central,1465.96
317,2025-06-08,35.0,Female,Electronics,Smartwatch,1,2470.36,North,2470.36
318,2024-08-14,28.0,Female,Home & Kitchen,Storage Rack,2,1532.17,North,3064.34
319,2024-05-02,18.0,Female,Beauty,Lipstick Set,1,600.98,South,600.98
320,2025-03-06,20.0,Female,Beauty,Face Serum,1,680.83,South,680.83
321,2024-09-05,16.0,Female,Sports,Cricket Bat,1,1414.74,North,1414.74
322,2024-08-18,47.0,Male,Sports,Yoga Mat,1,1659.59,Central,1659.59
323,2025-04-10,41.0,Male,Beauty,Sunscreen,1,675.51,West,675.51
324,2024-01-27,24.0,Male,Beauty,Perfume,1,592.03,East,592.03
325,2025-05-31,36.0,Female,Electronics,Power Bank,2,3457.27,South,6914.54
326,2025-06-02,36.0,Female,Beauty,Lipstick Set,3,869.23,East,2607.69
327,2024-08-16,50.0,Male,Electronics,Bluetooth Speaker,1,1788.32,West,1788.32
328,2025-01-02,52.0,Female,Beauty,Face Serum,1,789.03,North,789.03
329,2025-08-02,30.0,Male,Sports,Dumbbell Set,1,1188.57,West,1188.57
330,2024-07-13,27.0,Male,Sports,Yoga Mat,1,1373.44,West,1373.44
331,2025-02-26,30.0,Female,Sports,Yoga Mat,2,1557.51,North,3115.02
332,2024-11-03,22.0,Female,Beauty,Lipstick Set,1,637.92,South,637.92
333,2025-02-28,32.0,Male,Home & Kitchen,Storage Rack,1,1564.52,Central,1564.52
334,2024-07-06,39.0,Male,Electronics,Bluetooth Speaker,1,3615.64,North,3615.64
335,2025-09-26,38.0,Female,Clothing,Winter Hoodie,1,1252.67,South,1252.67
336,2024-08-30,28.0,Male,Beauty,Hair Dryer,1,597.09,West,597.09
337,2024-04-20,36.0,Male,Beauty,Face Serum,1,988.21,North,988.21
338,2024-08-07,25.0,Female,Clothing,Running Shoes,1,513.93,Central,513.93
339,2024-06-11,35.0,Male,Electronics,Laptop Sleeve,2,1864.57,East,3729.14
340,2025-01-02,31.0,Female,Electronics,Power Bank,1,2783.69,North,2783.69
341,2025-01-14,25.0,Male,Electronics,Smartwatch,1,3934.37,West,3934.37
342,2024-12-23,26.0,Male,Electronics,Laptop Sleeve,1,3496.0,Central,3496.0
343,2024-09-23,55.0,Female,Electronics,Wireless Earbuds,1,2343.32,North,2343.32
344,2024-09-30,25.0,Male,Clothing,Denim Jacket,1,996.62,Central,996.62
345,2024-03-13,25.0,Male,Clothing,Winter Hoodie,2,1149.98,Central,2299.96
346,2024-11-19,41.0,Male,Clothing,Running Shoes,2,482.12,North,964.24
347,2024-08-03,48.0,Male,Beauty,Sunscreen,2,501.11,North,1002.22
348,2024-10-30,16.0,Male,Home & Kitchen,Vacuum Flask,1,1896.38,South,1896.38
349,2024-09-25,16.0,Male,Electronics,Power Bank,1,2991.12,East,2991.12
350,2024-04-11,39.0,Female,Sports,Cycling Helmet,1,968.92,East,968.92
351,2024-05-21,37.0,Male,Sports,Cricket Bat,1,2018.1,North,2018.1
352,2025-10-09,24.0,Female,Sports,Cricket Bat,1,1678.45,South,1678.45
353,2024-10-01,38.0,Female,Home & Kitchen,Table Lamp,2,1061.98,East,2123.96
354,2025-01-30,35.0,Female,Electronics,Smartwatch,1,3456.22,West,3456.22
355,2024-04-03,23.0,Female,Clothing,Winter Hoodie,1,1001.78,South,1001.78
356,2025-04-19,45.0,Female,Electronics,Smartwatch,4,3090.93,North,12363.72
357,2025-09-28,35.0,Male,Home & Kitchen,Vacuum Flask,4,1540.17,East,6160.68
358,2024-11-04,41.0,Male,Home & Kitchen,Vacuum Flask,2,1052.92,South,2105.84
359,2025-02-01,30.0,Female,Electronics,Laptop Sleeve,2,2984.13,East,5968.26
360,2024-07-05,22.0,Female,Sports,Football,1,1350.57,Central,1350.57
361,2025-02-09,25.0,Male,Clothing,Cotton T-Shirt,4,1082.9,South,4331.6
362,2025-05-02,43.0,Female,Clothing,Formal Shirt,3,491.3,North,1473.9
363,2025-03-18,47.0,Male,Electronics,Bluetooth Speaker,1,3460.67,West,3460.67
364,2024-09-21,35.0,Male,Home & Kitchen,Storage Rack,1,1361.14,North,1361.14
365,2025-04-03,25.0,Male,Clothing,Cotton T-Shirt,2,923.52,North,1847.04
366,2025-03-07,36.0,Female,Electronics,Smartwatch,1,3041.78,North,3041.78
367,2024-11-30,44.0,Male,Electronics,Laptop Sleeve,3,3245.71,South,9737.13
368,2024-04-18,16.0,Male,Home & Kitchen,Non-stick Pan,2,1742.24,North,3484.48
369,2025-08-09,34.0,Male,Home & Kitchen,Table Lamp,2,1585.16,East,3170.32
370,2025-05-19,19.0,Female,Electronics,Power Bank,1,2482.01,Central,2482.01
371,2024-08-17,52.0,Female,Electronics,Laptop Sleeve,2,2773.12,West,5546.24
372,2024-11-02,35.0,Female,Sports,Yoga Mat,2,1333.08,West,2666.16
373,2024-09-01,22.0,Female,Sports,Football,1,1056.67,West,1056.67
374,2024-11-25,37.0,Female,Home & Kitchen,Vacuum Flask,2,911.07,North,1822.14
375,2025-01-21,18.0,Male,Clothing,Cotton T-Shirt,1,964.47,East,964.47
376,2025-03-17,37.0,Male,Clothing,Formal Shirt,1,902.07,South,902.07
377,2025-07-06,16.0,Female,Electronics,Smartwatch,2,3663.54,North,7327.08
378,2025-06-24,43.0,Male,Electronics,Power Bank,3,1972.42,South,5917.26
379,2024-06-08,25.0,Female,Electronics,Power Bank,2,3648.19,West,7296.38
380,2025-11-04,24.0,Male,Home & Kitchen,Storage Rack,1,1039.62,East,1039.62
381,2025-04-27,45.0,Female,Beauty,Perfume,4,491.83,North,1967.32
382,2025-06-14,35.0,Female,Electronics,Wireless Earbuds,1,4809.63,West,4809.63
383,2024-10-14,38.0,Male,Beauty,Perfume,2,634.51,West,1269.02
384,2025-08-12,42.0,Male,Beauty,Sunscreen,2,514.42,South,1028.84
385,2025-08-18,39.0,Male,Electronics,Wireless Earbuds,1,3101.01,North,3101.01
386,2025-02-25,38.0,Female,Clothing,Running Shoes,1,815.82,Central,815.82
387,2025-03-21,32.0,Male,Home & Kitchen,Non-stick Pan,1,1394.98,West,1394.98
388,2025-06-06,43.0,Female,Electronics,Smartwatch,2,2285.58,North,4571.16
389,2024-11-09,16.0,Female,Electronics,Smartwatch,2,3016.27,Central,6032.54
390,2024-11-05,37.0,Male,Sports,Cricket Bat,3,1371.3,Central,4113.9
391,2024-11-19,,Male,Electronics,Smartwatch,4,3997.22,North,15988.88
392,2025-09-22,32.0,Male,Electronics,Wireless Earbuds,1,2663.14,East,2663.14
393,2024-02-17,45.0,Male,Clothing,Denim Jacket,1,1068.01,East,1068.01
394,2024-11-17,16.0,Male,Electronics,Bluetooth Speaker,3,4090.96,Central,12272.88
395,2024-07-16,42.0,Male,Electronics,Smartwatch,2,3104.05,East,6208.1
396,2024-12-15,29.0,Female,Clothing,Running Shoes,3,888.73,South,2666.19
397,2025-08-01,46.0,Male,Home & Kitchen,Blender,3,1646.46,East,4939.38
398,2025-09-20,48.0,Male,Electronics,Bluetooth Speaker,1,2419.71,South,2419.71
399,2024-05-25,,Female,Electronics,Smartwatch,1,2480.99,West,2480.99
400,2025-01-26,37.0,Female,Beauty,Lipstick Set,1,587.47,North,587.47
401,2025-07-07,33.0,Male,Electronics,Smartwatch,1,2014.58,West,2014.58
402,2025-02-13,35.0,Female,Clothing,Denim Jacket,1,660.9,North,660.9
403,2024-10-28,29.0,Male,Clothing,Formal Shirt,1,1262.11,North,1262.11
404,2024-11-21,27.0,Male,Sports,Cycling Helmet,4,1761.39,Central,7045.56
405,2025-10-22,39.0,Male,Clothing,Formal Shirt,4,1230.7,South,4922.8
406,2025-07-16,26.0,Male,Clothing,Cotton T-Shirt,1,804.1,West,804.1
407,2025-06-05,28.0,Female,Home & Kitchen,Non-stick Pan,1,595.66,South,595.66
408,2024-11-28,31.0,Female,Electronics,Power Bank,1,2771.06,North,2771.06
409,2024-10-16,16.0,Male,Clothing,Denim Jacket,2,870.12,North,1740.24
410,2025-03-20,50.0,Female,Sports,Dumbbell Set,4,1847.24,North,7388.96
411,2025-07-21,39.0,Female,Electronics,Power Bank,1,3148.74,South,3148.74
412,2025-07-27,48.0,Male,Sports,Yoga Mat,2,1782.79,East,3565.58
413,2025-03-09,18.0,Male,Electronics,Wireless Earbuds,2,4260.35,West,8520.7
414,2024-04-10,41.0,Female,Home & Kitchen,Blender,1,572.28,West,572.28
415,2025-06-18,20.0,Female,Clothing,Cotton T-Shirt,1,1128.76,East,1128.76
416,2024-09-28,32.0,Female,Electronics,Smartwatch,1,3521.75,East,3521.75
417,2025-07-08,44.0,Female,Electronics,Bluetooth Speaker,1,2870.22,North,2870.22
418,2024-04-22,16.0,Female,Beauty,Hair Dryer,2,675.24,West,1350.48
419,2024-04-11,36.0,Male,Beauty,Lipstick Set,4,375.46,West,1501.84
420,2024-09-20,43.0,Male,Electronics,Smartwatch,2,3347.65,North,6695.3
421,2024-11-19,16.0,Male,Beauty,Perfume,1,689.47,West,689.47
422,2025-03-11,17.0,Female,Electronics,Laptop Sleeve,3,3436.34,West,10309.02
423,2024-11-26,22.0,Male,Sports,Football,2,1667.6,East,3335.2
424,2025-02-01,35.0,Male,Clothing,Cotton T-Shirt,2,805.15,North,1610.3
425,2024-07-07,51.0,Female,Electronics,Laptop Sleeve,1,3257.41,South,3257.41
426,2024-07-17,41.0,Male,Home & Kitchen,Vacuum Flask,3,905.95,East,2717.85
427,2025-04-09,43.0,Female,Beauty,Lipstick Set,1,631.62,East,631.62
428,2025-05-22,36.0,Female,Electronics,Laptop Sleeve,3,3229.41,West,9688.23
429,2025-07-27,35.0,Male,Electronics,Bluetooth Speaker,3,3127.26,West,9381.78
430,2024-02-29,22.0,Male,Electronics,Bluetooth Speaker,1,2971.3,North,2971.3
431,2025-04-12,29.0,Male,Home & Kitchen,Vacuum Flask,4,697.39,West,2789.56
432,2024-10-28,16.0,Female,Clothing,Formal Shirt,1,800.88,North,800.88
433,2025-09-14,42.0,Male,Clothing,Formal Shirt,1,1104.22,South,1104.22
434,2025-02-05,38.0,Female,Clothing,Winter Hoodie,2,1183.68,East,2367.36
435,2024-05-20,16.0,Male,Home & Kitchen,Blender,2,1315.06,South,2630.12
436,2024-09-23,16.0,Male,Clothing,Running Shoes,1,1101.09,Central,1101.09
437,2025-05-10,53.0,Female,Electronics,Smartwatch,1,2840.26,South,2840.26
438,2024-09-13,48.0,Female,Clothing,Running Shoes,1,427.81,North,427.81
439,2025-06-03,38.0,Female,Beauty,Perfume,2,462.79,West,925.58
440,2024-12-12,37.0,Male,Sports,Football,1,1596.28,Central,1596.28
441,2025-04-21,21.0,Female,Clothing,Running Shoes,1,926.77,East,926.77
442,2024-07-17,34.0,Female,Electronics,Power Bank,2,3917.03,East,7834.06
443,2025-08-03,25.0,Male,Sports,Football,1,1841.84,East,1841.84
444,2025-02-26,42.0,Female,Clothing,Winter Hoodie,4,822.21,North,3288.84
445,2024-01-29,34.0,Female,Beauty,Hair Dryer,2,852.26,West,1704.52
446,2024-05-02,61.0,Male,Electronics,Bluetooth Speaker,1,5024.4,East,5024.4
447,2025-05-03,33.0,Female,Home & Kitchen,Blender,3,1535.15,West,4605.45
448,2024-12-01,35.0,Male,Clothing,Winter Hoodie,1,583.51,Central,583.51
449,2025-09-03,21.0,Male,Home & Kitchen,Blender,3,1583.47,South,4750.41
450,2025-09-07,16.0,Female,Home & Kitchen,Non-stick Pan,4,963.81,West,3855.24
451,2024-08-13,34.0,Female,Electronics,Power Bank,4,2718.08,East,10872.32
452,2025-02-14,28.0,Female,Home & Kitchen,Non-stick Pan,1,1740.59,West,1740.59
453,2025-03-14,25.0,Male,Electronics,Power Bank,4,4214.11,East,16856.44
454,2025-04-11,52.0,Male,Electronics,Laptop Sleeve,1,2655.6,South,2655.6
455,2025-05-14,19.0,Male,Clothing,Winter Hoodie,2,450.04,North,900.08
456,2025-02-28,33.0,Male,Beauty,Perfume,2,833.29,West,1666.58
457,2025-02-23,45.0,Female,Beauty,Hair Dryer,2,359.44,North,718.88
458,2025-06-08,53.0,Male,Beauty,Perfume,1,372.37,North,372.37
459,2025-02-18,21.0,Female,Clothing,Formal Shirt,1,630.78,Central,630.78
460,2024-09-29,33.0,Female,Beauty,Hair Dryer,1,601.28,South,601.28
461,2025-01-17,21.0,Female,Beauty,Perfume,1,686.28,West,686.28
462,2024-06-20,22.0,Female,Electronics,Smartwatch,3,3439.24,West,10317.72
463,2025-03-07,35.0,Female,Clothing,Formal Shirt,1,853.96,West,853.96
464,2025-04-16,39.0,Female,Electronics,Wireless Earbuds,1,3393.84,Central,3393.84
465,2024-12-29,28.0,Male,Electronics,Wireless Earbuds,2,4256.85,West,8513.7
466,2025-06-03,36.0,Male,Beauty,Lipstick Set,2,244.07,Central,488.14
467,2024-02-24,32.0,Female,Clothing,Cotton T-Shirt,1,1122.96,North,1122.96
468,2024-11-08,44.0,Male,Electronics,Smartwatch,1,3973.85,East,3973.85
469,2024-08-09,31.0,Female,Beauty,Hair Dryer,1,551.65,East,551.65
470,2025-05-21,28.0,Male,Home & Kitchen,Blender,2,1434.96,North,2869.92
471,2024-10-05,46.0,Male,Home & Kitchen,Vacuum Flask,1,1192.34,North,1192.34
472,2024-02-29,44.0,Male,Beauty,Hair Dryer,2,833.89,West,1667.78
473,2025-02-08,45.0,Female,Home & Kitchen,Blender,1,986.45,East,986.45
474,2025-02-14,39.0,Male,Sports,Football,2,1567.62,South,3135.24
475,2024-06-19,16.0,Female,Clothing,Cotton T-Shirt,3,768.32,East,2304.96
476,2025-08-19,31.0,Female,Sports,Cycling Helmet,1,1059.0,North,1059.0
477,2025-01-17,16.0,Male,Home & Kitchen,Non-stick Pan,1,875.14,West,875.14
478,2025-10-06,41.0,Female,Clothing,Denim Jacket,1,957.86,North,957.86
479,2024-12-31,18.0,Male,Electronics,Bluetooth Speaker,2,4860.05,East,9720.1
480,2024-11-23,22.0,Female,Sports,Cricket Bat,4,2079.95,North,8319.8
481,2025-06-28,24.0,Male,Beauty,Perfume,1,172.87,Central,172.87
482,2025-02-05,49.0,Male,Sports,Dumbbell Set,3,1577.04,West,4731.12
483,2025-08-06,43.0,Male,Electronics,Laptop Sleeve,4,3124.41,North,12497.64
484,2024-12-22,29.0,Female,Beauty,Perfume,1,662.64,Central,662.64
485,2024-11-01,21.0,Male,Electronics,Smartwatch,1,2732.44,Central,2732.44
486,2025-05-27,25.0,Female,Beauty,Face Serum,2,501.75,North,1003.5
487,2024-07-21,44.0,Male,Home & Kitchen,Table Lamp,2,1978.01,South,3956.02
488,2024-08-16,30.0,Male,Sports,Football,1,2124.68,West,2124.68
489,2025-04-11,21.0,Female,Clothing,Cotton T-Shirt,1,1196.17,North,1196.17
490,2025-09-07,28.0,Male,Clothing,Denim Jacket,1,1091.2,North,1091.2
491,2024-06-11,39.0,Male,Home & Kitchen,Vacuum Flask,1,1693.22,Central,1693.22
492,2024-04-28,51.0,Female,Clothing,Denim Jacket,1,854.97,North,854.97
493,2025-02-07,22.0,Male,Electronics,Bluetooth Speaker,2,3093.12,North,6186.24
494,2025-02-22,30.0,Male,Home & Kitchen,Non-stick Pan,3,1361.46,Central,4084.38
495,2024-11-08,33.0,Male,Clothing,Denim Jacket,1,1061.21,South,1061.21
496,2024-06-04,26.0,Male,Electronics,Wireless Earbuds,1,4104.18,North,4104.18
497,2024-05-28,28.0,Female,Sports,Cricket Bat,2,1708.33,South,3416.66
498,2024-11-02,44.0,Female,Clothing,Formal Shirt,2,919.44,North,1838.88
499,2024-11-25,16.0,Female,Sports,Football,1,1008.57,South,1008.57
500,2025-05-04,16.0,Female,Clothing,Running Shoes,2,885.04,North,1770.08
501,2025-09-23,30.0,Female,Home & Kitchen,Blender,1,1027.84,North,1027.84
502,2025-01-20,40.0,Female,Home & Kitchen,Vacuum Flask,1,1084.7,West,1084.7
503,2024-12-08,36.0,Male,Beauty,Sunscreen,2,589.84,West,1179.68
504,2024-06-19,23.0,Male,Electronics,Laptop Sleeve,3,3507.36,North,10522.08
505,2024-08-27,34.0,Male,Beauty,Perfume,1,654.31,West,654.31
506,2025-05-21,35.0,Female,Clothing,Formal Shirt,2,911.78,Central,1823.56
507,2025-03-13,32.0,Male,Home & Kitchen,Blender,1,1260.04,North,1260.04
508,2024-07-15,24.0,Female,Clothing,Cotton T-Shirt,1,833.08,South,833.08
509,2024-10-11,18.0,Female,Beauty,Face Serum,1,595.35,North,595.35
510,2024-09-06,32.0,Female,Sports,Dumbbell Set,3,1250.23,North,3750.69
511,2025-04-20,33.0,Male,Electronics,Laptop Sleeve,1,4125.53,North,4125.53
512,2025-05-20,50.0,Male,Beauty,Hair Dryer,3,508.74,East,1526.22
513,2025-07-13,41.0,Female,Home & Kitchen,Vacuum Flask,1,1426.49,West,1426.49
514,2024-10-31,59.0,Female,Clothing,Cotton T-Shirt,1,1043.33,East,1043.33
515,2024-05-18,42.0,Male,Home & Kitchen,Vacuum Flask,2,1421.04,West,2842.08
516,2024-12-02,35.0,Male,Sports,Football,1,1585.47,West,1585.47
517,2025-08-20,23.0,Male,Clothing,Running Shoes,1,1136.58,South,1136.58
518,2025-02-26,23.0,Female,Electronics,Smartwatch,1,3012.5,North,3012.5
519,2025-02-11,33.0,Male,Sports,Football,2,1988.64,West,3977.28
520,2025-05-18,21.0,Female,Home & Kitchen,Vacuum Flask,2,1221.79,South,2443.58
521,2024-02-17,29.0,Female,Electronics,Laptop Sleeve,2,1711.17,West,3422.34
522,2024-12-28,16.0,Male,Home & Kitchen,Table Lamp,2,1627.82,North,3255.64
523,2025-02-17,29.0,Female,Electronics,Power Bank,1,3675.6,West,3675.6
524,2025-07-20,41.0,Female,Sports,Dumbbell Set,3,1635.11,West,4905.33
525,2024-05-30,29.0,Female,Home & Kitchen,Vacuum Flask,1,1764.02,East,1764.02
526,2025-08-01,31.0,Female,Beauty,Hair Dryer,1,621.79,Central,621.79
527,2024-06-26,34.0,Male,Beauty,Sunscreen,1,453.26,East,453.26
528,2024-07-08,20.0,Male,Clothing,Winter Hoodie,1,977.51,Central,977.51
529,2025-03-18,32.0,Male,Beauty,Perfume,1,558.76,West,558.76
530,2024-07-30,26.0,Male,Clothing,Running Shoes,1,1373.33,East,1373.33
531,2024-10-30,,Male,Clothing,Running Shoes,1,1065.85,East,1065.85
532,2025-01-17,39.0,Female,Electronics,Bluetooth Speaker,1,3145.71,East,3145.71
533,2025-04-16,20.0,Female,Home & Kitchen,Blender,3,1245.91,Central,3737.73
534,2025-03-14,39.0,Female,Electronics,Laptop Sleeve,1,3287.82,Central,3287.82
535,2024-06-01,42.0,Male,Beauty,Hair Dryer,2,565.34,East,1130.68
536,2025-01-27,37.0,Male,Home & Kitchen,Table Lamp,3,1334.66,Central,4003.98
537,2025-03-24,29.0,Female,Clothing,Formal Shirt,1,1108.92,West,1108.92
538,2024-11-02,26.0,Female,Beauty,Lipstick Set,1,508.43,East,508.43
539,2025-09-06,39.0,Female,Electronics,Smartwatch,2,3185.99,West,6371.98
540,2025-02-10,16.0,Female,Beauty,Hair Dryer,2,594.83,North,1189.66
541,2024-07-16,54.0,Female,Electronics,Wireless Earbuds,2,2340.87,South,4681.74
542,2024-08-13,38.0,Female,Electronics,Wireless Earbuds,4,3601.35,North,14405.4
543,2025-08-24,30.0,Female,Home & Kitchen,Vacuum Flask,4,1866.49,West,7465.96
544,2025-01-31,30.0,Male,Electronics,Wireless Earbuds,4,1874.65,South,7498.6
545,2025-03-07,40.0,Male,Beauty,Face Serum,1,804.13,Central,804.13
546,2024-09-16,29.0,Male,Electronics,Smartwatch,4,2839.46,West,11357.84
547,2024-06-29,29.0,Male,Electronics,Laptop Sleeve,1,3922.95,South,3922.95
548,2024-12-05,39.0,Female,Electronics,Wireless Earbuds,2,3460.46,South,6920.92
549,2025-04-18,32.0,Male,Clothing,Denim Jacket,2,1130.8,South,2261.6
550,2024-03-04,22.0,Female,Electronics,Smartwatch,1,3963.54,North,3963.54
551,2025-11-06,32.0,Female,Home & Kitchen,Non-stick Pan,2,2111.82,East,4223.64
552,2024-09-03,31.0,Male,Home & Kitchen,Blender,1,1182.38,South,1182.38
553,2025-07-17,60.0,Male,Sports,Cricket Bat,2,1395.94,West,2791.88
554,2025-07-03,35.0,Female,Home & Kitchen,Blender,2,1605.13,West,3210.26
555,2024-09-28,29.0,Male,Home & Kitchen,Blender,2,727.61,West,1455.22
556,2024-10-24,35.0,Male,Clothing,Winter Hoodie,1,1441.2,East,1441.2
557,2025-06-25,24.0,Female,Beauty,Hair Dryer,1,693.54,East,693.54
558,2025-06-01,25.0,Male,Electronics,Bluetooth Speaker,1,2659.93,East,2659.93
559,2025-02-08,48.0,Male,Clothing,Cotton T-Shirt,4,1183.34,West,4733.36
560,2025-05-31,20.0,Female,Sports,Cricket Bat,1,1889.65,South,1889.65
561,2024-11-21,29.0,Male,Home & Kitchen,Blender,2,993.61,South,1987.22
562,2025-01-20,26.0,Male,Clothing,Cotton T-Shirt,2,825.48,East,1650.96
563,2025-08-30,18.0,Male,Beauty,Face Serum,1,530.08,North,530.08
564,2024-06-20,33.0,Male,Electronics,Laptop Sleeve,1,3493.32,North,3493.32
565,2025-08-23,38.0,Female,Clothing,Winter Hoodie,1,1082.83,West,1082.83
566,2024-12-25,39.0,Male,Sports,Dumbbell Set,1,1687.12,North,1687.12
567,2024-06-20,58.0,Female,Electronics,Wireless Earbuds,2,3153.85,East,6307.7
568,2025-05-19,44.0,Male,Electronics,Power Bank,1,3931.95,Central,3931.95
569,2024-03-19,36.0,Male,Electronics,Bluetooth Speaker,1,4115.64,South,4115.64
570,2025-06-12,34.0,Male,Electronics,Laptop Sleeve,1,2648.07,North,2648.07
571,2025-01-06,29.0,Female,Clothing,Running Shoes,2,987.21,East,1974.42
572,2025-02-25,41.0,Male,Electronics,Power Bank,2,3631.05,East,7262.1
573,2024-07-12,19.0,Female,Sports,Cycling Helmet,4,994.99,North,3979.96
574,2024-04-22,19.0,Female,Electronics,Wireless Earbuds,2,3384.4,West,6768.8
575,2025-04-14,24.0,Female,Electronics,Power Bank,4,2882.14,South,11528.56
576,2025-01-09,46.0,Male,Sports,Yoga Mat,1,1065.52,Central,1065.52
577,2024-10-09,33.0,Female,Electronics,Wireless Earbuds,1,3971.13,North,3971.13
578,2024-12-19,37.0,Female,Clothing,Denim Jacket,1,1049.41,South,1049.41
579,2024-11-11,34.0,Female,Sports,Cricket Bat,2,1228.19,Central,2456.38
580,2025-03-26,49.0,Male,Electronics,Power Bank,2,3980.83,North,7961.66
581,2025-03-27,45.0,Female,Clothing,Running Shoes,1,760.27,East,760.27
582,2024-08-25,52.0,Male,Electronics,Wireless Earbuds,1,3064.12,North,3064.12
583,2025-01-16,38.0,Male,Beauty,Hair Dryer,1,671.8,North,671.8
584,2024-07-19,38.0,Male,Beauty,Face Serum,2,809.32,North,1618.64
585,2025-08-14,16.0,Male,Clothing,Winter Hoodie,3,800.31,North,2400.93
586,2024-06-14,16.0,Female,Electronics,Power Bank,3,2358.6,West,7075.8
587,2025-04-27,26.0,Male,Electronics,Wireless Earbuds,1,2603.25,West,2603.25
588,2025-07-24,32.0,Female,Electronics,Bluetooth Speaker,2,2617.97,East,5235.94
589,2024-04-12,42.0,Male,Electronics,Smartwatch,1,2791.9,East,2791.9
590,2024-12-22,32.0,Female,Home & Kitchen,Storage Rack,2,1219.73,South,2439.46
591,2024-06-23,56.0,Female,Clothing,Denim Jacket,3,887.36,North,2662.08
592,2025-01-12,41.0,Male,Home & Kitchen,Table Lamp,1,1369.98,Central,1369.98
593,2024-06-07,47.0,Male,Sports,Dumbbell Set,1,1310.41,North,1310.41
594,2025-08-18,38.0,Male,Electronics,Power Bank,1,3151.6,Central,3151.6
595,2025-03-08,32.0,Female,Clothing,Winter Hoodie,1,892.07,North,892.07
596,2024-09-06,44.0,Female,Beauty,Sunscreen,1,612.62,North,612.62
597,2024-11-24,32.0,Female,Electronics,Bluetooth Speaker,1,4572.73,West,4572.73
598,2024-11-03,49.0,Female,Home & Kitchen,Vacuum Flask,1,1908.94,East,1908.94
599,2024-04-28,35.0,Female,Electronics,Power Bank,2,1592.21,South,3184.42
600,2024-08-19,28.0,Male,Beauty,Lipstick Set,2,711.3,Central,1422.6
601,2025-08-18,41.0,Female,Beauty,Hair Dryer,4,535.41,South,2141.64
602,2025-10-07,27.0,Female,Clothing,Formal Shirt,1,846.4,North,846.4
603,2025-05-05,30.0,Female,Beauty,Face Serum,2,495.43,North,990.86
604,2025-06-16,25.0,Female,Sports,Cycling Helmet,1,1385.78,North,1385.78
605,2025-02-11,46.0,Female,Home & Kitchen,Table Lamp,1,1451.17,South,1451.17
606,2024-10-13,37.0,Female,Home & Kitchen,Non-stick Pan,1,1740.8,East,1740.8
607,2024-03-22,29.0,Female,Beauty,Sunscreen,3,714.12,Central,2142.36
608,2025-11-02,29.0,Male,Electronics,Smartwatch,2,1901.01,West,3802.02
609,2025-05-12,37.0,Male,Electronics,Laptop Sleeve,1,3281.4,East,3281.4
610,2025-03-18,23.0,Male,Sports,Cycling Helmet,1,1735.34,East,1735.34
611,2024-10-08,31.0,Female,Home & Kitchen,Non-stick Pan,1,605.68,North,605.68
612,2025-10-03,28.0,Male,Clothing,Winter Hoodie,2,358.96,East,717.92
613,2024-10-29,33.0,Male,Beauty,Hair Dryer,2,751.8,East,1503.6
614,2025-05-28,24.0,Female,Clothing,Formal Shirt,1,989.55,North,989.55
615,2024-09-21,34.0,Male,Electronics,Laptop Sleeve,2,3742.99,West,7485.98
616,2025-02-20,39.0,Female,Clothing,Formal Shirt,2,721.79,West,1443.58
617,2025-12-12,31.0,Male,Electronics,Power Bank,1,5362.42,Central,5362.42
618,2025-07-13,26.0,Female,Home & Kitchen,Storage Rack,1,939.39,West,939.39
619,2024-09-18,33.0,Female,Clothing,Cotton T-Shirt,3,944.61,North,2833.83
620,2025-01-21,17.0,Male,Electronics,Power Bank,2,3944.3,East,7888.6
621,2025-08-17,16.0,Male,Clothing,Running Shoes,2,595.29,West,1190.58
622,2024-08-03,31.0,Female,Clothing,Cotton T-Shirt,2,634.41,North,1268.82
623,2024-11-22,37.0,Female,Home & Kitchen,Non-stick Pan,1,1533.37,Central,1533.37
624,2025-06-23,23.0,Female,Electronics,Power Bank,2,4216.85,South,8433.7
625,2025-01-30,28.0,Female,Home & Kitchen,Table Lamp,1,1303.56,Central,1303.56
626,2024-10-06,35.0,Female,Clothing,Denim Jacket,2,972.09,West,1944.18
627,2024-01-25,45.0,Male,Clothing,Formal Shirt,1,913.91,North,913.91
628,2025-09-24,35.0,Male,Clothing,Formal Shirt,2,921.72,South,1843.44
629,2025-08-30,16.0,Female,Home & Kitchen,Blender,4,1460.01,South,5840.04
630,2024-09-27,38.0,Male,Beauty,Lipstick Set,4,841.91,South,3367.64
631,2025-09-02,43.0,Male,Beauty,Hair Dryer,4,761.13,West,3044.52
632,2025-01-17,46.0,Male,Clothing,Formal Shirt,2,807.23,South,1614.46
633,2024-06-04,36.0,Female,Electronics,Bluetooth Speaker,1,2502.79,East,2502.79
634,2024-03-27,42.0,Female,Sports,Yoga Mat,1,1841.19,North,1841.19
635,2025-02-09,40.0,Female,Beauty,Perfume,2,918.66,West,1837.32
636,2024-12-04,28.0,Female,Home & Kitchen,Vacuum Flask,1,1610.71,East,1610.71
637,2025-01-29,20.0,Male,Sports,Cycling Helmet,1,1975.49,East,1975.49
638,2024-12-31,42.0,Female,Sports,Dumbbell Set,3,967.27,West,2901.81
639,2024-10-02,37.0,Female,Clothing,Winter Hoodie,1,800.1,South,800.1
640,2025-05-10,34.0,Female,Home & Kitchen,Storage Rack,1,1752.83,Central,1752.83
641,2024-09-19,29.0,Male,Sports,Dumbbell Set,1,946.43,West,946.43
642,2025-08-06,37.0,Female,Clothing,Winter Hoodie,3,1260.3,North,3780.9
643,2025-02-24,20.0,Male,Electronics,Laptop Sleeve,1,4106.67,West,4106.67
644,2025-08-07,40.0,Female,Beauty,Perfume,1,1079.33,Central,1079.33
645,2025-08-03,28.0,Female,Electronics,Smartwatch,1,2582.58,West,2582.58
646,2024-09-04,25.0,Male,Home & Kitchen,Storage Rack,2,1997.57,South,3995.14
647,2025-03-22,31.0,Male,Sports,Cycling Helmet,1,1596.32,North,1596.32
648,2025-10-10,23.0,Male,Clothing,Winter Hoodie,2,1038.71,South,2077.42
649,2025-09-01,38.0,Male,Electronics,Laptop Sleeve,1,3109.88,Central,3109.88
650,2025-08-14,45.0,Male,Home & Kitchen,Blender,1,1086.63,East,1086.63
651,2025-05-24,41.0,Female,Electronics,Power Bank,1,4703.08,East,4703.08
652,2025-09-06,31.0,Female,Home & Kitchen,Vacuum Flask,1,1111.85,East,1111.85
653,2025-03-31,51.0,Female,Beauty,Face Serum,2,585.51,West,1171.02
654,2024-07-15,48.0,Male,Clothing,Winter Hoodie,1,1474.68,Central,1474.68
655,2025-01-03,23.0,Female,Electronics,Power Bank,2,2687.24,South,5374.48
656,2024-05-26,35.0,Male,Clothing,Running Shoes,1,731.97,South,731.97
657,2025-05-21,36.0,Male,Clothing,Cotton T-Shirt,1,641.05,East,641.05
658,2025-04-22,26.0,Male,Home & Kitchen,Table Lamp,2,1934.6,West,3869.2
659,2024-11-03,21.0,Female,Home & Kitchen,Table Lamp,3,1106.06,South,3318.18
660,2025-03-28,59.0,Female,Home & Kitchen,Table Lamp,1,1016.0,South,1016.0
661,2025-08-19,53.0,Male,Home & Kitchen,Storage Rack,2,1481.93,Central,2963.86
662,2025-02-01,33.0,Male,Clothing,Denim Jacket,3,1275.4,Central,3826.2
663,2025-07-26,43.0,Male,Home & Kitchen,Table Lamp,1,1964.35,West,1964.35
664,2024-07-06,53.0,Female,Home & Kitchen,Table Lamp,1,1008.43,North,1008.43
665,2024-11-14,36.0,Male,Electronics,Smartwatch,1,3419.79,Central,3419.79
666,2024-04-01,49.0,Female,Electronics,Wireless Earbuds,1,3441.5,North,3441.5
667,2024-12-06,45.0,Female,Clothing,Winter Hoodie,1,1258.9,Central,1258.9
668,2025-05-16,29.0,Male,Sports,Cricket Bat,1,1896.73,North,1896.73
669,2025-02-09,31.0,Male,Clothing,Cotton T-Shirt,1,867.65,North,867.65
670,2025-08-10,31.0,Female,Electronics,Laptop Sleeve,2,3759.05,West,7518.1
671,2025-08-28,43.0,Male,Home & Kitchen,Vacuum Flask,1,1277.75,West,1277.75
672,2025-01-16,36.0,Male,Home & Kitchen,Vacuum Flask,3,1095.46,West,3286.38
673,2024-06-06,44.0,Female,Beauty,Sunscreen,2,766.41,West,1532.82
674,2025-04-19,16.0,Female,Beauty,Perfume,2,762.29,Central,1524.58
675,2025-07-23,29.0,Male,Sports,Cricket Bat,4,1971.9,West,7887.6
676,2025-07-22,29.0,Male,Electronics,Power Bank,2,3067.94,South,6135.88
677,2025-06-16,41.0,Male,Clothing,Winter Hoodie,4,708.71,South,2834.84
678,2024-07-02,16.0,Female,Electronics,Wireless Earbuds,2,3605.14,South,7210.28
679,2025-06-02,29.0,Male,Electronics,Wireless Earbuds,1,3964.3,South,3964.3
680,2024-11-19,56.0,Female,Electronics,Laptop Sleeve,1,3257.8,Central,3257.8
681,2024-11-23,33.0,Male,Clothing,Running Shoes,2,1054.18,Central,2108.36
682,2025-09-19,43.0,Male,Home & Kitchen,Storage Rack,1,1683.24,West,1683.24
683,2024-02-05,29.0,Male,Clothing,Formal Shirt,1,1141.7,East,1141.7
684,2024-12-25,39.0,Male,Home & Kitchen,Table Lamp,1,1161.94,South,1161.94
685,2024-11-28,42.0,Female,Home & Kitchen,Vacuum Flask,1,2058.17,East,2058.17
686,2025-08-26,39.0,Female,Beauty,Face Serum,1,625.64,East,625.64
687,2024-12-15,18.0,Male,Clothing,Winter Hoodie,1,1121.29,South,1121.29
688,2025-03-01,52.0,Female,Electronics,Wireless Earbuds,2,2851.14,West,5702.28
689,2024-10-10,32.0,Male,Electronics,Wireless Earbuds,1,2294.75,North,2294.75
690,2025-03-13,28.0,Male,Beauty,Perfume,2,873.18,North,1746.36
691,2024-07-05,38.0,Male,Home & Kitchen,Table Lamp,1,2274.45,East,2274.45
692,2025-01-14,22.0,Female,Beauty,Perfume,1,443.57,North,443.57
693,2025-09-10,29.0,Male,Clothing,Winter Hoodie,4,1106.32,East,4425.28
694,2025-03-17,25.0,Male,Clothing,Winter Hoodie,2,1288.35,East,2576.7
695,2025-09-10,43.0,Female,Home & Kitchen,Blender,1,905.27,East,905.27
696,2025-03-27,47.0,Female,Electronics,Laptop Sleeve,1,1819.31,Central,1819.31
697,2025-04-23,28.0,Male,Home & Kitchen,Blender,1,1687.1,East,1687.1
698,2024-08-17,28.0,Female,Clothing,Cotton T-Shirt,1,1104.93,West,1104.93
699,2024-03-26,49.0,Male,Electronics,Laptop Sleeve,3,3007.23,Central,9021.69
700,2025-05-22,39.0,Female,Clothing,Cotton T-Shirt,1,1013.64,East,1013.64
701,2025-03-29,29.0,Male,Beauty,Hair Dryer,3,657.29,East,1971.87
702,2025-03-05,50.0,Female,Beauty,Face Serum,1,693.74,South,693.74
703,2024-12-03,54.0,Female,Electronics,Smartwatch,2,2422.89,South,4845.78
704,2024-12-31,42.0,Female,Clothing,Formal Shirt,1,1178.59,East,1178.59
705,2025-04-16,42.0,Female,Clothing,Winter Hoodie,1,920.69,Central,920.69
706,2025-03-07,26.0,Female,Clothing,Running Shoes,1,680.41,South,680.41
707,2024-11-12,47.0,Female,Electronics,Smartwatch,1,1805.01,North,1805.01
708,2025-03-08,41.0,Male,Beauty,Perfume,2,597.21,West,1194.42
709,2025-08-12,43.0,Female,Clothing,Denim Jacket,1,1100.45,East,1100.45
710,2025-01-28,26.0,Male,Home & Kitchen,Vacuum Flask,1,452.36,North,452.36
711,2024-04-13,23.0,Male,Sports,Cycling Helmet,1,1648.19,South,1648.19
712,2025-08-24,32.0,Female,Electronics,Laptop Sleeve,3,3265.08,North,9795.24
713,2024-06-26,47.0,Female,Sports,Football,3,2028.34,North,6085.02
714,2025-05-24,31.0,Female,Clothing,Formal Shirt,1,1188.51,South,1188.51
715,2025-01-10,33.0,Female,Clothing,Formal Shirt,1,889.33,West,889.33
716,2024-06-03,43.0,Female,Home & Kitchen,Vacuum Flask,1,756.59,North,756.59
717,2025-07-20,22.0,Male,Sports,Football,1,2078.87,West,2078.87
718,2025-08-14,33.0,Female,Electronics,Power Bank,2,3503.96,Central,7007.92
719,2025-05-13,24.0,Female,Sports,Cricket Bat,1,1840.69,South,1840.69
720,2024-07-30,37.0,Female,Electronics,Bluetooth Speaker,1,3492.61,West,3492.61
721,2024-08-27,31.0,Male,Beauty,Hair Dryer,3,826.75,North,2480.25
722,2024-10-25,42.0,Female,Clothing,Cotton T-Shirt,2,667.61,South,1335.22
723,2024-07-07,58.0,Male,Sports,Yoga Mat,2,1930.89,West,3861.78
724,2025-01-16,44.0,Female,Home & Kitchen,Table Lamp,3,1307.04,South,3921.12
725,2024-05-21,46.0,Male,Electronics,Laptop Sleeve,2,3642.4,South,7284.8
726,2024-12-19,47.0,Female,Electronics,Wireless Earbuds,1,3033.17,East,3033.17
727,2025-09-23,16.0,Male,Electronics,Wireless Earbuds,3,3342.82,East,10028.46
728,2024-04-13,34.0,Female,Home & Kitchen,Blender,1,1040.56,North,1040.56
729,2024-06-11,51.0,Male,Electronics,Bluetooth Speaker,4,2340.64,West,9362.56
730,2025-02-10,40.0,Female,Clothing,Cotton T-Shirt,2,395.67,Central,791.34
731,2025-07-30,55.0,Female,Sports,Cricket Bat,1,1959.4,East,1959.4
732,2025-01-16,21.0,Female,Clothing,Formal Shirt,2,966.02,East,1932.04
733,2025-07-19,25.0,Female,Electronics,Bluetooth Speaker,1,3344.24,South,3344.24
734,2025-03-24,40.0,Female,Clothing,Cotton T-Shirt,2,768.21,West,1536.42
735,2025-03-15,56.0,Female,Clothing,Running Shoes,1,1015.55,North,1015.55
736,2025-04-09,37.0,Male,Beauty,Face Serum,1,950.12,North,950.12
737,2025-07-12,33.0,Male,Electronics,Power Bank,1,2934.01,North,2934.01
738,2025-06-07,34.0,Male,Electronics,Bluetooth Speaker,1,2336.07,West,2336.07
739,2025-07-12,34.0,Female,Electronics,Power Bank,1,2228.67,East,2228.67
740,2025-02-06,31.0,Female,Electronics,Power Bank,2,2689.36,North,5378.72
741,2024-09-07,28.0,Male,Electronics,Bluetooth Speaker,2,3343.63,West,6687.26
742,2025-03-17,30.0,Male,Home & Kitchen,Vacuum Flask,3,1574.61,West,4723.83
743,2025-04-24,33.0,Male,Sports,Dumbbell Set,3,1649.09,East,4947.27
744,2025-01-04,16.0,Female,Electronics,Smartwatch,2,4448.2,South,8896.4
745,2024-12-18,29.0,Female,Sports,Cycling Helmet,1,1763.77,Central,1763.77
746,2025-01-19,28.0,Female,Sports,Football,1,1907.61,East,1907.61
747,2024-09-21,23.0,Male,Electronics,Wireless Earbuds,1,2838.75,South,2838.75
748,2024-09-01,38.0,Male,Home & Kitchen,Vacuum Flask,2,1291.83,East,2583.66
749,2025-11-23,37.0,Female,Clothing,Winter Hoodie,2,871.13,East,1742.26
750,2025-04-28,29.0,Male,Electronics,Power Bank,1,3494.31,West,3494.31
751,2024-06-15,39.0,Male,Clothing,Winter Hoodie,4,851.7,West,3406.8
752,2024-05-08,27.0,Female,Electronics,Laptop Sleeve,1,2859.1,West,2859.1
753,2024-09-17,36.0,Male,Sports,Yoga Mat,1,1839.02,North,1839.02
754,2024-04-19,42.0,Male,Clothing,Denim Jacket,1,1201.49,East,1201.49
755,2025-02-16,30.0,Male,Clothing,Running Shoes,1,1245.32,East,1245.32
756,2024-04-08,43.0,Female,Electronics,Wireless Earbuds,1,3265.93,East,3265.93
757,2025-10-05,20.0,Female,Clothing,Denim Jacket,1,1097.17,East,1097.17
758,2024-11-05,38.0,Male,Clothing,Cotton T-Shirt,1,958.19,East,958.19
759,2024-05-26,32.0,Female,Clothing,Denim Jacket,1,692.41,East,692.41
760,2025-06-06,40.0,Female,Sports,Dumbbell Set,1,1532.94,West,1532.94
761,2025-02-12,23.0,Female,Beauty,Lipstick Set,1,749.4,West,749.4
762,2025-05-18,46.0,Male,Beauty,Sunscreen,1,757.32,North,757.32
763,2024-09-19,44.0,Male,Clothing,Formal Shirt,1,844.6,East,844.6
764,2025-08-01,40.0,Female,Sports,Football,1,1632.57,East,1632.57
765,2024-04-26,60.0,Female,Clothing,Winter Hoodie,1,1363.18,Central,1363.18
766,2024-06-22,40.0,Female,Sports,Dumbbell Set,3,1524.78,Central,4574.34
767,2025-11-20,20.0,Female,Electronics,Power Bank,2,3325.46,East,6650.92
768,2025-09-18,39.0,Male,Clothing,Cotton T-Shirt,1,1389.99,West,1389.99
769,2024-09-05,47.0,Male,Beauty,Sunscreen,3,825.29,Central,2475.87
770,2025-07-20,49.0,Female,Beauty,Face Serum,1,590.86,East,590.86
771,2025-11-29,45.0,Female,Sports,Cycling Helmet,2,1011.55,North,2023.1
772,2024-08-08,39.0,Female,Sports,Yoga Mat,1,1041.37,North,1041.37
773,2024-04-23,34.0,Female,Clothing,Cotton T-Shirt,4,662.67,West,2650.68
774,2024-05-08,42.0,Female,Home & Kitchen,Vacuum Flask,1,1997.22,East,1997.22
775,2024-06-17,22.0,Female,Clothing,Formal Shirt,2,896.37,East,1792.74
776,2025-08-09,21.0,Male,Beauty,Hair Dryer,1,838.49,East,838.49
777,2025-01-28,45.0,Male,Electronics,Laptop Sleeve,1,3147.61,South,3147.61
778,2024-06-15,39.0,Female,Electronics,Wireless Earbuds,1,2602.98,East,2602.98
779,2024-08-25,23.0,Male,Sports,Dumbbell Set,1,821.39,East,821.39
780,2025-04-02,47.0,Male,Electronics,Laptop Sleeve,3,3559.06,West,10677.18
781,2025-01-21,28.0,Female,Beauty,Perfume,3,605.9,West,1817.7
782,2025-06-11,,Female,Clothing,Formal Shirt,1,749.15,East,749.15
783,2025-06-18,60.0,Female,Sports,Cycling Helmet,1,1590.63,East,1590.63
784,2025-03-29,28.0,Male,Electronics,Smartwatch,2,4582.37,North,9164.74
785,2025-04-04,27.0,Male,Home & Kitchen,Vacuum Flask,3,587.38,East,1762.14
786,2025-03-05,39.0,Male,Sports,Yoga Mat,3,1812.67,Central,5438.01
787,2025-06-14,39.0,Male,Home & Kitchen,Table Lamp,1,1590.34,East,1590.34
788,2025-01-10,16.0,Male,Clothing,Cotton T-Shirt,3,1109.54,East,3328.62
789,2024-03-28,25.0,Male,Sports,Cricket Bat,2,1699.33,West,3398.66
790,2024-10-29,28.0,Male,Home & Kitchen,Storage Rack,2,1097.25,South,2194.5
791,2024-08-10,30.0,Female,Home & Kitchen,Vacuum Flask,1,1621.1,West,1621.1
792,2025-08-21,48.0,Female,Electronics,Laptop Sleeve,3,3272.59,South,9817.77
793,2024-09-12,21.0,Male,Home & Kitchen,Storage Rack,1,928.2,West,928.2
794,2024-06-15,27.0,Male,Electronics,Smartwatch,1,2778.61,East,2778.61
795,2025-04-29,43.0,Female,Electronics,Smartwatch,2,2787.92,South,5575.84
796,2024-05-21,36.0,Male,Electronics,Bluetooth Speaker,3,2698.06,North,8094.18
797,2025-04-27,29.0,Male,Electronics,Power Bank,2,2901.81,Central,5803.62
798,2024-01-03,35.0,Male,Electronics,Laptop Sleeve,1,3250.88,Central,3250.88
799,2025-04-28,16.0,Male,Electronics,Bluetooth Speaker,2,3574.83,East,7149.66
800,2025-06-10,48.0,Female,Sports,Cricket Bat,1,729.22,North,729.22
801,2024-03-29,20.0,Male,Electronics,Smartwatch,1,2485.65,South,2485.65
802,2025-09-03,37.0,Male,Clothing,Cotton T-Shirt,3,523.25,South,1569.75
803,2024-10-04,37.0,Male,Sports,Cycling Helmet,2,1207.68,South,2415.36
804,2025-07-26,48.0,Female,Home & Kitchen,Blender,1,1027.38,North,1027.38
805,2025-01-30,20.0,Male,Electronics,Smartwatch,1,2913.28,West,2913.28
806,2024-07-28,18.0,Male,Clothing,Cotton T-Shirt,1,816.54,West,816.54
807,2025-03-12,21.0,Female,Electronics,Bluetooth Speaker,1,2835.96,Central,2835.96
808,2024-03-07,26.0,Male,Beauty,Lipstick Set,1,432.77,East,432.77
809,2024-04-18,42.0,Female,Sports,Cricket Bat,3,1673.86,West,5021.58
810,2025-05-21,68.0,Female,Electronics,Bluetooth Speaker,3,4074.95,East,12224.85
811,2025-05-11,31.0,Male,Home & Kitchen,Blender,1,1748.04,East,1748.04
812,2025-01-30,21.0,Female,Electronics,Bluetooth Speaker,1,2931.37,Central,2931.37
813,2025-10-29,56.0,Male,Electronics,Power Bank,3,1701.6,South,5104.8
814,2024-11-23,32.0,Female,Clothing,Cotton T-Shirt,2,984.04,North,1968.08
815,2025-08-08,46.0,Male,Clothing,Denim Jacket,1,949.98,North,949.98
816,2024-09-22,44.0,Male,Home & Kitchen,Blender,1,1118.07,Central,1118.07
817,2025-05-07,43.0,Male,Beauty,Face Serum,3,474.07,West,1422.21
818,2025-04-21,31.0,Male,Clothing,Denim Jacket,2,1160.75,East,2321.5
819,2025-04-14,,Female,Beauty,Sunscreen,2,626.64,South,1253.28
820,2025-03-22,48.0,Male,Beauty,Perfume,1,542.75,East,542.75
821,2024-11-18,47.0,Male,Sports,Cycling Helmet,1,1383.12,North,1383.12
822,2025-04-01,30.0,Female,Electronics,Power Bank,1,2922.73,East,2922.73
823,2024-11-21,28.0,Female,Beauty,Lipstick Set,1,611.23,West,611.23
824,2024-12-07,18.0,Female,Electronics,Bluetooth Speaker,2,3177.33,East,6354.66
825,2024-03-29,38.0,Female,Home & Kitchen,Non-stick Pan,4,1298.35,West,5193.4
826,2025-07-01,26.0,Male,Sports,Dumbbell Set,3,1686.09,North,5058.27
827,2025-04-19,41.0,Male,Sports,Dumbbell Set,1,836.21,West,836.21
828,2024-11-06,41.0,Female,Home & Kitchen,Non-stick Pan,1,1153.71,East,1153.71
829,2025-09-04,32.0,Male,Electronics,Power Bank,2,3661.66,West,7323.32
830,2025-08-07,42.0,Female,Sports,Football,4,1852.37,Central,7409.48
831,2025-01-23,30.0,Male,Home & Kitchen,Blender,3,1780.09,North,5340.27
832,2025-05-04,39.0,Female,Electronics,Wireless Earbuds,1,3081.33,South,3081.33
833,2025-01-12,30.0,Male,Home & Kitchen,Non-stick Pan,1,1323.11,South,1323.11
834,2025-02-19,24.0,Male,Electronics,Wireless Earbuds,1,2399.5,South,2399.5
835,2025-03-19,27.0,Female,Clothing,Cotton T-Shirt,2,504.71,West,1009.42
836,2024-11-24,39.0,Male,Beauty,Hair Dryer,1,927.71,West,927.71
837,2025-04-22,27.0,Male,Electronics,Smartwatch,3,1323.6,East,3970.8
838,2024-04-12,31.0,Male,Electronics,Power Bank,1,4820.77,North,4820.77
839,2025-06-14,40.0,Male,Home & Kitchen,Non-stick Pan,3,1353.81,South,4061.43
840,2024-12-15,32.0,Female,Clothing,Formal Shirt,4,827.27,West,3309.08
841,2025-03-04,38.0,Female,Home & Kitchen,Table Lamp,1,1432.71,Central,1432.71
842,2025-10-10,37.0,Female,Home & Kitchen,Blender,1,1424.13,Central,1424.13
843,2025-05-01,19.0,Male,Electronics,Laptop Sleeve,2,2798.52,West,5597.04
844,2025-04-12,50.0,Female,Sports,Cycling Helmet,1,1939.83,South,1939.83
845,2024-06-12,37.0,Female,Electronics,Power Bank,1,3865.29,West,3865.29
846,2025-07-08,34.0,Female,Sports,Dumbbell Set,1,1338.53,West,1338.53
847,2025-06-05,,Female,Clothing,Denim Jacket,1,1124.63,South,1124.63
848,2024-10-04,19.0,Female,Home & Kitchen,Non-stick Pan,1,794.96,South,794.96
849,2025-01-15,23.0,Male,Home & Kitchen,Table Lamp,2,1143.48,North,2286.96
850,2024-11-14,47.0,Female,Home & Kitchen,Vacuum Flask,3,1603.2,West,4809.6
851,2025-01-01,28.0,Male,Sports,Yoga Mat,3,1175.05,South,3525.15
852,2024-08-28,30.0,Female,Sports,Cycling Helmet,1,1828.19,South,1828.19
853,2025-10-31,32.0,Female,Clothing,Winter Hoodie,1,1013.3,West,1013.3
854,2024-11-30,29.0,Male,Clothing,Running Shoes,3,1350.22,East,4050.66
855,2025-02-26,30.0,Male,Clothing,Running Shoes,2,1306.71,South,2613.42
856,2025-11-03,27.0,Male,Home & Kitchen,Storage Rack,1,1288.58,West,1288.58
857,2025-01-17,24.0,Male,Sports,Cricket Bat,1,967.72,West,967.72
858,2024-09-27,17.0,Female,Electronics,Laptop Sleeve,2,2406.78,North,4813.56
859,2025-06-27,16.0,Male,Home & Kitchen,Table Lamp,2,2187.29,East,4374.58
860,2024-03-17,37.0,Male,Home & Kitchen,Table Lamp,3,1548.71,East,4646.13
861,2025-05-11,32.0,Male,Clothing,Denim Jacket,2,1106.85,East,2213.7
862,2025-01-31,28.0,Female,Clothing,Running Shoes,2,913.12,East,1826.24
863,2025-09-10,20.0,Female,Beauty,Lipstick Set,1,364.51,West,364.51
864,2024-07-04,37.0,Female,Electronics,Wireless Earbuds,1,3841.81,South,3841.81
865,2024-06-15,18.0,Male,Beauty,Sunscreen,3,513.99,West,1541.97
866,2025-03-04,54.0,Male,Electronics,Smartwatch,1,3424.95,South,3424.95
867,2025-05-17,45.0,Female,Beauty,Perfume,1,530.7,East,530.7
868,2025-04-16,47.0,Female,Electronics,Bluetooth Speaker,4,1933.83,Central,7735.32
869,2025-03-15,45.0,Female,Electronics,Bluetooth Speaker,1,2482.2,West,2482.2
870,2024-03-09,16.0,Female,Electronics,Smartwatch,2,2850.75,East,5701.5
871,2025-07-24,25.0,Male,Clothing,Running Shoes,2,985.76,North,1971.52
872,2024-09-14,52.0,Female,Beauty,Perfume,1,655.95,East,655.95
873,2024-11-22,48.0,Male,Clothing,Denim Jacket,1,1015.1,North,1015.1
874,2024-11-07,57.0,Male,Sports,Football,1,1817.95,East,1817.95
875,2025-01-11,,Male,Beauty,Perfume,1,608.52,West,608.52
876,2025-02-12,47.0,Male,Clothing,Cotton T-Shirt,1,592.35,South,592.35
877,2024-05-16,48.0,Male,Electronics,Wireless Earbuds,4,3060.9,South,12243.6
878,2025-09-08,35.0,Male,Electronics,Wireless Earbuds,1,3466.68,North,3466.68
879,2025-03-20,40.0,Female,Electronics,Bluetooth Speaker,1,2988.42,Central,2988.42
880,2025-02-01,45.0,Male,Beauty,Face Serum,3,410.04,North,1230.12
881,2024-04-27,39.0,Male,Electronics,Laptop Sleeve,1,4254.89,North,4254.89
882,2024-12-11,27.0,Male,Home & Kitchen,Storage Rack,1,1665.66,West,1665.66
883,2025-08-23,38.0,Female,Beauty,Face Serum,2,970.79,East,1941.58
884,2024-08-02,36.0,Male,Clothing,Cotton T-Shirt,1,1215.2,South,1215.2
885,2024-11-01,41.0,Female,Beauty,Perfume,1,885.37,Central,885.37
886,2024-08-05,52.0,Female,Clothing,Formal Shirt,1,1379.31,East,1379.31
887,2025-02-26,41.0,Female,Electronics,Bluetooth Speaker,1,3227.05,East,3227.05
888,2024-10-21,31.0,Female,Home & Kitchen,Vacuum Flask,1,1653.25,Central,1653.25
889,2025-05-03,33.0,Male,Sports,Football,2,1103.79,South,2207.58
890,2024-03-07,44.0,Male,Sports,Football,2,2477.38,East,4954.76
891,2024-10-18,20.0,Female,Electronics,Bluetooth Speaker,1,4054.56,South,4054.56
892,2025-03-01,42.0,Female,Sports,Cycling Helmet,1,1517.66,West,1517.66
893,2024-08-01,38.0,Male,Beauty,Sunscreen,1,710.18,West,710.18
894,2024-12-22,38.0,Female,Beauty,Hair Dryer,1,807.41,West,807.41
895,2025-01-01,39.0,Female,Home & Kitchen,Vacuum Flask,2,939.09,East,1878.18
896,2025-06-25,27.0,Male,Beauty,Hair Dryer,1,697.96,West,697.96
897,2024-09-29,31.0,Male,Sports,Football,1,1822.2,West,1822.2
898,2024-07-29,53.0,Male,Clothing,Winter Hoodie,4,909.15,North,3636.6
899,2025-01-01,28.0,Female,Clothing,Denim Jacket,1,809.24,South,809.24
900,2025-06-14,21.0,Female,Beauty,Lipstick Set,1,548.46,Central,548.46
901,2025-03-09,34.0,Male,Home & Kitchen,Blender,2,2008.9,West,4017.8
902,2025-07-22,26.0,Female,Sports,Cycling Helmet,1,1569.55,East,1569.55
903,2025-03-24,46.0,Male,Home & Kitchen,Storage Rack,2,942.18,West,1884.36
904,2024-04-25,23.0,Female,Electronics,Laptop Sleeve,1,2423.15,West,2423.15
905,2024-10-04,43.0,Female,Home & Kitchen,Non-stick Pan,3,1391.4,North,4174.2
906,2024-06-04,23.0,Female,Clothing,Cotton T-Shirt,1,1063.91,South,1063.91
907,2025-03-19,44.0,Male,Beauty,Hair Dryer,1,480.19,East,480.19
908,2025-07-31,21.0,Male,Sports,Dumbbell Set,2,1255.36,South,2510.72
909,2024-03-29,24.0,Female,Sports,Cricket Bat,1,1985.84,West,1985.84
910,2024-11-19,19.0,Female,Clothing,Denim Jacket,1,1229.98,Central,1229.98
911,2024-09-22,24.0,Male,Home & Kitchen,Vacuum Flask,1,1235.43,West,1235.43
912,2025-09-28,65.0,Male,Home & Kitchen,Blender,2,1252.58,East,2505.16
913,2025-05-20,32.0,Female,Electronics,Wireless Earbuds,2,3617.16,Central,7234.32
914,2025-07-15,32.0,Male,Sports,Dumbbell Set,1,862.77,South,862.77
915,2025-04-03,29.0,Female,Home & Kitchen,Table Lamp,1,1330.68,North,1330.68
916,2025-04-16,46.0,Male,Electronics,Bluetooth Speaker,2,1622.81,East,3245.62
917,2025-07-22,41.0,Female,Clothing,Formal Shirt,1,646.7,North,646.7
918,2024-04-10,25.0,Female,Electronics,Power Bank,1,4467.6,East,4467.6
919,2024-09-10,,Male,Home & Kitchen,Table Lamp,2,1378.36,South,2756.72
920,2024-06-28,16.0,Male,Clothing,Cotton T-Shirt,1,1027.36,North,1027.36
921,2025-09-10,65.0,Male,Sports,Yoga Mat,1,885.28,Central,885.28
922,2024-07-27,22.0,Male,Electronics,Bluetooth Speaker,1,4123.37,West,4123.37
923,2024-10-13,42.0,Female,Home & Kitchen,Storage Rack,1,1534.74,East,1534.74
924,2025-04-05,44.0,Female,Beauty,Sunscreen,1,683.66,East,683.66
925,2024-11-18,35.0,Female,Clothing,Running Shoes,1,1433.84,South,1433.84
926,2025-01-27,36.0,Female,Sports,Football,1,1382.64,North,1382.64
927,2025-04-25,32.0,Male,Beauty,Face Serum,1,519.08,South,519.08
928,2025-04-23,16.0,Male,Home & Kitchen,Storage Rack,1,907.53,North,907.53
929,2024-03-01,28.0,Male,Electronics,Wireless Earbuds,1,2965.66,West,2965.66
930,2024-11-10,39.0,Female,Electronics,Bluetooth Speaker,4,3149.57,North,12598.28
931,2025-04-08,43.0,Male,Home & Kitchen,Vacuum Flask,1,1445.89,West,1445.89
932,2024-06-08,34.0,Male,Sports,Yoga Mat,4,1537.94,Central,6151.76
933,2025-10-20,32.0,Female,Electronics,Wireless Earbuds,1,4104.49,East,4104.49
934,2025-04-14,19.0,Male,Electronics,Power Bank,4,4347.89,Central,17391.56
935,2025-08-12,21.0,Female,Home & Kitchen,Non-stick Pan,1,1814.24,North,1814.24
936,2025-06-30,29.0,Female,Clothing,Cotton T-Shirt,1,1164.15,North,1164.15
937,2024-06-19,25.0,Female,Home & Kitchen,Storage Rack,2,1447.49,North,2894.98
938,2025-08-05,37.0,Female,Clothing,Denim Jacket,2,984.26,East,1968.52
939,2025-03-18,22.0,Male,Home & Kitchen,Vacuum Flask,2,859.46,East,1718.92
940,2025-01-23,19.0,Female,Sports,Yoga Mat,2,1716.16,West,3432.32
941,2025-05-23,34.0,Male,Clothing,Cotton T-Shirt,3,960.88,North,2882.64
942,2025-06-13,32.0,Male,Clothing,Formal Shirt,1,1120.61,East,1120.61
943,2024-06-11,37.0,Male,Electronics,Power Bank,2,1874.29,East,3748.58
944,2024-03-07,26.0,Female,Home & Kitchen,Table Lamp,2,1421.0,South,2842.0
945,2024-07-12,16.0,Female,Clothing,Denim Jacket,3,1017.93,South,3053.79
946,2025-09-20,,Female,Electronics,Wireless Earbuds,1,2571.0,East,2571.0
947,2024-04-15,42.0,Male,Beauty,Sunscreen,1,587.57,North,587.57
948,2024-12-26,40.0,Female,Home & Kitchen,Vacuum Flask,2,717.36,North,1434.72
949,2024-06-02,19.0,Male,Electronics,Wireless Earbuds,1,1855.88,Central,1855.88
950,2025-08-09,39.0,Female,Sports,Cycling Helmet,1,2017.85,North,2017.85
951,2025-08-09,28.0,Female,Home & Kitchen,Blender,1,1533.91,Central,1533.91
952,2025-08-04,21.0,Male,Clothing,Winter Hoodie,1,820.23,Central,820.23
953,2024-07-02,52.0,Male,Clothing,Denim Jacket,2,899.02,North,1798.04
954,2024-03-30,27.0,Female,Beauty,Lipstick Set,1,581.9,South,581.9
955,2025-07-04,36.0,Female,Sports,Dumbbell Set,1,1316.72,Central,1316.72
956,2024-06-22,33.0,Male,Clothing,Running Shoes,1,1161.81,North,1161.81
957,2025-05-30,45.0,Female,Home & Kitchen,Vacuum Flask,1,1513.91,East,1513.91
958,2025-06-30,23.0,Male,Beauty,Hair Dryer,1,710.8,North,710.8
959,2024-08-22,43.0,Male,Electronics,Wireless Earbuds,1,4601.95,East,4601.95
960,2024-07-29,39.0,Female,Home & Kitchen,Vacuum Flask,1,1162.19,East,1162.19
961,2024-08-13,53.0,Male,Beauty,Lipstick Set,2,540.18,West,1080.36
962,2025-04-09,32.0,Male,Clothing,Cotton T-Shirt,4,966.42,Central,3865.68
963,2025-01-10,21.0,Female,Sports,Football,4,960.23,West,3840.92
964,2025-08-08,44.0,Female,Clothing,Winter Hoodie,2,1086.19,South,2172.38
965,2024-09-03,34.0,Female,Home & Kitchen,Table Lamp,2,1653.54,Central,3307.08
966,2025-04-28,37.0,Male,Beauty,Hair Dryer,1,661.15,East,661.15
967,2024-07-28,20.0,Male,Beauty,Face Serum,4,658.88,South,2635.52
968,2024-03-28,35.0,Female,Beauty,Perfume,1,785.73,North,785.73
969,2024-12-13,41.0,Female,Beauty,Face Serum,1,841.65,South,841.65
970,2025-12-04,52.0,Female,Clothing,Cotton T-Shirt,1,865.48,East,865.48
971,2025-02-06,17.0,Female,Beauty,Face Serum,3,694.51,East,2083.53
972,2025-05-07,53.0,Male,Beauty,Perfume,3,711.34,North,2134.02
973,2024-12-20,38.0,Female,Sports,Dumbbell Set,1,1826.9,West,1826.9
974,2024-11-09,31.0,Female,Home & Kitchen,Storage Rack,4,1793.51,West,7174.04
975,2024-02-18,47.0,Male,Electronics,Bluetooth Speaker,3,2279.02,North,6837.06
976,2024-09-12,24.0,Female,Electronics,Laptop Sleeve,1,3398.95,South,3398.95
977,2025-05-18,36.0,Female,Beauty,Face Serum,3,618.07,South,1854.21
978,2024-12-15,45.0,Female,Clothing,Winter Hoodie,3,1065.2,North,3195.6
979,2024-08-28,36.0,Female,Clothing,Cotton T-Shirt,1,512.3,Central,512.3
980,2025-01-31,39.0,Male,Clothing,Winter Hoodie,2,1104.9,South,2209.8
981,2025-10-07,16.0,Male,Electronics,Wireless Earbuds,1,1771.79,Central,1771.79
982,2025-05-30,52.0,Male,Electronics,Power Bank,1,3316.16,South,3316.16
983,2025-01-09,23.0,Male,Sports,Football,3,785.57,North,2356.71
984,2025-01-13,60.0,Male,Home & Kitchen,Storage Rack,1,1336.85,South,1336.85
985,2025-09-07,64.0,Female,Home & Kitchen,Blender,3,1016.45,South,3049.35
986,2024-10-14,16.0,Female,Electronics,Smartwatch,1,2733.6,West,2733.6
987,2024-09-03,29.0,Male,Home & Kitchen,Vacuum Flask,4,746.65,North,2986.6
988,2024-12-26,49.0,Female,Electronics,Wireless Earbuds,1,3721.49,Central,3721.49
989,2024-11-30,47.0,Female,Clothing,Formal Shirt,1,1002.51,Central,1002.51
990,2025-07-30,21.0,Female,Clothing,Cotton T-Shirt,3,858.44,West,2575.32
991,2025-01-13,46.0,Female,Beauty,Face Serum,1,794.03,West,794.03
992,2024-12-12,28.0,Male,Home & Kitchen,Non-stick Pan,1,862.21,Central,862.21
993,2024-09-15,41.0,Male,Sports,Cycling Helmet,2,1346.62,Central,2693.24
994,2024-07-08,39.0,Male,Home & Kitchen,Storage Rack,1,1216.15,West,1216.15
995,2025-04-08,34.0,Female,Clothing,Cotton T-Shirt,2,968.43,West,1936.86
996,2025-03-04,38.0,Male,Sports,Cricket Bat,1,1986.47,East,1986.47
997,2025-06-13,16.0,Female,Clothing,Denim Jacket,4,909.67,West,3638.68
998,2024-11-03,33.0,Male,Sports,Yoga Mat,2,1430.66,West,2861.32
999,2025-10-13,33.0,Male,Sports,Football,1,2088.72,South,2088.72
1000,2024-05-27,31.0,Female,Electronics,Power Bank,1,3947.25,Central,3947.25
1001,2024-05-16,23.0,Male,Beauty,Perfume,3,607.91,North,1823.73
1002,2025-07-22,30.0,Male,Home & Kitchen,Blender,1,1804.58,Central,1804.58
1003,2025-09-13,39.0,Male,Home & Kitchen,Blender,1,1442.46,North,1442.46
1004,2024-08-01,20.0,Female,Clothing,Winter Hoodie,3,853.9,West,2561.7
1005,2024-10-17,29.0,Male,Sports,Cycling Helmet,2,1966.77,North,3933.54
1006,2024-08-11,29.0,Male,Home & Kitchen,Table Lamp,1,1354.88,South,1354.88
1007,2025-03-26,23.0,Male,Home & Kitchen,Table Lamp,3,1372.47,East,4117.41
1008,2025-06-19,29.0,Female,Clothing,Formal Shirt,4,818.74,South,3274.96
1009,2025-03-13,32.0,Female,Home & Kitchen,Table Lamp,1,1938.0,Central,1938.0
1010,2025-03-02,49.0,Female,Clothing,Cotton T-Shirt,3,653.23,Central,1959.69
1011,2024-04-04,33.0,Female,Clothing,Running Shoes,1,883.08,West,883.08
1012,2024-07-06,21.0,Male,Electronics,Bluetooth Speaker,2,3035.16,West,6070.32
1013,2025-12-14,34.0,Male,Home & Kitchen,Blender,1,1490.15,North,1490.15
1014,2025-03-19,22.0,Male,Electronics,Smartwatch,1,1287.14,Central,1287.14
1015,2024-11-22,57.0,Male,Clothing,Winter Hoodie,1,1267.25,North,1267.25
1016,2024-09-26,29.0,Female,Beauty,Sunscreen,1,558.28,East,558.28
1017,2025-05-09,26.0,Male,Electronics,Wireless Earbuds,1,4640.6,West,4640.6
1018,2024-12-30,32.0,Female,Clothing,Cotton T-Shirt,3,1284.55,West,3853.65
1019,2025-02-07,25.0,Male,Clothing,Formal Shirt,1,1491.56,South,1491.56
1020,2024-08-09,24.0,Male,Electronics,Smartwatch,2,3353.74,West,6707.48
1021,2024-11-23,16.0,Male,Electronics,Smartwatch,1,2808.47,West,2808.47
1022,2025-10-30,32.0,Male,Home & Kitchen,Non-stick Pan,2,1605.36,West,3210.72
1023,2024-05-22,38.0,Male,Home & Kitchen,Vacuum Flask,1,1785.47,East,1785.47
1024,2025-02-07,29.0,Female,Clothing,Denim Jacket,1,995.18,East,995.18
1025,2024-04-18,31.0,Male,Clothing,Formal Shirt,1,1274.27,South,1274.27
1026,2025-07-26,44.0,Male,Home & Kitchen,Non-stick Pan,3,1656.98,West,4970.94
1027,2024-07-19,28.0,Male,Home & Kitchen,Non-stick Pan,1,1060.51,North,1060.51
1028,2024-03-14,34.0,Male,Clothing,Denim Jacket,1,1012.81,North,1012.81
1029,2025-01-19,38.0,Female,Clothing,Winter Hoodie,1,753.96,East,753.96
1030,2024-05-11,16.0,Female,Electronics,Wireless Earbuds,2,3787.19,South,7574.38
1031,2025-08-04,29.0,Female,Sports,Yoga Mat,1,1554.56,North,1554.56
1032,2024-12-28,24.0,Female,Sports,Dumbbell Set,2,1881.91,Central,3763.82
1033,2024-05-31,37.0,Male,Electronics,Bluetooth Speaker,1,3884.03,Central,3884.03
1034,2024-08-02,17.0,Female,Beauty,Hair Dryer,2,845.58,South,1691.16
1035,2025-09-24,44.0,Male,Clothing,Denim Jacket,3,867.22,North,2601.66
1036,2025-03-10,41.0,Male,Clothing,Cotton T-Shirt,1,1101.79,Central,1101.79
1037,2024-10-27,38.0,Female,Electronics,Wireless Earbuds,1,2829.97,South,2829.97
1038,2024-07-18,36.0,Female,Clothing,Denim Jacket,3,916.27,Central,2748.81
1039,2024-12-21,18.0,Male,Clothing,Cotton T-Shirt,2,1230.02,East,2460.04
1040,2024-10-03,24.0,Female,Electronics,Wireless Earbuds,1,2064.45,West,2064.45
1041,2024-11-05,16.0,Male,Electronics,Smartwatch,1,3482.62,North,3482.62
1042,2025-01-30,16.0,Male,Beauty,Sunscreen,3,845.4,East,2536.2
1043,2025-06-12,19.0,Female,Electronics,Laptop Sleeve,1,3451.78,North,3451.78
1044,2024-10-06,23.0,Female,Electronics,Smartwatch,1,3344.24,South,3344.24
1045,2024-11-21,64.0,Female,Sports,Cycling Helmet,1,1948.32,West,1948.32
1046,2024-09-23,28.0,Male,Electronics,Laptop Sleeve,1,2390.02,West,2390.02
1047,2024-12-10,46.0,Female,Home & Kitchen,Vacuum Flask,4,1018.73,West,4074.92
1048,2024-08-27,40.0,Male,Electronics,Laptop Sleeve,2,4165.89,East,8331.78
1049,2024-06-10,55.0,Male,Clothing,Winter Hoodie,3,1069.21,East,3207.63
1050,2024-12-17,64.0,Female,Electronics,Bluetooth Speaker,1,3414.8,East,3414.8
1051,2024-09-01,38.0,Female,Clothing,Winter Hoodie,1,1218.8,West,1218.8
1052,2025-08-03,43.0,Female,Clothing,Winter Hoodie,2,854.17,North,1708.34
1053,2024-02-20,31.0,Female,Clothing,Running Shoes,2,982.23,North,1964.46
1054,2025-03-02,53.0,Female,Electronics,Wireless Earbuds,1,3325.01,South,3325.01
1055,2025-06-16,44.0,Female,Electronics,Smartwatch,2,2983.78,North,5967.56
1056,2024-10-20,45.0,Male,Clothing,Formal Shirt,2,613.3,South,1226.6
1057,2024-06-15,33.0,Male,Home & Kitchen,Table Lamp,2,1714.62,East,3429.24
1058,2025-05-19,45.0,Female,Clothing,Formal Shirt,1,986.9,North,986.9
1059,2024-08-21,25.0,Male,Home & Kitchen,Table Lamp,1,1525.01,West,1525.01
1060,2024-05-04,40.0,Female,Clothing,Winter Hoodie,1,700.08,Central,700.08
1061,2024-02-01,49.0,Female,Beauty,Hair Dryer,1,608.58,Central,608.58
1062,2025-04-09,23.0,Female,Electronics,Bluetooth Speaker,1,2741.43,South,2741.43
1063,2024-04-24,52.0,Female,Electronics,Laptop Sleeve,2,3683.03,Central,7366.06
1064,2024-06-10,27.0,Male,Clothing,Formal Shirt,1,715.88,South,715.88
1065,2025-06-07,32.0,Female,Electronics,Smartwatch,2,3227.49,Central,6454.98
1066,2025-07-25,27.0,Male,Electronics,Smartwatch,1,2955.6,West,2955.6
1067,2025-03-20,26.0,Female,Clothing,Formal Shirt,3,872.28,East,2616.84
1068,2024-02-27,30.0,Male,Beauty,Sunscreen,1,739.92,West,739.92
1069,2024-11-03,31.0,Male,Electronics,Bluetooth Speaker,1,3546.06,North,3546.06
1070,2025-09-06,34.0,Female,Electronics,Bluetooth Speaker,2,3240.83,North,6481.66
1071,2025-01-26,31.0,Male,Electronics,Bluetooth Speaker,1,2323.33,East,2323.33
1072,2024-04-17,45.0,Male,Sports,Cricket Bat,1,1418.42,South,1418.42
1073,2025-06-15,26.0,Male,Electronics,Wireless Earbuds,3,3567.36,West,10702.08
1074,2024-11-20,53.0,Female,Clothing,Formal Shirt,3,690.21,South,2070.63
1075,2025-05-29,37.0,Female,Electronics,Bluetooth Speaker,2,3262.38,North,6524.76
1076,2024-04-01,18.0,Female,Sports,Cricket Bat,2,1607.6,South,3215.2
1077,2025-04-06,38.0,Male,Clothing,Winter Hoodie,1,971.18,South,971.18
1078,2025-10-02,35.0,Female,Clothing,Formal Shirt,1,1127.85,East,1127.85
1079,2025-04-19,36.0,Male,Clothing,Denim Jacket,2,844.2,East,1688.4
1080,2024-05-07,40.0,Male,Electronics,Bluetooth Speaker,3,1051.03,East,3153.09
1081,2025-05-09,16.0,Male,Home & Kitchen,Non-stick Pan,1,1529.17,West,1529.17
1082,2025-12-08,22.0,Female,Sports,Cycling Helmet,2,1800.44,West,3600.88
1083,2024-06-05,16.0,Female,Beauty,Face Serum,1,652.38,West,652.38
1084,2025-03-02,57.0,Male,Sports,Yoga Mat,2,1693.44,Central,3386.88
1085,2025-05-29,30.0,Male,Clothing,Cotton T-Shirt,1,1038.34,Central,1038.34
1086,2025-04-22,33.0,Female,Clothing,Denim Jacket,2,369.75,North,739.5
1087,2025-06-25,16.0,Female,Clothing,Formal Shirt,1,1162.92,West,1162.92
1088,2025-10-07,24.0,Male,Clothing,Winter Hoodie,1,823.45,West,823.45
1089,2025-02-08,24.0,Female,Electronics,Power Bank,3,3110.18,East,9330.54
1090,2024-08-30,38.0,Female,Clothing,Running Shoes,4,733.34,East,2933.36
1091,2025-04-09,35.0,Male,Sports,Yoga Mat,4,1472.87,North,5891.48
1092,2025-06-07,26.0,Female,Beauty,Lipstick Set,3,592.31,East,1776.93
1093,2024-11-21,39.0,Male,Beauty,Hair Dryer,2,566.51,Central,1133.02
1094,2025-01-03,,Female,Beauty,Face Serum,2,812.8,South,1625.6
1095,2024-08-22,30.0,Male,Sports,Dumbbell Set,1,1805.68,West,1805.68
1096,2024-11-03,16.0,Female,Electronics,Wireless Earbuds,2,4876.75,Central,9753.5
1097,2024-10-20,41.0,Male,Clothing,Formal Shirt,3,504.57,South,1513.71
1098,2025-07-10,16.0,Female,Beauty,Sunscreen,4,848.69,East,3394.76
1099,2025-03-12,22.0,Male,Sports,Cycling Helmet,1,1399.43,North,1399.43
1100,2025-03-19,28.0,Male,Sports,Cycling Helmet,1,1573.2,North,1573.2
1101,2024-07-28,23.0,Female,Sports,Dumbbell Set,1,1437.51,West,1437.51
1102,2024-10-13,39.0,Male,Home & Kitchen,Table Lamp,1,1267.16,West,1267.16
1103,2025-06-26,30.0,Female,Home & Kitchen,Blender,1,1709.08,West,1709.08
1104,2025-08-03,35.0,Female,Clothing,Cotton T-Shirt,2,896.88,West,1793.76
1105,2025-07-04,16.0,Female,Electronics,Power Bank,1,3097.15,West,3097.15
1106,2025-03-19,53.0,Female,Clothing,Running Shoes,1,917.86,East,917.86
1107,2024-11-24,24.0,Male,Clothing,Denim Jacket,1,1142.36,North,1142.36
1108,2025-01-09,16.0,Male,Electronics,Laptop Sleeve,4,2636.74,South,10546.96
1109,2024-09-26,34.0,Female,Beauty,Face Serum,1,678.91,West,678.91
1110,2025-01-02,29.0,Female,Clothing,Running Shoes,2,998.33,North,1996.66
1111,2025-04-10,39.0,Male,Clothing,Winter Hoodie,3,1136.25,South,3408.75
1112,2024-03-24,30.0,Male,Sports,Cycling Helmet,2,1678.93,West,3357.86
1113,2025-04-15,45.0,Female,Beauty,Hair Dryer,1,700.33,West,700.33
1114,2024-09-19,40.0,Female,Electronics,Bluetooth Speaker,2,2602.85,North,5205.7
1115,2024-05-04,28.0,Male,Beauty,Sunscreen,2,607.75,East,1215.5
1116,2024-08-20,22.0,Female,Beauty,Perfume,1,806.36,North,806.36
1117,2024-09-03,48.0,Female,Clothing,Formal Shirt,2,858.18,South,1716.36
1118,2025-11-20,34.0,Male,Electronics,Power Bank,1,3301.58,North,3301.58
1119,2025-11-02,19.0,Female,Clothing,Formal Shirt,3,1177.56,South,3532.68
1120,2024-04-08,29.0,Male,Home & Kitchen,Vacuum Flask,2,1410.78,South,2821.56
1121,2025-11-02,27.0,Female,Beauty,Face Serum,1,728.08,Central,728.08
1122,2025-05-06,16.0,Female,Electronics,Wireless Earbuds,1,2676.63,North,2676.63
1123,2024-06-22,29.0,Female,Sports,Cycling Helmet,2,2547.39,North,5094.78
1124,2025-05-16,20.0,Female,Beauty,Hair Dryer,1,914.76,North,914.76
1125,2025-01-02,27.0,Male,Electronics,Wireless Earbuds,1,4575.81,East,4575.81
1126,2025-01-30,25.0,Female,Home & Kitchen,Non-stick Pan,1,936.44,Central,936.44
1127,2024-10-15,47.0,Male,Beauty,Perfume,2,793.72,South,1587.44
1128,2024-12-15,16.0,Female,Electronics,Wireless Earbuds,1,1898.12,South,1898.12
1129,2025-04-20,47.0,Male,Beauty,Perfume,1,769.87,West,769.87
1130,2024-09-15,48.0,Female,Home & Kitchen,Table Lamp,1,1300.06,East,1300.06
1131,2025-03-27,30.0,Male,Home & Kitchen,Storage Rack,1,1330.96,North,1330.96
1132,2024-08-06,42.0,Male,Home & Kitchen,Blender,1,1016.17,Central,1016.17
1133,2025-08-19,24.0,Male,Electronics,Wireless Earbuds,1,4347.2,West,4347.2
1134,2024-08-25,27.0,Female,Electronics,Power Bank,2,2381.51,North,4763.02
1135,2024-02-02,28.0,Male,Electronics,Wireless Earbuds,1,2018.27,Central,2018.27
1136,2025-02-05,31.0,Male,Home & Kitchen,Storage Rack,1,1505.55,South,1505.55
1137,2025-05-18,53.0,Female,Electronics,Bluetooth Speaker,1,3848.58,Central,3848.58
1138,2025-05-14,26.0,Male,Electronics,Laptop Sleeve,1,3670.53,East,3670.53
1139,2024-05-09,24.0,Female,Electronics,Laptop Sleeve,4,2595.6,South,10382.4
1140,2025-09-24,37.0,Male,Beauty,Hair Dryer,1,786.47,West,786.47
1141,2024-12-29,21.0,Female,Sports,Dumbbell Set,3,683.48,South,2050.44
1142,2024-09-25,37.0,Female,Electronics,Smartwatch,1,3612.33,South,3612.33
1143,2025-04-10,37.0,Male,Clothing,Running Shoes,1,836.53,North,836.53
1144,2025-04-01,16.0,Male,Electronics,Wireless Earbuds,2,4388.41,Central,8776.82
1145,2024-12-09,51.0,Female,Sports,Football,2,392.58,East,785.16
1146,2024-11-29,16.0,Female,Home & Kitchen,Storage Rack,4,1637.56,East,6550.24
1147,2024-06-17,45.0,Male,Beauty,Lipstick Set,1,624.92,Central,624.92
1148,2025-02-06,44.0,Male,Sports,Yoga Mat,1,1552.65,Central,1552.65
1149,2024-03-11,16.0,Female,Beauty,Hair Dryer,1,452.92,East,452.92
1150,2024-05-31,54.0,Female,Clothing,Cotton T-Shirt,3,805.72,South,2417.16
1151,2024-05-28,22.0,Female,Sports,Yoga Mat,1,1864.34,Central,1864.34
1152,2025-01-03,27.0,Male,Electronics,Wireless Earbuds,4,2652.0,South,10608.0
1153,2024-11-02,38.0,Female,Sports,Cricket Bat,1,1173.55,East,1173.55
1154,2024-05-03,53.0,Female,Home & Kitchen,Blender,1,1345.28,South,1345.28
1155,2025-06-07,26.0,Female,Electronics,Bluetooth Speaker,1,3569.66,West,3569.66
1156,2024-10-04,25.0,Male,Clothing,Formal Shirt,1,396.41,North,396.41
1157,2025-03-30,28.0,Female,Home & Kitchen,Non-stick Pan,1,1090.02,West,1090.02
1158,2025-08-02,34.0,Female,Electronics,Power Bank,2,3575.41,North,7150.82
1159,2025-03-22,36.0,Male,Electronics,Power Bank,1,2420.17,South,2420.17
1160,2024-05-07,51.0,Male,Electronics,Bluetooth Speaker,1,3067.45,East,3067.45
1161,2024-08-30,51.0,Female,Electronics,Power Bank,4,2971.45,West,11885.8
1162,2024-07-04,27.0,Male,Clothing,Denim Jacket,3,933.1,East,2799.3
1163,2025-03-08,22.0,Female,Electronics,Power Bank,1,4049.75,West,4049.75
1164,2024-05-12,16.0,Male,Home & Kitchen,Vacuum Flask,2,759.38,Central,1518.76
1165,2024-06-20,36.0,Male,Electronics,Smartwatch,1,2833.32,North,2833.32
1166,2024-10-28,32.0,Male,Home & Kitchen,Blender,2,1727.39,South,3454.78
1167,2024-06-25,29.0,Female,Electronics,Laptop Sleeve,1,3505.63,North,3505.63
1168,2024-09-06,30.0,Female,Home & Kitchen,Storage Rack,1,1453.91,West,1453.91
1169,2025-07-10,34.0,Male,Clothing,Formal Shirt,1,1218.1,West,1218.1
1170,2025-04-06,36.0,Male,Beauty,Face Serum,1,530.25,East,530.25
1171,2025-02-28,24.0,Male,Home & Kitchen,Non-stick Pan,2,1488.64,East,2977.28
1172,2025-10-20,35.0,Male,Clothing,Winter Hoodie,2,973.64,East,1947.28
1173,2025-03-02,54.0,Female,Clothing,Running Shoes,3,749.55,West,2248.65
1174,2025-02-11,31.0,Female,Electronics,Wireless Earbuds,1,2605.87,East,2605.87
1175,2025-11-08,35.0,Female,Clothing,Winter Hoodie,1,955.09,South,955.09
1176,2025-04-23,16.0,Female,Electronics,Smartwatch,1,3852.26,North,3852.26
1177,2025-08-09,53.0,Female,Electronics,Wireless Earbuds,1,3182.44,North,3182.44
1178,2024-04-13,27.0,Male,Electronics,Wireless Earbuds,1,2374.03,Central,2374.03
1179,2024-08-14,48.0,Male,Electronics,Wireless Earbuds,3,4584.41,Central,13753.23
1180,2024-06-10,31.0,Male,Beauty,Lipstick Set,1,326.68,East,326.68
1181,2024-12-13,56.0,Male,Electronics,Bluetooth Speaker,2,2278.24,Central,4556.48
1182,2024-12-17,32.0,Male,Beauty,Sunscreen,1,807.0,Central,807.0
1183,2025-11-07,29.0,Female,Home & Kitchen,Table Lamp,3,915.94,North,2747.82
1184,2025-02-20,21.0,Male,Clothing,Cotton T-Shirt,1,1045.63,Central,1045.63
1185,2024-04-01,30.0,Male,Electronics,Smartwatch,4,889.89,East,3559.56
1186,2024-03-10,28.0,Male,Beauty,Face Serum,1,520.76,Central,520.76
1187,2024-03-04,33.0,Female,Beauty,Lipstick Set,1,900.94,North,900.94
1188,2024-12-06,30.0,Female,Electronics,Bluetooth Speaker,2,3608.2,East,7216.4
1189,2025-04-02,37.0,Male,Clothing,Cotton T-Shirt,3,862.48,East,2587.44
1190,2025-07-04,42.0,Female,Beauty,Sunscreen,1,951.74,East,951.74
1191,2025-08-09,34.0,Male,Sports,Dumbbell Set,2,1237.86,East,2475.72
1192,2025-01-12,31.0,Male,Home & Kitchen,Table Lamp,1,431.44,North,431.44
1193,2025-06-16,36.0,Female,Electronics,Wireless Earbuds,2,2130.42,East,4260.84
1194,2024-06-19,29.0,Female,Electronics,Power Bank,1,2883.98,North,2883.98
1195,2025-06-24,42.0,Male,Sports,Yoga Mat,2,1652.85,North,3305.7
1196,2025-02-25,30.0,Female,Sports,Dumbbell Set,1,1871.75,East,1871.75
1197,2025-06-05,44.0,Female,Electronics,Wireless Earbuds,2,2775.67,West,5551.34
1198,2024-11-10,28.0,Male,Home & Kitchen,Blender,3,998.09,South,2994.27
1199,2025-07-12,19.0,Female,Home & Kitchen,Table Lamp,1,1364.53,North,1364.53
1200,2024-11-12,36.0,Female,Electronics,Bluetooth Speaker,1,3536.01,North,3536.01
1201,2025-02-04,20.0,Male,Clothing,Winter Hoodie,3,529.29,North,1587.87
1202,2024-05-26,33.0,Female,Electronics,Laptop Sleeve,2,2766.34,Central,5532.68
1203,2024-07-21,19.0,Male,Electronics,Smartwatch,1,2520.88,East,2520.88
1204,2024-11-10,34.0,Male,Sports,Football,2,1872.73,South,3745.46
1205,2025-03-29,45.0,Male,Beauty,Sunscreen,1,564.81,West,564.81
1206,2024-03-13,46.0,Male,Clothing,Formal Shirt,3,1070.56,South,3211.68
1207,2025-04-23,47.0,Male,Electronics,Power Bank,1,3111.33,East,3111.33
1208,2025-06-03,38.0,Female,Beauty,Sunscreen,1,635.97,North,635.97
1209,2024-12-05,24.0,Female,Clothing,Cotton T-Shirt,1,810.01,Central,810.01
1210,2025-10-16,30.0,Female,Electronics,Smartwatch,3,2473.43,East,7420.29
1211,2025-04-05,33.0,Male,Electronics,Smartwatch,1,3583.08,South,3583.08
1212,2024-11-29,42.0,Male,Electronics,Wireless Earbuds,1,4012.7,East,4012.7
1213,2025-08-19,33.0,Male,Clothing,Running Shoes,2,785.87,South,1571.74
1214,2025-03-17,40.0,Male,Electronics,Wireless Earbuds,1,2736.79,West,2736.79
1215,2024-03-03,28.0,Male,Sports,Football,1,1472.92,Central,1472.92
1216,2024-09-14,44.0,Male,Clothing,Running Shoes,1,839.03,North,839.03
1217,2025-04-07,40.0,Female,Sports,Football,1,2042.53,East,2042.53
1218,2025-06-26,43.0,Male,Beauty,Perfume,1,586.87,East,586.87
1219,2025-11-16,29.0,Female,Electronics,Bluetooth Speaker,2,2606.53,Central,5213.06
1220,2025-12-07,40.0,Female,Electronics,Bluetooth Speaker,1,3558.41,South,3558.41
1221,2024-06-02,44.0,Male,Electronics,Bluetooth Speaker,1,2867.35,Central,2867.35
1222,2025-01-04,27.0,Female,Home & Kitchen,Vacuum Flask,2,1366.64,North,2733.28
1223,2024-10-22,38.0,Female,Beauty,Hair Dryer,2,615.56,East,1231.12
1224,2024-10-14,26.0,Female,Beauty,Lipstick Set,3,822.5,East,2467.5
1225,2024-06-17,19.0,Male,Sports,Football,1,1153.81,West,1153.81
1226,2025-07-19,39.0,Female,Home & Kitchen,Vacuum Flask,2,1114.55,West,2229.1
1227,2024-06-16,30.0,Female,Home & Kitchen,Blender,1,1658.32,North,1658.32
1228,2024-01-28,31.0,Male,Electronics,Power Bank,1,1153.37,North,1153.37
1229,2025-11-26,26.0,Male,Sports,Cricket Bat,2,1827.95,Central,3655.9
1230,2024-04-12,30.0,Female,Home & Kitchen,Blender,1,1445.28,Central,1445.28
1231,2024-05-26,21.0,Female,Electronics,Power Bank,1,3651.6,North,3651.6
1232,2024-03-29,37.0,Female,Home & Kitchen,Vacuum Flask,3,1433.14,East,4299.42
1233,2025-04-03,31.0,Female,Home & Kitchen,Vacuum Flask,1,1507.07,East,1507.07
1234,2025-03-23,24.0,Female,Home & Kitchen,Blender,2,1239.87,East,2479.74
1235,2024-10-08,16.0,Female,Electronics,Bluetooth Speaker,1,2022.19,North,2022.19
1236,2025-12-01,31.0,Female,Sports,Cricket Bat,1,1691.63,East,1691.63
1237,2025-04-22,16.0,Female,Electronics,Wireless Earbuds,4,4407.62,West,17630.48
1238,2025-05-23,57.0,Female,Electronics,Wireless Earbuds,3,2035.27,West,6105.81
1239,2024-09-13,29.0,Male,Home & Kitchen,Table Lamp,2,1582.86,North,3165.72
1240,2025-08-13,29.0,Male,Clothing,Denim Jacket,1,975.56,South,975.56
1241,2024-04-30,37.0,Male,Home & Kitchen,Table Lamp,1,671.93,South,671.93
1242,2025-08-05,42.0,Female,Electronics,Power Bank,1,3131.96,South,3131.96
1243,2024-09-20,20.0,Male,Clothing,Winter Hoodie,1,800.47,East,800.47
1244,2024-02-16,18.0,Female,Beauty,Perfume,2,626.35,East,1252.7
1245,2024-09-15,25.0,Female,Home & Kitchen,Non-stick Pan,1,1058.43,West,1058.43
1246,2025-03-06,28.0,Male,Clothing,Winter Hoodie,3,1073.28,North,3219.84
1247,2024-08-14,44.0,Male,Beauty,Face Serum,1,624.92,Central,624.92
1248,2024-08-22,16.0,Female,Sports,Yoga Mat,1,1196.71,Central,1196.71
1249,2025-07-24,16.0,Female,Clothing,Winter Hoodie,1,1021.2,East,1021.2
1250,2024-06-01,67.0,Male,Clothing,Denim Jacket,2,1188.82,Central,2377.64
1251,2024-08-16,39.0,Male,Clothing,Winter Hoodie,1,1087.53,West,1087.53
1252,2025-07-21,26.0,Male,Clothing,Denim Jacket,1,1391.71,Central,1391.71
1253,2024-11-08,40.0,Male,Clothing,Running Shoes,1,985.93,East,985.93
1254,2024-07-10,18.0,Female,Sports,Yoga Mat,2,1422.59,West,2845.18
1255,2024-10-30,44.0,Female,Electronics,Laptop Sleeve,1,3320.52,East,3320.52
1256,2025-08-09,43.0,Female,Home & Kitchen,Non-stick Pan,1,1008.62,West,1008.62
1257,2025-08-04,33.0,Male,Home & Kitchen,Storage Rack,2,1349.08,West,2698.16
1258,2025-07-27,36.0,Female,Beauty,Face Serum,1,602.23,South,602.23
1259,2025-10-17,38.0,Male,Home & Kitchen,Blender,3,1831.27,East,5493.81
1260,2025-07-24,51.0,Female,Sports,Cricket Bat,2,1492.54,East,2985.08
1261,2025-07-19,33.0,Male,Electronics,Smartwatch,1,2942.9,North,2942.9
1262,2024-12-16,16.0,Male,Electronics,Bluetooth Speaker,1,3246.55,West,3246.55
1263,2024-09-28,56.0,Male,Clothing,Cotton T-Shirt,1,864.52,North,864.52
1264,2024-07-06,31.0,Female,Electronics,Bluetooth Speaker,2,2676.86,East,5353.72
1265,2025-10-24,35.0,Female,Electronics,Smartwatch,1,4061.73,North,4061.73
1266,2024-01-29,32.0,Male,Clothing,Winter Hoodie,1,1023.79,Central,1023.79
1267,2024-11-05,24.0,Female,Electronics,Wireless Earbuds,2,2711.05,East,5422.1
1268,2024-12-27,52.0,Female,Sports,Yoga Mat,4,1343.56,Central,5374.24
1269,2024-10-17,52.0,Male,Beauty,Lipstick Set,1,638.69,South,638.69
1270,2025-08-18,28.0,Male,Clothing,Formal Shirt,1,752.57,North,752.57
1271,2024-05-18,16.0,Male,Home & Kitchen,Table Lamp,1,1472.6,North,1472.6
1272,2024-03-29,44.0,Male,Electronics,Smartwatch,1,3811.22,North,3811.22
1273,2025-01-03,18.0,Female,Home & Kitchen,Table Lamp,3,1471.22,East,4413.66
1274,2024-11-06,62.0,Female,Clothing,Formal Shirt,1,1161.2,North,1161.2
1275,2025-10-17,16.0,Female,Electronics,Bluetooth Speaker,1,4584.09,East,4584.09
1276,2025-06-23,27.0,Male,Clothing,Winter Hoodie,3,1167.84,West,3503.52
1277,2025-06-26,41.0,Female,Sports,Cricket Bat,2,1391.5,North,2783.0
1278,2024-06-21,24.0,Male,Beauty,Hair Dryer,4,647.66,West,2590.64
1279,2024-07-29,22.0,Male,Beauty,Lipstick Set,1,536.88,East,536.88
1280,2024-05-16,45.0,Female,Clothing,Running Shoes,3,1009.73,West,3029.19
1281,2024-07-03,35.0,Male,Clothing,Winter Hoodie,2,839.43,East,1678.86
1282,2024-06-10,19.0,Female,Clothing,Formal Shirt,1,624.31,West,624.31
1283,2024-03-28,33.0,Male,Clothing,Winter Hoodie,1,593.0,Central,593.0
1284,2024-10-12,19.0,Male,Home & Kitchen,Non-stick Pan,1,1141.19,North,1141.19
1285,2024-08-07,58.0,Female,Electronics,Bluetooth Speaker,1,4111.84,South,4111.84
1286,2024-11-03,42.0,Female,Beauty,Face Serum,1,1029.6,West,1029.6
1287,2025-10-26,27.0,Female,Electronics,Laptop Sleeve,2,2889.06,West,5778.12
1288,2024-08-20,43.0,Female,Beauty,Hair Dryer,2,817.0,West,1634.0
1289,2025-10-26,23.0,Male,Electronics,Laptop Sleeve,2,3396.57,West,6793.14
1290,2024-08-10,43.0,Male,Clothing,Running Shoes,4,900.32,South,3601.28
1291,2024-10-04,32.0,Male,Clothing,Denim Jacket,1,960.38,South,960.38
1292,2024-09-03,42.0,Female,Beauty,Face Serum,2,676.36,East,1352.72
1293,2024-03-31,54.0,Female,Beauty,Face Serum,3,301.77,West,905.31
1294,2024-11-19,31.0,Male,Beauty,Face Serum,1,686.23,South,686.23
1295,2025-04-24,42.0,Female,Sports,Football,3,2053.08,West,6159.24
1296,2025-01-06,30.0,Male,Beauty,Sunscreen,1,551.24,West,551.24
1297,2025-02-12,23.0,Female,Clothing,Denim Jacket,1,473.68,West,473.68
1298,2025-05-29,44.0,Female,Clothing,Formal Shirt,4,980.2,South,3920.8
1299,2025-04-08,37.0,Male,Clothing,Denim Jacket,1,763.85,West,763.85
1300,2025-07-04,36.0,Female,Clothing,Running Shoes,2,1232.43,North,2464.86
1301,2025-09-07,45.0,Female,Home & Kitchen,Non-stick Pan,1,1184.98,East,1184.98
1302,2025-02-07,16.0,Male,Home & Kitchen,Non-stick Pan,3,1649.56,North,4948.68
1303,2024-08-17,33.0,Male,Clothing,Winter Hoodie,1,740.01,Central,740.01
1304,2024-06-05,45.0,Male,Home & Kitchen,Blender,3,1239.41,North,3718.23
1305,2024-11-01,36.0,Male,Home & Kitchen,Table Lamp,1,1669.23,South,1669.23
1306,2024-05-21,25.0,Male,Electronics,Power Bank,2,3029.39,North,6058.78
1307,2025-01-12,24.0,Female,Beauty,Hair Dryer,3,637.45,West,1912.35
1308,2025-02-08,39.0,Female,Home & Kitchen,Storage Rack,3,1723.74,Central,5171.22
1309,2024-03-29,23.0,Female,Clothing,Cotton T-Shirt,1,1138.79,East,1138.79
1310,2025-07-06,39.0,Male,Clothing,Winter Hoodie,1,933.0,East,933.0
1311,2024-07-24,26.0,Male,Sports,Dumbbell Set,2,2091.52,West,4183.04
1312,2024-07-15,17.0,Male,Beauty,Hair Dryer,1,414.45,East,414.45
1313,2024-10-19,50.0,Male,Clothing,Winter Hoodie,1,961.15,West,961.15
1314,2025-02-02,21.0,Female,Sports,Cricket Bat,1,1434.36,East,1434.36
1315,2025-01-01,24.0,Male,Home & Kitchen,Table Lamp,2,1331.5,East,2663.0
1316,2025-01-08,33.0,Female,Sports,Cricket Bat,1,1475.64,North,1475.64
1317,2025-02-11,46.0,Male,Sports,Cricket Bat,2,2614.19,Central,5228.38
1318,2024-10-14,42.0,Female,Home & Kitchen,Table Lamp,1,1342.1,South,1342.1
1319,2025-07-09,38.0,Female,Clothing,Formal Shirt,1,1238.09,East,1238.09
1320,2025-08-26,50.0,Female,Beauty,Perfume,1,587.78,North,587.78
1321,2025-06-19,31.0,Female,Sports,Football,1,1356.99,East,1356.99
1322,2024-09-21,37.0,Female,Home & Kitchen,Storage Rack,1,1488.24,East,1488.24
1323,2024-02-23,20.0,Female,Electronics,Bluetooth Speaker,1,2241.92,West,2241.92
1324,2024-11-12,22.0,Female,Clothing,Winter Hoodie,3,1117.52,East,3352.56
1325,2025-06-04,24.0,Female,Beauty,Hair Dryer,2,603.34,West,1206.68
1326,2025-08-09,36.0,Female,Sports,Cricket Bat,3,1122.24,East,3366.72
1327,2024-11-21,37.0,Male,Beauty,Perfume,2,834.06,East,1668.12
1328,2025-05-07,51.0,Female,Beauty,Hair Dryer,1,726.68,North,726.68
1329,2025-07-03,33.0,Male,Clothing,Denim Jacket,1,717.39,Central,717.39
1330,2025-05-25,16.0,Female,Home & Kitchen,Non-stick Pan,2,991.49,North,1982.98
1331,2025-06-27,23.0,Female,Electronics,Wireless Earbuds,1,3408.0,South,3408.0
1332,2024-06-12,26.0,Female,Electronics,Wireless Earbuds,2,2754.17,Central,5508.34
1333,2024-05-13,19.0,Male,Electronics,Wireless Earbuds,1,3265.17,Central,3265.17
1334,2025-10-04,37.0,Female,Clothing,Formal Shirt,3,809.02,South,2427.06
1335,2025-01-31,33.0,Female,Clothing,Formal Shirt,1,948.17,North,948.17
1336,2024-07-24,21.0,Male,Clothing,Denim Jacket,2,476.33,South,952.66
1337,2025-07-14,36.0,Male,Electronics,Bluetooth Speaker,4,2635.48,North,10541.92
1338,2025-06-22,34.0,Female,Electronics,Power Bank,2,5575.61,Central,11151.22
1339,2024-11-26,16.0,Male,Clothing,Winter Hoodie,1,1032.39,West,1032.39
1340,2024-10-13,45.0,Female,Home & Kitchen,Table Lamp,1,1417.47,West,1417.47
1341,2025-09-02,26.0,Female,Sports,Cricket Bat,1,1588.6,South,1588.6
1342,2024-11-15,33.0,Female,Electronics,Wireless Earbuds,4,3221.46,North,12885.84
1343,2024-10-08,32.0,Female,Clothing,Denim Jacket,1,1260.52,West,1260.52
1344,2025-07-22,48.0,Female,Beauty,Sunscreen,3,875.16,North,2625.48
1345,2024-06-11,46.0,Female,Home & Kitchen,Storage Rack,2,1245.4,Central,2490.8
1346,2024-09-21,16.0,Female,Clothing,Denim Jacket,1,1069.28,Central,1069.28
1347,2025-05-08,29.0,Female,Sports,Cricket Bat,1,1301.34,West,1301.34
1348,2025-10-09,38.0,Male,Home & Kitchen,Storage Rack,3,1398.16,East,4194.48
1349,2024-07-13,31.0,Female,Sports,Football,2,2057.24,West,4114.48
1350,2025-03-26,39.0,Male,Beauty,Lipstick Set,3,620.1,South,1860.3
1351,2025-08-09,29.0,Female,Beauty,Face Serum,2,569.51,South,1139.02
1352,2025-07-29,23.0,Male,Sports,Dumbbell Set,4,1550.99,Central,6203.96
1353,2024-11-25,53.0,Male,Sports,Dumbbell Set,4,2392.64,East,9570.56
1354,2025-03-25,28.0,Male,Clothing,Running Shoes,2,728.8,West,1457.6
1355,2024-11-21,58.0,Female,Home & Kitchen,Vacuum Flask,2,898.44,North,1796.88
1356,2024-11-15,45.0,Male,Sports,Football,1,1414.78,South,1414.78
1357,2024-12-19,36.0,Male,Sports,Football,1,2008.84,North,2008.84
1358,2024-04-04,37.0,Female,Home & Kitchen,Blender,2,841.44,North,1682.88
1359,2025-06-14,37.0,Male,Electronics,Power Bank,2,2192.25,South,4384.5
1360,2024-10-02,53.0,Male,Sports,Dumbbell Set,1,1779.58,Central,1779.58
1361,2025-04-02,31.0,Male,Clothing,Formal Shirt,1,1014.02,East,1014.02
1362,2025-01-16,52.0,Female,Clothing,Formal Shirt,2,837.39,Central,1674.78
1363,2025-04-12,41.0,Female,Home & Kitchen,Blender,2,1467.78,North,2935.56
1364,2024-09-17,52.0,Female,Electronics,Smartwatch,2,3794.65,West,7589.3
1365,2024-10-18,25.0,Female,Sports,Cricket Bat,1,1148.2,East,1148.2
1366,2024-04-17,31.0,Female,Home & Kitchen,Table Lamp,3,1274.25,East,3822.75
1367,2024-07-17,27.0,Male,Beauty,Sunscreen,1,649.1,Central,649.1
1368,2024-10-25,42.0,Female,Beauty,Hair Dryer,2,865.02,West,1730.04
1369,2025-11-16,43.0,Male,Sports,Dumbbell Set,2,1931.06,East,3862.12
1370,2025-09-28,31.0,Male,Clothing,Winter Hoodie,1,1079.74,South,1079.74
1371,2025-05-21,42.0,Male,Electronics,Power Bank,1,2201.07,North,2201.07
1372,2025-02-04,16.0,Female,Home & Kitchen,Table Lamp,1,2370.13,North,2370.13
1373,2025-05-02,22.0,Female,Home & Kitchen,Vacuum Flask,2,1108.78,North,2217.56
1374,2025-04-10,29.0,Female,Clothing,Winter Hoodie,2,1127.57,South,2255.14
1375,2024-08-28,48.0,Female,Electronics,Wireless Earbuds,2,1585.41,East,3170.82
1376,2024-01-25,25.0,Female,Beauty,Face Serum,1,660.09,South,660.09
1377,2024-07-04,46.0,Male,Beauty,Lipstick Set,2,818.15,South,1636.3
1378,2024-08-04,23.0,Female,Electronics,Bluetooth Speaker,1,2833.63,South,2833.63
1379,2024-07-13,49.0,Male,Home & Kitchen,Storage Rack,1,1550.79,South,1550.79
1380,2024-07-19,32.0,Male,Sports,Cycling Helmet,1,1637.89,North,1637.89
1381,2025-07-15,28.0,Male,Beauty,Face Serum,2,637.31,West,1274.62
1382,2024-05-16,16.0,Female,Sports,Football,4,1895.46,West,7581.84
1383,2024-08-21,19.0,Female,Home & Kitchen,Blender,1,1169.71,South,1169.71
1384,2024-08-10,64.0,Female,Electronics,Power Bank,3,2282.84,West,6848.52
1385,2024-11-15,34.0,Female,Electronics,Laptop Sleeve,1,3743.37,Central,3743.37
1386,2024-10-22,17.0,Female,Electronics,Wireless Earbuds,2,4376.08,North,8752.16
1387,2025-11-24,34.0,Male,Clothing,Denim Jacket,1,709.6,West,709.6
1388,2025-03-28,26.0,Female,Sports,Cricket Bat,1,1791.44,North,1791.44
1389,2024-10-14,34.0,Female,Clothing,Formal Shirt,1,1406.21,West,1406.21
1390,2025-05-10,35.0,Female,Beauty,Face Serum,2,723.28,West,1446.56
1391,2025-01-15,34.0,Male,Home & Kitchen,Table Lamp,2,1434.69,East,2869.38
1392,2025-07-15,39.0,Male,Home & Kitchen,Vacuum Flask,1,853.25,North,853.25
1393,2024-04-27,16.0,Male,Home & Kitchen,Blender,1,1786.78,West,1786.78
1394,2024-11-20,16.0,Female,Sports,Football,1,1739.9,North,1739.9
1395,2024-04-03,29.0,Male,Clothing,Running Shoes,1,725.45,North,725.45
1396,2025-08-16,16.0,Male,Electronics,Laptop Sleeve,2,4029.45,West,8058.9
1397,2024-04-30,48.0,Female,Beauty,Hair Dryer,3,502.74,South,1508.22
1398,2024-03-03,32.0,Female,Sports,Football,1,1870.21,North,1870.21
1399,2024-09-06,26.0,Male,Sports,Yoga Mat,1,1105.6,North,1105.6
1400,2024-07-14,50.0,Male,Electronics,Wireless Earbuds,1,2041.1,East,2041.1
1401,2025-01-21,16.0,Male,Clothing,Formal Shirt,3,1218.37,West,3655.11
1402,2024-06-23,35.0,Female,Beauty,Sunscreen,3,750.5,North,2251.5
1403,2025-08-21,30.0,Female,Electronics,Smartwatch,1,2755.56,North,2755.56
1404,2025-08-06,32.0,Female,Electronics,Wireless Earbuds,2,3613.77,West,7227.54
1405,2024-03-01,47.0,Male,Clothing,Formal Shirt,1,915.13,West,915.13
1406,2024-05-13,41.0,Male,Home & Kitchen,Vacuum Flask,1,1702.6,South,1702.6
1407,2025-07-16,37.0,Female,Clothing,Denim Jacket,1,1171.23,East,1171.23
1408,2024-08-30,28.0,Female,Electronics,Laptop Sleeve,1,3020.62,East,3020.62
1409,2025-01-09,35.0,Female,Electronics,Power Bank,4,2943.4,West,11773.6
1410,2025-07-06,51.0,Male,Sports,Cycling Helmet,1,1319.43,West,1319.43
1411,2024-08-23,47.0,Male,Home & Kitchen,Blender,1,2169.12,East,2169.12
1412,2025-08-31,31.0,Female,Beauty,Sunscreen,1,535.35,North,535.35
1413,2025-05-15,43.0,Male,Sports,Yoga Mat,4,1382.44,South,5529.76
1414,2025-05-23,35.0,Male,Electronics,Bluetooth Speaker,1,2601.55,East,2601.55
1415,2025-07-03,16.0,Female,Beauty,Lipstick Set,1,654.56,West,654.56
1416,2025-01-08,27.0,Female,Home & Kitchen,Table Lamp,4,1788.65,West,7154.6
1417,2024-09-15,28.0,Male,Clothing,Winter Hoodie,3,764.56,South,2293.68
1418,2024-11-01,35.0,Male,Home & Kitchen,Vacuum Flask,4,1559.32,North,6237.28
1419,2024-12-14,44.0,Female,Clothing,Cotton T-Shirt,2,930.89,East,1861.78
1420,2024-12-18,20.0,Male,Home & Kitchen,Blender,1,1338.85,South,1338.85
1421,2025-04-02,47.0,Female,Sports,Cricket Bat,2,1751.61,West,3503.22
1422,2025-01-20,32.0,Female,Beauty,Sunscreen,1,685.85,East,685.85
1423,2025-02-28,52.0,Male,Beauty,Hair Dryer,1,620.31,West,620.31
1424,2025-07-21,40.0,Male,Home & Kitchen,Vacuum Flask,1,1797.14,Central,1797.14
1425,2025-04-30,35.0,Male,Sports,Cycling Helmet,1,1245.99,South,1245.99
1426,2025-08-30,56.0,Female,Home & Kitchen,Storage Rack,1,1503.47,South,1503.47
1427,2025-07-20,44.0,Female,Beauty,Hair Dryer,2,602.07,West,1204.14
1428,2025-06-10,43.0,Male,Electronics,Wireless Earbuds,1,943.86,West,943.86
1429,2025-05-29,26.0,Male,Clothing,Cotton T-Shirt,1,1085.64,West,1085.64
1430,2024-09-22,34.0,Male,Electronics,Wireless Earbuds,1,2512.74,Central,2512.74
1431,2025-08-20,58.0,Female,Beauty,Perfume,3,915.62,West,2746.86
1432,2025-01-02,38.0,Male,Sports,Dumbbell Set,3,848.93,North,2546.79
1433,2024-10-02,34.0,Male,Sports,Dumbbell Set,1,1826.3,West,1826.3
1434,2025-05-21,37.0,Male,Sports,Yoga Mat,1,1215.58,North,1215.58
1435,2024-03-21,32.0,Female,Clothing,Winter Hoodie,1,413.76,West,413.76
1436,2024-03-25,49.0,Female,Electronics,Bluetooth Speaker,1,3140.73,North,3140.73
1437,2025-04-19,35.0,Male,Clothing,Winter Hoodie,1,890.02,North,890.02
1438,2025-05-10,41.0,Male,Beauty,Hair Dryer,1,362.77,West,362.77
1439,2024-10-06,53.0,Female,Clothing,Formal Shirt,1,1229.95,Central,1229.95
1440,2024-02-15,38.0,Male,Sports,Dumbbell Set,1,1558.98,West,1558.98
1441,2025-08-09,29.0,Male,Beauty,Hair Dryer,2,343.55,North,687.1
1442,2025-07-13,31.0,Female,Clothing,Cotton T-Shirt,1,741.71,North,741.71
1443,2024-12-19,17.0,Female,Beauty,Lipstick Set,4,884.03,East,3536.12
1444,2024-08-21,45.0,Male,Electronics,Wireless Earbuds,1,3452.27,North,3452.27
1445,2025-07-31,43.0,Female,Home & Kitchen,Blender,2,1326.23,Central,2652.46
1446,2024-11-08,38.0,Male,Beauty,Face Serum,2,336.6,East,673.2
1447,2024-06-08,26.0,Female,Home & Kitchen,Table Lamp,1,1301.76,West,1301.76
1448,2025-01-03,16.0,Male,Electronics,Wireless Earbuds,1,3553.84,East,3553.84
1449,2024-09-22,43.0,Male,Clothing,Running Shoes,1,1182.49,North,1182.49
1450,2025-10-23,54.0,Female,Electronics,Power Bank,2,1526.68,South,3053.36
1451,2024-03-30,16.0,Male,Sports,Cycling Helmet,1,1443.52,West,1443.52
1452,2025-10-11,34.0,Female,Home & Kitchen,Vacuum Flask,1,2024.09,East,2024.09
1453,2024-07-16,56.0,Male,Sports,Cricket Bat,4,1508.55,East,6034.2
1454,2024-12-01,42.0,Male,Electronics,Laptop Sleeve,2,2664.72,West,5329.44
1455,2024-04-08,16.0,Male,Clothing,Denim Jacket,1,528.49,Central,528.49
1456,2024-09-18,40.0,Male,Beauty,Hair Dryer,1,458.79,South,458.79
1457,2024-06-22,43.0,Male,Electronics,Bluetooth Speaker,1,3957.24,East,3957.24
1458,2025-06-14,34.0,Female,Clothing,Denim Jacket,1,831.27,North,831.27
1459,2025-02-20,41.0,Male,Clothing,Denim Jacket,2,1145.31,East,2290.62
1460,2025-12-08,30.0,Male,Electronics,Bluetooth Speaker,2,3628.46,Central,7256.92
1461,2024-10-11,38.0,Female,Clothing,Winter Hoodie,1,740.9,East,740.9
1462,2024-09-16,56.0,Female,Electronics,Smartwatch,4,3800.2,East,15200.8
1463,2025-02-20,34.0,Male,Clothing,Cotton T-Shirt,1,1398.87,West,1398.87
1464,2025-03-08,40.0,Male,Home & Kitchen,Non-stick Pan,1,1344.02,East,1344.02
1465,2024-06-27,21.0,Male,Home & Kitchen,Table Lamp,3,1356.15,South,4068.45
1466,2024-09-19,29.0,Male,Home & Kitchen,Vacuum Flask,1,1473.72,East,1473.72
1467,2025-02-16,35.0,Female,Sports,Football,1,2112.34,West,2112.34
1468,2025-05-29,26.0,Female,Electronics,Bluetooth Speaker,1,3626.69,West,3626.69
1469,2024-06-23,44.0,Male,Sports,Cycling Helmet,1,1264.51,West,1264.51
1470,2025-08-01,31.0,Female,Sports,Dumbbell Set,2,1911.38,Central,3822.76
1471,2024-01-21,44.0,Female,Clothing,Formal Shirt,1,1296.64,Central,1296.64
1472,2025-07-24,52.0,Female,Home & Kitchen,Blender,2,645.76,Central,1291.52
1473,2025-03-18,34.0,Male,Sports,Cricket Bat,2,2019.24,East,4038.48
1474,2025-01-04,37.0,Male,Beauty,Lipstick Set,1,610.59,South,610.59
1475,2024-12-08,46.0,Male,Home & Kitchen,Table Lamp,1,1593.03,South,1593.03
1476,2024-09-22,33.0,Male,Beauty,Sunscreen,1,441.29,East,441.29
1477,2024-07-02,46.0,Male,Clothing,Formal Shirt,1,766.76,South,766.76
1478,2024-12-09,57.0,Female,Home & Kitchen,Blender,1,1446.07,West,1446.07
1479,2024-04-21,48.0,Male,Sports,Cycling Helmet,1,1365.26,East,1365.26
1480,2024-08-27,36.0,Male,Clothing,Formal Shirt,1,721.67,South,721.67
1481,2024-11-07,34.0,Female,Electronics,Bluetooth Speaker,2,3161.43,East,6322.86
1482,2024-05-28,45.0,Male,Home & Kitchen,Non-stick Pan,1,1786.06,East,1786.06
1483,2025-05-11,35.0,Female,Sports,Yoga Mat,4,1744.05,West,6976.2
1484,2024-11-09,35.0,Male,Clothing,Denim Jacket,4,1006.42,North,4025.68
1485,2025-04-23,40.0,Female,Clothing,Winter Hoodie,2,1289.17,South,2578.34
1486,2025-04-13,30.0,Male,Clothing,Running Shoes,1,1081.42,South,1081.42
1487,2025-07-22,57.0,Male,Clothing,Denim Jacket,1,1515.49,West,1515.49
1488,2024-07-08,23.0,Female,Clothing,Winter Hoodie,1,1081.99,Central,1081.99
1489,2025-01-22,46.0,Male,Sports,Cycling Helmet,1,2194.09,East,2194.09
1490,2025-04-03,19.0,Female,Electronics,Smartwatch,1,3474.69,West,3474.69
1491,2025-04-23,27.0,Female,Electronics,Smartwatch,1,3330.08,South,3330.08
1492,2024-12-01,31.0,Female,Electronics,Laptop Sleeve,2,3070.01,North,6140.02
1493,2025-09-02,40.0,Male,Home & Kitchen,Blender,1,1328.51,North,1328.51
1494,2024-11-15,35.0,Female,Electronics,Laptop Sleeve,3,2835.75,East,8507.25
1495,2024-06-05,26.0,Male,Electronics,Wireless Earbuds,2,2788.96,East,5577.92
1496,2024-07-21,33.0,Female,Clothing,Denim Jacket,1,1168.36,South,1168.36
1497,2024-12-21,36.0,Male,Clothing,Winter Hoodie,1,1162.83,East,1162.83
1498,2024-06-27,35.0,Male,Electronics,Bluetooth Speaker,2,2533.15,North,5066.3
1499,2024-04-07,41.0,Female,Sports,Yoga Mat,1,1053.28,Central,1053.28
1500,2025-02-26,48.0,Female,Electronics,Bluetooth Speaker,2,1616.54,West,3233.08
1501,2024-03-30,50.0,Female,Electronics,Bluetooth Speaker,2,2162.87,North,4325.74
1502,2024-09-14,34.0,Female,Clothing,Formal Shirt,1,551.36,North,551.36
1503,2024-08-19,38.0,Male,Electronics,Wireless Earbuds,1,3227.42,South,3227.42
1504,2024-10-30,22.0,Female,Clothing,Cotton T-Shirt,1,875.76,West,875.76
1505,2024-12-14,16.0,Male,Home & Kitchen,Storage Rack,2,1699.18,South,3398.36
1506,2025-05-22,53.0,Male,Home & Kitchen,Table Lamp,2,1551.59,Central,3103.18
1507,2025-11-07,30.0,Male,Electronics,Smartwatch,2,2465.91,North,4931.82
1508,2025-08-31,46.0,Male,Electronics,Smartwatch,1,4340.12,North,4340.12
1509,2025-01-25,39.0,Male,Electronics,Smartwatch,1,2577.77,South,2577.77
1510,2024-12-19,38.0,Female,Sports,Cricket Bat,1,2026.93,East,2026.93
1511,2024-08-09,20.0,Female,Electronics,Smartwatch,4,3689.93,Central,14759.72
1512,2025-06-12,30.0,Male,Beauty,Perfume,1,472.24,South,472.24
1513,2025-04-07,34.0,Female,Electronics,Laptop Sleeve,3,3992.64,West,11977.92
1514,2025-03-12,40.0,Male,Electronics,Power Bank,2,3156.32,Central,6312.64
1515,2024-08-21,38.0,Female,Sports,Dumbbell Set,2,1448.04,East,2896.08
1516,2024-12-12,44.0,Female,Clothing,Cotton T-Shirt,3,805.84,South,2417.52
1517,2025-03-08,21.0,Male,Beauty,Face Serum,1,826.18,West,826.18
1518,2025-06-19,45.0,Female,Sports,Football,1,1872.38,Central,1872.38
1519,2024-10-21,50.0,Male,Clothing,Formal Shirt,1,770.26,South,770.26
1520,2024-03-06,54.0,Male,Clothing,Cotton T-Shirt,3,908.17,Central,2724.51
1521,2025-05-10,16.0,Female,Clothing,Winter Hoodie,1,992.34,South,992.34
1522,2024-06-15,60.0,Female,Beauty,Lipstick Set,3,539.78,West,1619.34
1523,2024-09-04,26.0,Female,Clothing,Running Shoes,1,922.32,West,922.32
1524,2025-02-11,53.0,Female,Electronics,Bluetooth Speaker,1,1792.06,East,1792.06
1525,2025-04-25,27.0,Male,Beauty,Face Serum,1,844.37,West,844.37
1526,2025-05-11,50.0,Female,Electronics,Laptop Sleeve,2,3757.6,West,7515.2
1527,2024-07-12,28.0,Male,Clothing,Winter Hoodie,1,825.2,South,825.2
1528,2025-07-24,23.0,Female,Electronics,Bluetooth Speaker,1,3743.63,South,3743.63
1529,2024-05-19,26.0,Female,Electronics,Laptop Sleeve,2,3118.48,West,6236.96
1530,2024-11-18,40.0,Female,Clothing,Winter Hoodie,1,1149.74,West,1149.74
1531,2024-12-17,47.0,Male,Beauty,Sunscreen,2,570.96,North,1141.92
1532,2024-11-18,16.0,Female,Clothing,Denim Jacket,1,954.59,North,954.59
1533,2025-01-17,46.0,Male,Sports,Dumbbell Set,2,1145.83,South,2291.66
1534,2025-07-06,27.0,Female,Electronics,Bluetooth Speaker,3,3020.1,West,9060.3
1535,2025-03-05,36.0,Male,Electronics,Wireless Earbuds,3,2503.14,West,7509.42
1536,2024-09-14,53.0,Male,Home & Kitchen,Blender,2,1355.97,South,2711.94
1537,2025-02-01,47.0,Male,Clothing,Denim Jacket,1,729.85,West,729.85
1538,2025-01-09,31.0,Female,Clothing,Winter Hoodie,1,757.08,South,757.08
1539,2024-12-21,49.0,Female,Home & Kitchen,Non-stick Pan,2,956.27,East,1912.54
1540,2024-10-02,35.0,Male,Sports,Cycling Helmet,3,1471.2,East,4413.6
1541,2024-10-11,43.0,Male,Electronics,Laptop Sleeve,2,4857.84,North,9715.68
1542,2024-10-11,16.0,Female,Home & Kitchen,Blender,1,1735.27,East,1735.27
1543,2025-01-14,24.0,Female,Electronics,Laptop Sleeve,2,3015.65,East,6031.3
1544,2024-07-11,47.0,Female,Clothing,Winter Hoodie,1,1000.2,Central,1000.2
1545,2024-03-27,30.0,Female,Sports,Football,2,1307.75,Central,2615.5
1546,2024-11-25,23.0,Female,Clothing,Winter Hoodie,1,1153.92,East,1153.92
1547,2025-10-02,31.0,Male,Electronics,Bluetooth Speaker,1,3552.66,East,3552.66
1548,2024-04-15,36.0,Female,Home & Kitchen,Vacuum Flask,1,994.72,North,994.72
1549,2024-09-27,48.0,Male,Clothing,Running Shoes,2,819.8,Central,1639.6
1550,2024-10-12,57.0,Male,Clothing,Running Shoes,2,443.37,South,886.74
1551,2025-07-22,25.0,Male,Beauty,Sunscreen,4,713.05,West,2852.2
1552,2025-06-05,16.0,Female,Clothing,Denim Jacket,2,950.23,East,1900.46
1553,2025-09-06,28.0,Male,Beauty,Sunscreen,1,616.12,Central,616.12
1554,2025-03-02,32.0,Male,Clothing,Running Shoes,1,1109.59,West,1109.59
1555,2025-08-22,46.0,Female,Beauty,Hair Dryer,1,396.5,East,396.5
1556,2024-08-16,23.0,Female,Clothing,Formal Shirt,4,1000.95,Central,4003.8
1557,2025-04-06,47.0,Female,Beauty,Hair Dryer,2,768.53,North,1537.06
1558,2024-10-19,43.0,Female,Clothing,Winter Hoodie,2,1286.16,West,2572.32
1559,2024-12-14,40.0,Male,Clothing,Winter Hoodie,2,772.53,South,1545.06
1560,2024-11-04,24.0,Female,Clothing,Running Shoes,1,850.47,West,850.47
1561,2024-11-29,46.0,Male,Clothing,Formal Shirt,2,1139.85,South,2279.7
1562,2025-04-19,56.0,Female,Clothing,Formal Shirt,2,712.56,Central,1425.12
1563,2024-09-04,16.0,Male,Beauty,Face Serum,3,545.25,South,1635.75
1564,2025-06-06,31.0,Female,Beauty,Sunscreen,3,262.74,East,788.22
1565,2025-06-05,40.0,Male,Electronics,Smartwatch,2,2577.37,West,5154.74
1566,2025-02-17,34.0,Female,Electronics,Laptop Sleeve,1,2357.49,East,2357.49
1567,2025-01-14,25.0,Male,Sports,Cricket Bat,2,1975.43,West,3950.86
1568,2024-05-08,35.0,Male,Clothing,Formal Shirt,4,1018.7,North,4074.8
1569,2024-04-16,46.0,Male,Electronics,Wireless Earbuds,2,3294.9,West,6589.8
1570,2024-10-19,,Male,Electronics,Laptop Sleeve,4,3440.53,South,13762.12
1571,2025-01-08,35.0,Female,Sports,Cycling Helmet,3,1866.94,Central,5600.82
1572,2025-06-21,16.0,Male,Clothing,Formal Shirt,1,845.97,West,845.97
1573,2024-09-05,40.0,Male,Electronics,Bluetooth Speaker,1,3666.52,North,3666.52
1574,2024-09-09,29.0,Male,Clothing,Formal Shirt,1,1249.06,North,1249.06
1575,2024-07-18,52.0,Female,Electronics,Smartwatch,2,2087.85,Central,4175.7
1576,2025-11-01,38.0,Male,Sports,Cricket Bat,3,919.95,North,2759.85
1577,2025-03-30,34.0,Male,Clothing,Denim Jacket,1,785.15,North,785.15
1578,2025-04-04,45.0,Male,Home & Kitchen,Non-stick Pan,1,1361.31,West,1361.31
1579,2025-04-05,40.0,Female,Electronics,Laptop Sleeve,3,3997.17,West,11991.51
1580,2025-03-23,23.0,Female,Sports,Cricket Bat,1,1018.89,East,1018.89
1581,2025-07-20,32.0,Male,Electronics,Bluetooth Speaker,2,3670.59,South,7341.18
1582,2024-12-31,21.0,Female,Home & Kitchen,Storage Rack,2,1227.4,Central,2454.8
1583,2025-06-09,26.0,Female,Clothing,Cotton T-Shirt,1,777.86,East,777.86
1584,2024-07-01,50.0,Female,Home & Kitchen,Storage Rack,2,1261.23,North,2522.46
1585,2024-12-14,49.0,Female,Electronics,Wireless Earbuds,1,4415.52,South,4415.52
1586,2025-04-11,38.0,Female,Beauty,Hair Dryer,2,794.78,North,1589.56
1587,2024-06-18,42.0,Female,Beauty,Perfume,1,784.0,North,784.0
1588,2025-04-24,49.0,Male,Clothing,Denim Jacket,1,939.49,South,939.49
1589,2024-08-29,44.0,Female,Clothing,Formal Shirt,1,433.17,West,433.17
1590,2024-10-07,42.0,Female,Clothing,Formal Shirt,1,602.62,South,602.62
1591,2025-01-22,21.0,Male,Sports,Cricket Bat,1,1976.25,West,1976.25
1592,2025-01-11,40.0,Female,Electronics,Laptop Sleeve,3,3167.19,West,9501.57
1593,2024-11-03,21.0,Male,Home & Kitchen,Table Lamp,3,1499.56,Central,4498.68
1594,2024-08-20,36.0,Female,Electronics,Wireless Earbuds,1,2038.5,South,2038.5
1595,2025-10-30,51.0,Female,Home & Kitchen,Vacuum Flask,4,1441.01,East,5764.04
1596,2025-04-21,21.0,Male,Electronics,Laptop Sleeve,1,4177.76,South,4177.76
1597,2024-12-06,45.0,Female,Clothing,Formal Shirt,1,948.48,East,948.48
1598,2025-10-13,45.0,Male,Electronics,Power Bank,1,3296.33,Central,3296.33
1599,2024-11-16,36.0,Male,Clothing,Cotton T-Shirt,3,959.05,Central,2877.15
1600,2025-05-15,43.0,Female,Beauty,Face Serum,2,701.89,North,1403.78
1601,2024-04-23,33.0,Male,Home & Kitchen,Storage Rack,1,1357.82,North,1357.82
1602,2025-01-31,34.0,Male,Sports,Cycling Helmet,2,2111.01,North,4222.02
1603,2025-05-05,25.0,Male,Beauty,Lipstick Set,1,776.04,West,776.04
1604,2024-01-26,40.0,Male,Sports,Dumbbell Set,1,993.17,North,993.17
1605,2025-07-07,24.0,Male,Clothing,Formal Shirt,1,1143.3,North,1143.3
1606,2024-12-28,33.0,Male,Electronics,Wireless Earbuds,2,3317.31,West,6634.62
1607,2024-08-12,28.0,Male,Beauty,Lipstick Set,1,499.41,East,499.41
1608,2025-05-05,47.0,Female,Sports,Yoga Mat,1,1824.92,East,1824.92
1609,2025-07-04,50.0,Female,Electronics,Laptop Sleeve,1,2415.75,Central,2415.75
1610,2024-08-03,,Male,Clothing,Running Shoes,1,1258.63,North,1258.63
1611,2024-08-17,35.0,Female,Sports,Dumbbell Set,1,1883.36,West,1883.36
1612,2025-03-29,58.0,Female,Sports,Football,1,2308.26,Central,2308.26
1613,2024-11-09,38.0,Male,Sports,Football,1,1005.41,Central,1005.41
1614,2024-10-18,42.0,Female,Clothing,Denim Jacket,1,717.48,East,717.48
1615,2025-09-17,32.0,Male,Sports,Cricket Bat,2,727.53,Central,1455.06
1616,2024-06-02,22.0,Female,Home & Kitchen,Storage Rack,2,1282.58,West,2565.16
1617,2024-07-13,38.0,Male,Electronics,Wireless Earbuds,2,2823.21,North,5646.42
1618,2025-05-15,36.0,Male,Sports,Cycling Helmet,3,2159.61,South,6478.83
1619,2025-06-26,44.0,Female,Electronics,Wireless Earbuds,1,3932.86,South,3932.86
1620,2024-07-25,46.0,Female,Clothing,Formal Shirt,1,696.64,South,696.64
1621,2024-04-01,40.0,Male,Electronics,Power Bank,3,2107.07,South,6321.21
1622,2024-07-30,38.0,Male,Sports,Cycling Helmet,1,1877.93,West,1877.93
1623,2024-12-30,19.0,Female,Clothing,Winter Hoodie,1,676.01,North,676.01
1624,2025-04-01,39.0,Female,Beauty,Sunscreen,3,840.28,North,2520.84
1625,2024-09-18,44.0,Male,Electronics,Wireless Earbuds,2,2554.14,North,5108.28
1626,2025-07-09,69.0,Male,Clothing,Cotton T-Shirt,1,821.8,North,821.8
1627,2024-10-31,22.0,Male,Beauty,Lipstick Set,1,776.01,South,776.01
1628,2025-02-02,26.0,Male,Sports,Cycling Helmet,1,2008.56,Central,2008.56
1629,2024-05-23,48.0,Female,Home & Kitchen,Table Lamp,1,1216.45,Central,1216.45
1630,2024-04-14,28.0,Female,Sports,Cricket Bat,2,1323.47,South,2646.94
1631,2025-04-16,49.0,Female,Clothing,Denim Jacket,1,1033.06,Central,1033.06
1632,2024-12-13,34.0,Male,Beauty,Hair Dryer,1,509.68,Central,509.68
1633,2025-01-26,53.0,Male,Sports,Yoga Mat,3,1383.17,East,4149.51
1634,2025-09-01,30.0,Male,Home & Kitchen,Blender,1,1257.34,South,1257.34
1635,2024-07-02,16.0,Female,Electronics,Wireless Earbuds,2,2296.41,West,4592.82
1636,2024-03-30,16.0,Female,Home & Kitchen,Table Lamp,1,1489.37,South,1489.37
1637,2025-08-15,29.0,Female,Electronics,Power Bank,1,2503.0,North,2503.0
1638,2024-05-19,25.0,Male,Beauty,Sunscreen,1,774.65,North,774.65
1639,2025-08-02,41.0,Male,Electronics,Laptop Sleeve,2,2870.2,West,5740.4
1640,2024-09-14,52.0,Female,Home & Kitchen,Table Lamp,2,1189.87,North,2379.74
1641,2024-08-04,50.0,Male,Beauty,Sunscreen,3,513.38,West,1540.14
1642,2025-10-26,42.0,Male,Home & Kitchen,Vacuum Flask,1,1626.01,West,1626.01
1643,2024-11-26,16.0,Female,Home & Kitchen,Table Lamp,1,1342.05,West,1342.05
1644,2025-08-19,52.0,Female,Beauty,Hair Dryer,3,1005.82,Central,3017.46
1645,2025-08-25,25.0,Female,Clothing,Winter Hoodie,1,1038.2,East,1038.2
1646,2024-09-28,27.0,Male,Clothing,Running Shoes,1,1155.24,Central,1155.24
1647,2025-07-13,52.0,Male,Home & Kitchen,Table Lamp,1,1781.84,North,1781.84
1648,2025-01-13,53.0,Female,Electronics,Bluetooth Speaker,1,4198.92,North,4198.92
1649,2024-07-29,33.0,Female,Sports,Football,3,1963.63,West,5890.89
1650,2024-11-23,27.0,Female,Sports,Football,2,1591.63,South,3183.26
1651,2024-09-15,36.0,Male,Home & Kitchen,Vacuum Flask,2,976.14,East,1952.28
1652,2025-12-04,44.0,Male,Sports,Football,1,1724.42,North,1724.42
1653,2024-11-08,26.0,Female,Beauty,Sunscreen,2,739.24,East,1478.48
1654,2024-03-14,40.0,Female,Electronics,Wireless Earbuds,3,1423.64,Central,4270.92
1655,2025-05-14,16.0,Male,Home & Kitchen,Storage Rack,2,1305.66,South,2611.32
1656,2025-02-04,24.0,Female,Clothing,Cotton T-Shirt,1,1088.87,South,1088.87
1657,2025-11-16,25.0,Female,Sports,Dumbbell Set,1,1777.45,South,1777.45
1658,2024-07-04,27.0,Male,Electronics,Wireless Earbuds,1,3820.44,East,3820.44
1659,2024-11-14,34.0,Female,Home & Kitchen,Table Lamp,1,883.71,South,883.71
1660,2024-12-09,37.0,Male,Home & Kitchen,Blender,1,1324.49,West,1324.49
1661,2024-03-04,21.0,Male,Sports,Cycling Helmet,1,1540.67,Central,1540.67
1662,2025-02-15,16.0,Male,Home & Kitchen,Table Lamp,1,1415.13,Central,1415.13
1663,2025-05-10,40.0,Male,Sports,Dumbbell Set,2,1878.16,West,3756.32
1664,2025-09-13,44.0,Female,Home & Kitchen,Vacuum Flask,1,1480.87,North,1480.87
1665,2025-07-14,17.0,Female,Sports,Cycling Helmet,3,1738.91,West,5216.73
1666,2024-02-05,34.0,Female,Electronics,Bluetooth Speaker,1,3183.44,South,3183.44
1667,2024-04-02,27.0,Male,Beauty,Lipstick Set,1,689.5,West,689.5
1668,2024-11-10,42.0,Female,Electronics,Laptop Sleeve,1,1998.92,South,1998.92
1669,2025-02-28,26.0,Female,Clothing,Winter Hoodie,2,1302.52,South,2605.04
1670,2024-10-01,32.0,Female,Electronics,Smartwatch,1,2304.77,Central,2304.77
1671,2024-12-12,26.0,Female,Clothing,Formal Shirt,2,754.25,West,1508.5
1672,2025-08-24,22.0,Female,Clothing,Cotton T-Shirt,1,800.64,North,800.64
1673,2025-02-27,16.0,Female,Clothing,Running Shoes,3,965.66,North,2896.98
1674,2024-05-20,48.0,Female,Home & Kitchen,Storage Rack,1,1473.5,West,1473.5
1675,2024-12-13,43.0,Male,Sports,Dumbbell Set,1,1423.41,Central,1423.41
1676,2024-06-21,38.0,Male,Clothing,Running Shoes,1,954.81,Central,954.81
1677,2025-10-06,26.0,Male,Beauty,Perfume,4,707.21,South,2828.84
1678,2025-02-01,40.0,Male,Electronics,Smartwatch,4,2050.68,South,8202.72
1679,2024-10-17,21.0,Female,Clothing,Cotton T-Shirt,1,1121.09,South,1121.09
1680,2024-04-16,45.0,Male,Home & Kitchen,Non-stick Pan,1,1690.78,North,1690.78
1681,2025-04-15,28.0,Female,Sports,Yoga Mat,2,2227.44,South,4454.88
1682,2024-07-18,23.0,Female,Electronics,Power Bank,1,4209.82,North,4209.82
1683,2025-06-21,21.0,Female,Home & Kitchen,Table Lamp,1,1294.89,South,1294.89
1684,2025-10-04,16.0,Female,Home & Kitchen,Non-stick Pan,1,1743.75,Central,1743.75
1685,2024-10-13,30.0,Male,Electronics,Power Bank,4,3093.36,West,12373.44
1686,2024-10-27,33.0,Female,Electronics,Wireless Earbuds,3,4723.74,East,14171.22
1687,2025-01-31,40.0,Female,Clothing,Running Shoes,1,1158.77,West,1158.77
1688,2025-05-08,28.0,Female,Electronics,Laptop Sleeve,1,2755.68,West,2755.68
1689,2025-03-06,19.0,Male,Home & Kitchen,Blender,1,853.22,East,853.22
1690,2024-12-15,16.0,Male,Home & Kitchen,Blender,1,928.76,North,928.76
1691,2025-06-24,40.0,Female,Home & Kitchen,Vacuum Flask,3,1033.59,East,3100.77
1692,2024-12-31,33.0,Male,Electronics,Wireless Earbuds,1,2974.93,South,2974.93
1693,2024-04-16,52.0,Male,Sports,Dumbbell Set,2,2469.31,Central,4938.62
1694,2024-09-30,49.0,Female,Home & Kitchen,Table Lamp,2,1236.36,South,2472.72
1695,2024-12-17,29.0,Male,Sports,Dumbbell Set,1,1944.55,South,1944.55
1696,2025-05-09,18.0,Female,Beauty,Lipstick Set,2,785.54,South,1571.08
1697,2024-10-27,26.0,Female,Beauty,Face Serum,1,582.11,East,582.11
1698,2024-10-16,16.0,Male,Clothing,Cotton T-Shirt,1,959.76,South,959.76
1699,2024-06-17,42.0,Male,Clothing,Formal Shirt,3,1010.98,North,3032.94
1700,2024-12-29,21.0,Female,Sports,Cricket Bat,1,1874.74,East,1874.74
1701,2024-07-20,49.0,Male,Clothing,Running Shoes,2,747.78,East,1495.56
1702,2025-10-28,39.0,Male,Beauty,Lipstick Set,1,698.52,South,698.52
1703,2025-04-10,19.0,Female,Home & Kitchen,Non-stick Pan,2,1270.17,West,2540.34
1704,2024-10-28,30.0,Female,Clothing,Running Shoes,2,822.04,North,1644.08
1705,2025-06-09,48.0,Male,Electronics,Smartwatch,2,2146.74,South,4293.48
1706,2025-02-12,23.0,Male,Sports,Cricket Bat,4,1734.26,South,6937.04
1707,2025-06-08,29.0,Female,Home & Kitchen,Storage Rack,2,789.83,East,1579.66
1708,2025-02-06,51.0,Male,Clothing,Winter Hoodie,1,697.4,North,697.4
1709,2025-04-09,25.0,Female,Electronics,Power Bank,2,2426.2,West,4852.4
1710,2025-07-01,20.0,Female,Clothing,Cotton T-Shirt,1,751.97,South,751.97
1711,2025-03-02,16.0,Female,Beauty,Perfume,2,645.34,Central,1290.68
1712,2025-10-13,16.0,Male,Clothing,Denim Jacket,2,1235.86,East,2471.72
1713,2024-07-17,43.0,Female,Clothing,Running Shoes,2,662.21,Central,1324.42
1714,2025-06-07,46.0,Male,Home & Kitchen,Table Lamp,1,1524.19,South,1524.19
1715,2025-03-16,28.0,Female,Electronics,Power Bank,3,3680.25,East,11040.75
1716,2024-06-10,27.0,Male,Beauty,Lipstick Set,1,431.96,North,431.96
1717,2025-04-05,42.0,Male,Beauty,Sunscreen,1,395.71,East,395.71
1718,2025-10-14,55.0,Male,Electronics,Smartwatch,1,1109.39,Central,1109.39
1719,2025-04-21,37.0,Female,Beauty,Face Serum,1,570.64,West,570.64
1720,2024-03-19,40.0,Male,Electronics,Wireless Earbuds,1,2511.4,South,2511.4
1721,2025-02-05,52.0,Female,Clothing,Cotton T-Shirt,1,746.45,Central,746.45
1722,2024-06-01,36.0,Female,Electronics,Laptop Sleeve,1,4344.02,East,4344.02
1723,2024-06-26,63.0,Female,Home & Kitchen,Non-stick Pan,2,2041.76,North,4083.52
1724,2025-02-25,34.0,Male,Clothing,Denim Jacket,1,1330.74,West,1330.74
1725,2025-08-01,39.0,Female,Electronics,Smartwatch,1,3403.13,Central,3403.13
1726,2024-07-12,39.0,Male,Clothing,Cotton T-Shirt,1,752.82,East,752.82
1727,2025-02-19,47.0,Male,Sports,Dumbbell Set,1,914.57,South,914.57
1728,2024-11-04,37.0,Male,Electronics,Bluetooth Speaker,1,3575.02,Central,3575.02
1729,2024-07-12,47.0,Female,Electronics,Smartwatch,1,2828.16,South,2828.16
1730,2024-05-27,26.0,Female,Beauty,Face Serum,1,747.81,East,747.81
1731,2024-04-15,51.0,Male,Electronics,Wireless Earbuds,1,2629.41,West,2629.41
1732,2024-11-05,56.0,Female,Electronics,Bluetooth Speaker,2,2717.32,West,5434.64
1733,2024-10-16,23.0,Male,Home & Kitchen,Storage Rack,4,1841.52,West,7366.08
1734,2025-02-05,31.0,Female,Sports,Cricket Bat,2,1363.65,North,2727.3
1735,2024-09-09,28.0,Male,Electronics,Smartwatch,1,1922.67,West,1922.67
1736,2025-06-07,34.0,Male,Clothing,Formal Shirt,1,1130.2,East,1130.2
1737,2025-11-01,44.0,Female,Clothing,Winter Hoodie,1,997.6,Central,997.6
1738,2025-06-18,16.0,Female,Sports,Yoga Mat,3,1104.13,East,3312.39
1739,2025-07-19,16.0,Male,Electronics,Wireless Earbuds,1,2366.08,Central,2366.08
1740,2025-03-20,31.0,Male,Beauty,Hair Dryer,1,837.3,East,837.3
1741,2024-10-26,50.0,Male,Clothing,Cotton T-Shirt,1,790.17,Central,790.17
1742,2025-07-06,39.0,Male,Electronics,Power Bank,1,3466.17,North,3466.17
1743,2025-10-31,24.0,Female,Beauty,Perfume,1,415.09,West,415.09
1744,2024-04-17,48.0,Female,Electronics,Laptop Sleeve,1,3082.99,West,3082.99
1745,2024-03-03,20.0,Female,Clothing,Running Shoes,3,672.21,West,2016.63
1746,2024-07-26,35.0,Female,Electronics,Laptop Sleeve,1,2829.27,Central,2829.27
1747,2025-04-20,46.0,Male,Clothing,Denim Jacket,4,1273.45,East,5093.8
1748,2024-08-27,34.0,Male,Sports,Cricket Bat,1,1527.37,Central,1527.37
1749,2025-02-22,44.0,Female,Clothing,Formal Shirt,1,892.95,West,892.95
1750,2025-02-10,26.0,Female,Electronics,Power Bank,1,2872.15,Central,2872.15
1751,2025-05-15,33.0,Female,Home & Kitchen,Storage Rack,1,2248.89,West,2248.89
1752,2024-09-26,16.0,Male,Home & Kitchen,Blender,1,1039.4,South,1039.4
1753,2024-11-12,37.0,Male,Home & Kitchen,Vacuum Flask,3,1285.97,Central,3857.91
1754,2025-01-17,23.0,Female,Sports,Cycling Helmet,1,1321.74,Central,1321.74
1755,2024-04-20,27.0,Male,Beauty,Face Serum,1,601.1,Central,601.1
1756,2024-09-19,34.0,Female,Clothing,Denim Jacket,2,1073.85,South,2147.7
1757,2025-06-05,29.0,Male,Sports,Football,1,1524.03,North,1524.03
1758,2025-05-23,32.0,Female,Electronics,Power Bank,1,2259.35,South,2259.35
1759,2025-09-10,23.0,Female,Clothing,Winter Hoodie,3,838.33,Central,2514.99
1760,2025-02-25,39.0,Female,Electronics,Wireless Earbuds,1,3069.09,East,3069.09
1761,2025-06-27,46.0,Female,Electronics,Power Bank,2,2670.41,North,5340.82
1762,2025-08-15,39.0,Male,Sports,Yoga Mat,4,1746.53,West,6986.12
1763,2024-12-29,31.0,Female,Sports,Cricket Bat,1,1453.5,West,1453.5
1764,2025-03-18,27.0,Male,Electronics,Wireless Earbuds,2,2887.79,North,5775.58
1765,2024-08-05,41.0,Female,Electronics,Bluetooth Speaker,2,2020.61,North,4041.22
1766,2025-08-31,33.0,Male,Electronics,Power Bank,1,3898.99,West,3898.99
1767,2024-05-14,35.0,Male,Electronics,Power Bank,1,3521.76,East,3521.76
1768,2025-04-07,30.0,Male,Home & Kitchen,Blender,1,1865.78,West,1865.78
1769,2025-06-02,40.0,Female,Clothing,Denim Jacket,1,802.79,Central,802.79
1770,2024-12-20,35.0,Female,Electronics,Wireless Earbuds,1,3039.72,North,3039.72
1771,2025-02-20,36.0,Female,Electronics,Smartwatch,2,3533.22,West,7066.44
1772,2025-01-15,16.0,Male,Electronics,Power Bank,1,4236.65,North,4236.65
1773,2024-09-27,52.0,Male,Clothing,Denim Jacket,1,780.55,North,780.55
1774,2024-07-31,43.0,Female,Beauty,Hair Dryer,1,527.78,West,527.78
1775,2025-03-11,30.0,Female,Home & Kitchen,Table Lamp,1,1421.47,East,1421.47
1776,2025-03-05,35.0,Male,Electronics,Wireless Earbuds,1,1828.43,Central,1828.43
1777,2025-08-13,40.0,Male,Clothing,Running Shoes,1,934.56,North,934.56
1778,2024-12-26,16.0,Male,Home & Kitchen,Blender,3,2157.52,North,6472.56
1779,2025-03-25,28.0,Male,Beauty,Face Serum,1,723.22,North,723.22
1780,2025-03-17,23.0,Female,Home & Kitchen,Blender,4,1291.93,Central,5167.72
1781,2025-04-15,21.0,Female,Clothing,Running Shoes,1,1065.99,West,1065.99
1782,2025-07-05,41.0,Female,Electronics,Laptop Sleeve,2,3721.98,South,7443.96
1783,2025-02-03,36.0,Female,Sports,Yoga Mat,2,800.16,West,1600.32
1784,2025-06-01,36.0,Male,Clothing,Formal Shirt,1,882.23,Central,882.23
1785,2025-06-14,18.0,Female,Beauty,Lipstick Set,2,649.65,South,1299.3
1786,2025-09-08,39.0,Male,Sports,Cycling Helmet,1,1131.39,Central,1131.39
1787,2024-05-21,18.0,Female,Electronics,Laptop Sleeve,2,3987.44,Central,7974.88
1788,2025-07-30,26.0,Male,Beauty,Lipstick Set,1,724.13,North,724.13
1789,2025-01-24,26.0,Male,Sports,Cricket Bat,3,1430.11,Central,4290.33
1790,2024-05-09,26.0,Male,Clothing,Running Shoes,3,1073.46,East,3220.38
1791,2025-10-12,32.0,Female,Home & Kitchen,Vacuum Flask,1,1068.88,East,1068.88
1792,2024-03-24,35.0,Female,Sports,Cricket Bat,4,1708.67,Central,6834.68
1793,2025-05-09,22.0,Female,Sports,Cycling Helmet,2,1647.14,North,3294.28
1794,2024-12-17,37.0,Female,Clothing,Running Shoes,3,1207.91,East,3623.73
1795,2025-05-12,29.0,Female,Sports,Cricket Bat,1,1675.64,East,1675.64
1796,2025-11-19,25.0,Male,Clothing,Cotton T-Shirt,1,805.73,West,805.73
1797,2025-01-24,50.0,Male,Clothing,Running Shoes,2,1049.2,Central,2098.4
1798,2025-07-13,33.0,Female,Electronics,Smartwatch,3,3258.44,North,9775.32
1799,2024-06-26,40.0,Male,Home & Kitchen,Storage Rack,3,1457.73,West,4373.19
1800,2025-02-01,32.0,Male,Electronics,Power Bank,1,3957.77,South,3957.77
1801,2024-07-21,32.0,Female,Electronics,Laptop Sleeve,2,2762.34,North,5524.68
1802,2024-08-05,29.0,Female,Clothing,Denim Jacket,2,973.83,North,1947.66
1803,2024-06-15,34.0,Male,Home & Kitchen,Non-stick Pan,3,1206.97,West,3620.91
1804,2025-04-12,16.0,Female,Beauty,Hair Dryer,3,665.65,South,1996.95
1805,2024-05-29,39.0,Male,Clothing,Formal Shirt,1,715.85,South,715.85
1806,2024-10-30,36.0,Male,Home & Kitchen,Vacuum Flask,1,1419.42,East,1419.42
1807,2025-05-24,47.0,Male,Home & Kitchen,Non-stick Pan,1,1550.92,Central,1550.92
1808,2024-11-30,33.0,Male,Home & Kitchen,Storage Rack,3,1875.92,South,5627.76
1809,2024-06-11,33.0,Male,Beauty,Face Serum,1,501.15,West,501.15
1810,2025-03-19,48.0,Female,Home & Kitchen,Vacuum Flask,2,1931.66,North,3863.32
1811,2024-11-30,57.0,Male,Home & Kitchen,Blender,2,960.67,West,1921.34
1812,2024-10-28,39.0,Male,Home & Kitchen,Storage Rack,4,1171.03,North,4684.12
1813,2024-08-26,38.0,Male,Beauty,Lipstick Set,2,614.02,North,1228.04
1814,2025-02-06,26.0,Female,Electronics,Laptop Sleeve,1,2247.13,West,2247.13
1815,2025-07-14,23.0,Male,Clothing,Denim Jacket,1,867.13,East,867.13
1816,2025-01-18,48.0,Female,Electronics,Power Bank,3,2789.21,North,8367.63
1817,2025-04-09,58.0,Female,Beauty,Hair Dryer,1,566.36,West,566.36
1818,2024-11-08,47.0,Male,Electronics,Smartwatch,1,3176.88,North,3176.88
1819,2024-05-09,28.0,Male,Electronics,Laptop Sleeve,1,2971.92,East,2971.92
1820,2024-05-27,16.0,Female,Beauty,Face Serum,1,721.24,West,721.24
1821,2024-06-02,53.0,Male,Electronics,Power Bank,4,2848.12,East,11392.48
1822,2024-07-08,23.0,Male,Sports,Dumbbell Set,1,1898.59,Central,1898.59
1823,2025-07-07,32.0,Male,Home & Kitchen,Table Lamp,1,958.05,West,958.05
1824,2025-11-11,28.0,Male,Home & Kitchen,Vacuum Flask,3,1259.07,South,3777.21
1825,2024-03-19,38.0,Female,Clothing,Formal Shirt,1,1172.55,South,1172.55
1826,2025-06-27,18.0,Female,Clothing,Running Shoes,1,710.13,West,710.13
1827,2024-07-12,44.0,Female,Sports,Football,1,1864.74,West,1864.74
1828,2024-10-02,43.0,Female,Electronics,Power Bank,1,1966.25,Central,1966.25
1829,2024-11-17,40.0,Male,Electronics,Power Bank,2,3011.78,South,6023.56
1830,2025-03-26,27.0,Female,Clothing,Running Shoes,1,1007.21,Central,1007.21
1831,2025-03-22,45.0,Female,Electronics,Smartwatch,1,4244.62,North,4244.62
1832,2025-02-12,24.0,Male,Sports,Dumbbell Set,1,1639.3,Central,1639.3
1833,2025-01-22,16.0,Male,Clothing,Cotton T-Shirt,2,863.99,North,1727.98
1834,2024-12-21,,Female,Clothing,Cotton T-Shirt,3,761.41,South,2284.23
1835,2025-04-16,26.0,Female,Electronics,Smartwatch,3,2284.93,East,6854.79
1836,2025-02-01,23.0,Female,Clothing,Formal Shirt,1,868.7,South,868.7
1837,2025-03-12,45.0,Female,Electronics,Smartwatch,3,4129.29,North,12387.87
1838,2025-03-18,40.0,Male,Clothing,Cotton T-Shirt,2,1008.31,East,2016.62
1839,2025-03-04,30.0,Male,Sports,Dumbbell Set,4,1490.29,East,5961.16
1840,2025-06-18,44.0,Male,Home & Kitchen,Table Lamp,2,1132.89,West,2265.78
1841,2024-06-13,16.0,Male,Electronics,Bluetooth Speaker,1,744.13,East,744.13
1842,2025-02-17,28.0,Female,Home & Kitchen,Vacuum Flask,1,1884.07,West,1884.07
1843,2025-10-20,33.0,Female,Clothing,Denim Jacket,1,812.17,Central,812.17
1844,2024-12-17,27.0,Female,Sports,Cycling Helmet,2,880.26,North,1760.52
1845,2025-07-19,26.0,Female,Electronics,Smartwatch,2,1946.36,East,3892.72
1846,2024-06-03,39.0,Female,Home & Kitchen,Storage Rack,1,1030.45,North,1030.45
1847,2025-04-14,29.0,Female,Clothing,Cotton T-Shirt,1,1142.32,East,1142.32
1848,2025-08-13,16.0,Female,Home & Kitchen,Storage Rack,1,2136.46,East,2136.46
1849,2024-08-10,38.0,Male,Electronics,Power Bank,1,4337.51,South,4337.51
1850,2024-06-30,43.0,Female,Electronics,Wireless Earbuds,1,4423.66,East,4423.66
1851,2025-01-04,16.0,Female,Electronics,Wireless Earbuds,4,3267.84,North,13071.36
1852,2024-09-28,27.0,Male,Clothing,Running Shoes,1,853.65,South,853.65
1853,2025-11-19,32.0,Female,Home & Kitchen,Non-stick Pan,2,1550.1,South,3100.2
1854,2024-09-09,68.0,Male,Clothing,Formal Shirt,1,919.34,Central,919.34
1855,2024-03-17,33.0,Female,Electronics,Laptop Sleeve,1,5331.74,East,5331.74
1856,2024-05-05,39.0,Male,Electronics,Wireless Earbuds,3,3359.42,Central,10078.26
1857,2025-09-10,17.0,Male,Electronics,Bluetooth Speaker,1,1981.43,Central,1981.43
1858,2024-03-21,40.0,Female,Home & Kitchen,Storage Rack,1,1745.91,East,1745.91
1859,2024-07-18,40.0,Female,Clothing,Formal Shirt,1,317.55,South,317.55
1860,2024-04-28,22.0,Male,Clothing,Winter Hoodie,1,789.36,South,789.36
1861,2024-09-28,38.0,Male,Electronics,Laptop Sleeve,2,3429.75,Central,6859.5
1862,2024-06-17,50.0,Male,Beauty,Perfume,1,701.97,North,701.97
1863,2024-10-25,34.0,Female,Beauty,Perfume,4,256.47,South,1025.88
1864,2024-05-22,52.0,Female,Beauty,Face Serum,2,510.48,South,1020.96
1865,2024-09-15,44.0,Male,Sports,Dumbbell Set,2,1483.26,South,2966.52
1866,2024-12-12,50.0,Female,Sports,Cricket Bat,1,1577.69,South,1577.69
1867,2024-03-29,52.0,Female,Clothing,Running Shoes,1,832.99,North,832.99
1868,2025-08-13,34.0,Female,Clothing,Denim Jacket,2,861.85,West,1723.7
1869,2024-09-13,35.0,Male,Electronics,Laptop Sleeve,1,2980.23,West,2980.23
1870,2024-04-18,25.0,Male,Clothing,Cotton T-Shirt,1,1175.23,Central,1175.23
1871,2025-09-30,60.0,Male,Sports,Yoga Mat,1,1846.8,Central,1846.8
1872,2024-10-06,37.0,Male,Electronics,Wireless Earbuds,1,3062.85,South,3062.85
1873,2025-04-27,27.0,Female,Electronics,Smartwatch,1,2715.95,South,2715.95
1874,2025-03-31,26.0,Male,Sports,Yoga Mat,3,1357.65,North,4072.95
1875,2024-04-20,35.0,Female,Electronics,Smartwatch,2,2561.99,West,5123.98
1876,2024-10-04,30.0,Male,Electronics,Bluetooth Speaker,3,2739.6,North,8218.8
1877,2025-04-23,57.0,Male,Clothing,Formal Shirt,4,874.66,South,3498.64
1878,2025-05-18,36.0,Male,Clothing,Winter Hoodie,1,1053.14,North,1053.14
1879,2024-05-23,49.0,Male,Home & Kitchen,Blender,3,1563.21,Central,4689.63
1880,2024-06-17,45.0,Male,Home & Kitchen,Non-stick Pan,1,959.3,East,959.3
1881,2024-10-05,26.0,Male,Electronics,Smartwatch,1,4663.14,West,4663.14
1882,2024-06-27,42.0,Female,Clothing,Cotton T-Shirt,2,654.37,Central,1308.74
1883,2025-07-10,17.0,Female,Electronics,Wireless Earbuds,3,4247.19,West,12741.57
1884,2024-09-07,23.0,Female,Electronics,Smartwatch,2,2107.91,South,4215.82
1885,2024-10-26,29.0,Male,Home & Kitchen,Blender,1,1272.06,East,1272.06
1886,2025-03-06,22.0,Female,Home & Kitchen,Table Lamp,2,1834.13,North,3668.26
1887,2025-07-04,31.0,Female,Sports,Yoga Mat,2,1201.41,East,2402.82
1888,2024-12-11,32.0,Female,Home & Kitchen,Non-stick Pan,1,1861.22,Central,1861.22
1889,2025-09-06,50.0,Male,Beauty,Perfume,2,495.93,North,991.86
1890,2024-05-24,32.0,Female,Sports,Cycling Helmet,2,1647.44,West,3294.88
1891,2025-01-24,42.0,Female,Clothing,Running Shoes,1,1086.59,East,1086.59
1892,2024-09-10,38.0,Female,Sports,Football,4,1067.15,West,4268.6
1893,2025-02-08,20.0,Male,Beauty,Perfume,1,415.14,South,415.14
1894,2025-08-02,25.0,Male,Electronics,Bluetooth Speaker,1,1859.33,East,1859.33
1895,2024-06-18,25.0,Male,Electronics,Wireless Earbuds,1,2499.85,Central,2499.85
1896,2024-09-20,47.0,Female,Electronics,Laptop Sleeve,1,2566.01,North,2566.01
1897,2024-12-03,19.0,Female,Sports,Cycling Helmet,1,917.25,West,917.25
1898,2024-10-22,28.0,Male,Sports,Cricket Bat,1,971.95,West,971.95
1899,2024-09-05,42.0,Male,Sports,Dumbbell Set,3,1711.57,West,5134.71
1900,2025-05-15,54.0,Female,Beauty,Hair Dryer,3,662.83,North,1988.49
1901,2025-03-03,48.0,Male,Beauty,Face Serum,2,610.69,West,1221.38
1902,2025-10-07,17.0,Female,Beauty,Perfume,1,581.71,North,581.71
1903,2025-02-02,21.0,Male,Home & Kitchen,Vacuum Flask,1,1896.52,Central,1896.52
1904,2024-07-23,48.0,Female,Sports,Football,1,1930.99,Central,1930.99
1905,2025-03-26,50.0,Male,Beauty,Lipstick Set,2,981.48,West,1962.96
1906,2025-04-14,22.0,Female,Sports,Cricket Bat,1,1479.67,Central,1479.67
1907,2024-06-12,40.0,Female,Home & Kitchen,Non-stick Pan,1,1060.72,East,1060.72
1908,2024-04-22,26.0,Male,Electronics,Smartwatch,2,3078.17,North,6156.34
1909,2024-06-12,43.0,Male,Electronics,Smartwatch,1,2817.04,West,2817.04
1910,2024-12-11,43.0,Male,Home & Kitchen,Non-stick Pan,1,1600.29,South,1600.29
1911,2025-07-02,46.0,Female,Home & Kitchen,Vacuum Flask,3,1499.69,South,4499.07
1912,2024-08-17,16.0,Female,Beauty,Lipstick Set,1,727.03,West,727.03
1913,2025-07-20,51.0,Female,Electronics,Smartwatch,1,2435.83,West,2435.83
1914,2024-08-19,32.0,Female,Electronics,Wireless Earbuds,1,4284.29,Central,4284.29
1915,2024-08-20,24.0,Male,Electronics,Power Bank,2,3477.17,West,6954.34
1916,2024-07-21,27.0,Male,Electronics,Smartwatch,4,3753.09,Central,15012.36
1917,2024-08-01,34.0,Female,Beauty,Perfume,2,702.48,East,1404.96
1918,2025-10-05,34.0,Female,Beauty,Sunscreen,1,362.99,North,362.99
1919,2024-11-05,23.0,Male,Clothing,Cotton T-Shirt,2,894.93,East,1789.86
1920,2024-07-29,27.0,Female,Clothing,Winter Hoodie,1,692.97,South,692.97
1921,2024-05-29,33.0,Female,Electronics,Power Bank,1,3343.15,West,3343.15
1922,2024-10-10,41.0,Female,Electronics,Bluetooth Speaker,1,4460.55,West,4460.55
1923,2024-07-16,26.0,Female,Electronics,Power Bank,4,3077.86,North,12311.44
1924,2025-03-20,42.0,Female,Clothing,Winter Hoodie,3,759.06,North,2277.18
1925,2024-09-23,36.0,Female,Clothing,Running Shoes,1,515.4,North,515.4
1926,2025-06-23,38.0,Male,Electronics,Smartwatch,1,2182.97,South,2182.97
1927,2025-01-18,31.0,Female,Clothing,Denim Jacket,1,978.75,East,978.75
1928,2024-07-13,37.0,Female,Electronics,Smartwatch,1,3412.86,North,3412.86
1929,2024-07-13,30.0,Female,Electronics,Bluetooth Speaker,2,2890.36,East,5780.72
1930,2025-03-16,30.0,Male,Clothing,Formal Shirt,4,736.2,West,2944.8
1931,2025-08-11,16.0,Male,Sports,Yoga Mat,2,2071.48,South,4142.96
1932,2025-06-23,27.0,Male,Clothing,Winter Hoodie,3,1364.91,East,4094.73
1933,2024-08-02,43.0,Male,Home & Kitchen,Non-stick Pan,3,1636.41,North,4909.23
1934,2024-11-23,16.0,Female,Electronics,Smartwatch,2,5385.89,South,10771.78
1935,2025-11-18,19.0,Male,Electronics,Wireless Earbuds,3,2584.46,West,7753.38
1936,2024-11-06,39.0,Male,Beauty,Sunscreen,1,605.29,East,605.29
1937,2024-11-02,26.0,Male,Sports,Cricket Bat,1,2015.67,South,2015.67
1938,2024-03-16,43.0,Female,Sports,Cricket Bat,1,1855.77,Central,1855.77
1939,2024-11-29,22.0,Female,Home & Kitchen,Blender,1,1157.01,West,1157.01
1940,2024-06-06,37.0,Male,Sports,Cycling Helmet,1,2019.35,North,2019.35
1941,2025-04-03,16.0,Male,Clothing,Formal Shirt,3,991.71,North,2975.13
1942,2025-04-09,32.0,Female,Electronics,Wireless Earbuds,2,3386.63,West,6773.26
1943,2025-01-19,31.0,Male,Electronics,Smartwatch,2,3649.25,North,7298.5
1944,2024-10-20,18.0,Male,Home & Kitchen,Vacuum Flask,2,1397.8,West,2795.6
1945,2024-09-21,30.0,Male,Clothing,Cotton T-Shirt,4,1152.75,North,4611.0
1946,2025-08-29,40.0,Male,Sports,Cycling Helmet,3,1483.22,North,4449.66
1947,2024-06-27,,Female,Clothing,Cotton T-Shirt,1,1006.34,East,1006.34
1948,2025-07-06,27.0,Female,Electronics,Bluetooth Speaker,2,2384.26,East,4768.52
1949,2024-12-14,33.0,Female,Home & Kitchen,Non-stick Pan,3,1612.54,North,4837.62
1950,2025-09-24,45.0,Female,Electronics,Bluetooth Speaker,2,3626.46,Central,7252.92
1951,2025-03-04,,Female,Home & Kitchen,Table Lamp,1,1502.26,East,1502.26
1952,2025-10-17,41.0,Female,Clothing,Winter Hoodie,1,1032.09,North,1032.09
1953,2025-03-03,47.0,Female,Home & Kitchen,Storage Rack,4,1998.78,East,7995.12
1954,2024-07-30,26.0,Male,Electronics,Smartwatch,1,3792.63,Central,3792.63
1955,2025-02-24,17.0,Male,Home & Kitchen,Vacuum Flask,1,1302.58,North,1302.58
1956,2024-12-06,34.0,Female,Home & Kitchen,Table Lamp,1,1095.19,North,1095.19
1957,2024-12-13,43.0,Female,Beauty,Perfume,2,700.93,West,1401.86
1958,2024-06-23,16.0,Female,Electronics,Wireless Earbuds,1,3421.71,North,3421.71
1959,2024-02-28,52.0,Female,Beauty,Hair Dryer,1,427.98,Central,427.98
1960,2025-04-10,23.0,Male,Clothing,Running Shoes,3,775.45,Central,2326.35
1961,2024-07-05,36.0,Female,Clothing,Running Shoes,1,750.4,West,750.4
1962,2024-07-30,47.0,Female,Sports,Cricket Bat,3,2656.41,South,7969.23
1963,2024-10-16,32.0,Male,Beauty,Lipstick Set,2,585.09,Central,1170.18
1964,2025-07-10,34.0,Female,Clothing,Formal Shirt,2,894.63,Central,1789.26
1965,2024-07-09,28.0,Male,Clothing,Winter Hoodie,1,1168.49,South,1168.49
1966,2024-08-03,40.0,Male,Sports,Cricket Bat,2,1551.08,North,3102.16
1967,2025-06-21,50.0,Female,Clothing,Denim Jacket,1,1013.57,East,1013.57
1968,2025-03-01,35.0,Male,Home & Kitchen,Storage Rack,2,2049.13,South,4098.26
1969,2024-09-29,55.0,Male,Electronics,Wireless Earbuds,2,3131.69,South,6263.38
1970,2024-12-16,28.0,Male,Electronics,Bluetooth Speaker,1,2782.52,Central,2782.52
1971,2024-04-16,16.0,Female,Sports,Cricket Bat,1,1833.57,Central,1833.57
1972,2024-11-18,29.0,Female,Clothing,Winter Hoodie,1,598.53,North,598.53
1973,2025-07-10,27.0,Female,Clothing,Denim Jacket,1,1128.12,South,1128.12
1974,2025-11-15,21.0,Female,Clothing,Cotton T-Shirt,3,946.44,West,2839.32
1975,2025-01-07,26.0,Female,Beauty,Hair Dryer,1,552.64,North,552.64
1976,2025-09-27,57.0,Male,Sports,Football,1,1857.49,East,1857.49
1977,2024-11-14,33.0,Male,Home & Kitchen,Blender,1,1260.64,Central,1260.64
1978,2024-05-12,51.0,Male,Home & Kitchen,Storage Rack,3,1159.69,West,3479.07
1979,2024-01-23,37.0,Female,Clothing,Denim Jacket,4,1189.96,South,4759.84
1980,2025-08-18,38.0,Female,Electronics,Smartwatch,2,2402.62,East,4805.24
1981,2024-03-02,33.0,Female,Home & Kitchen,Vacuum Flask,1,1157.7,South,1157.7
1982,2025-03-20,40.0,Male,Electronics,Laptop Sleeve,1,5474.76,Central,5474.76
1983,2024-11-29,32.0,Female,Clothing,Formal Shirt,1,964.27,Central,964.27
1984,2024-12-05,34.0,Male,Beauty,Sunscreen,1,477.91,South,477.91
1985,2025-05-07,45.0,Male,Electronics,Power Bank,1,3385.06,East,3385.06
1986,2024-12-01,,Female,Clothing,Formal Shirt,2,845.92,South,1691.84
1987,2025-04-09,33.0,Male,Home & Kitchen,Non-stick Pan,1,1333.99,North,1333.99
1988,2025-08-19,26.0,Female,Electronics,Bluetooth Speaker,1,2613.44,North,2613.44
1989,2024-05-05,40.0,Male,Electronics,Laptop Sleeve,1,4683.04,West,4683.04
1990,2024-10-26,32.0,Male,Beauty,Sunscreen,2,453.44,North,906.88
1991,2024-06-28,17.0,Male,Clothing,Formal Shirt,2,732.46,East,1464.92
1992,2024-09-20,40.0,Male,Clothing,Denim Jacket,1,1310.92,East,1310.92
1993,2024-11-05,37.0,Female,Beauty,Sunscreen,1,732.69,North,732.69
1994,2024-06-28,45.0,Female,Beauty,Lipstick Set,1,688.29,South,688.29
1995,2025-02-16,37.0,Male,Electronics,Smartwatch,1,3462.41,South,3462.41
1996,2025-01-11,28.0,Female,Clothing,Denim Jacket,1,834.47,West,834.47
1997,2024-11-08,22.0,Male,Electronics,Wireless Earbuds,1,3020.36,South,3020.36
1998,2024-06-23,46.0,Female,Clothing,Winter Hoodie,1,1170.34,East,1170.34
1999,2025-08-31,23.0,Female,Home & Kitchen,Storage Rack,2,2367.16,North,4734.32
2000,2025-11-07,36.0,Male,Sports,Yoga Mat,4,1775.8,North,7103.2
2001,2025-04-05,27.0,Male,Clothing,Running Shoes,1,814.38,South,814.38
2002,2024-09-19,27.0,Female,Electronics,Smartwatch,1,4618.5,West,4618.5
2003,2025-03-11,54.0,Male,Beauty,Lipstick Set,2,621.51,South,1243.02
2004,2024-10-27,23.0,Male,Electronics,Wireless Earbuds,1,1642.57,East,1642.57
2005,2024-04-17,30.0,Female,Home & Kitchen,Vacuum Flask,1,1527.6,South,1527.6
2006,2024-03-19,37.0,Male,Electronics,Power Bank,3,4076.7,South,12230.1
2007,2024-09-24,19.0,Male,Beauty,Face Serum,1,582.49,Central,582.49
2008,2024-12-10,41.0,Female,Electronics,Smartwatch,2,2240.85,East,4481.7
2009,2025-11-07,46.0,Male,Sports,Cricket Bat,2,1152.16,West,2304.32
2010,2025-05-05,16.0,Female,Electronics,Smartwatch,2,3896.84,North,7793.68
2011,2025-08-18,26.0,Female,Electronics,Wireless Earbuds,1,2628.81,North,2628.81
2012,2025-01-29,28.0,Male,Sports,Dumbbell Set,1,1303.91,East,1303.91
2013,2025-02-19,36.0,Male,Electronics,Laptop Sleeve,1,3992.24,South,3992.24
2014,2024-11-24,46.0,Female,Clothing,Running Shoes,1,1096.65,Central,1096.65
2015,2024-09-07,36.0,Male,Electronics,Power Bank,3,3918.46,East,11755.38
2016,2025-07-15,51.0,Female,Clothing,Formal Shirt,2,972.91,South,1945.82
2017,2025-04-03,41.0,Male,Electronics,Laptop Sleeve,3,4256.0,East,12768.0
2018,2025-04-26,68.0,Male,Sports,Yoga Mat,1,1711.56,North,1711.56
2019,2024-08-28,48.0,Female,Clothing,Formal Shirt,2,1081.88,Central,2163.76
2020,2024-08-16,42.0,Male,Clothing,Running Shoes,2,733.93,South,1467.86
2021,2024-09-29,29.0,Male,Clothing,Cotton T-Shirt,2,958.23,Central,1916.46
2022,2024-07-02,36.0,Female,Beauty,Hair Dryer,1,746.77,Central,746.77
2023,2025-05-08,37.0,Male,Sports,Cricket Bat,3,1730.56,South,5191.68
2024,2024-10-14,52.0,Female,Beauty,Lipstick Set,1,617.55,North,617.55
2025,2024-11-28,31.0,Female,Home & Kitchen,Table Lamp,1,928.99,North,928.99
2026,2024-09-16,34.0,Male,Beauty,Hair Dryer,1,532.32,North,532.32
2027,2025-02-09,35.0,Male,Beauty,Perfume,1,937.62,Central,937.62
2028,2025-01-20,44.0,Male,Clothing,Winter Hoodie,1,894.26,North,894.26
2029,2025-06-10,43.0,Female,Clothing,Formal Shirt,2,928.3,East,1856.6
2030,2024-12-12,51.0,Male,Electronics,Smartwatch,1,2985.44,South,2985.44
2031,2025-06-08,45.0,Male,Clothing,Denim Jacket,1,764.58,East,764.58
2032,2024-08-12,37.0,Female,Clothing,Formal Shirt,3,967.78,North,2903.34
2033,2025-10-27,16.0,Female,Home & Kitchen,Table Lamp,1,1857.0,West,1857.0
2034,2024-07-21,31.0,Male,Electronics,Bluetooth Speaker,1,2280.07,West,2280.07
2035,2025-01-17,32.0,Male,Sports,Dumbbell Set,2,1686.23,Central,3372.46
2036,2025-03-13,55.0,Female,Electronics,Laptop Sleeve,1,2788.11,North,2788.11
2037,2024-09-02,17.0,Female,Home & Kitchen,Table Lamp,2,1590.69,West,3181.38
2038,2025-08-23,29.0,Female,Beauty,Hair Dryer,2,660.23,South,1320.46
2039,2024-07-03,30.0,Male,Electronics,Wireless Earbuds,3,2638.79,West,7916.37
2040,2024-07-17,44.0,Male,Clothing,Denim Jacket,2,992.64,North,1985.28
2041,2024-08-01,27.0,Female,Clothing,Denim Jacket,1,1120.33,Central,1120.33
2042,2024-07-12,35.0,Male,Sports,Cricket Bat,3,2175.63,East,6526.89
2043,2025-08-13,32.0,Female,Home & Kitchen,Table Lamp,1,1131.3,East,1131.3
2044,2025-05-10,28.0,Male,Beauty,Hair Dryer,1,731.13,North,731.13
2045,2025-06-17,35.0,Female,Electronics,Bluetooth Speaker,2,3881.87,South,7763.74
2046,2024-11-21,44.0,Male,Sports,Cycling Helmet,2,1840.45,South,3680.9
2047,2025-08-15,35.0,Male,Home & Kitchen,Non-stick Pan,1,1361.9,South,1361.9
2048,2024-11-14,40.0,Male,Sports,Cycling Helmet,3,1632.55,West,4897.65
2049,2024-06-17,22.0,Female,Electronics,Wireless Earbuds,1,3856.49,West,3856.49
2050,2025-01-07,,Female,Clothing,Formal Shirt,2,700.53,North,1401.06
2051,2024-05-29,44.0,Female,Clothing,Cotton T-Shirt,2,778.5,West,1557.0
2052,2025-05-30,16.0,Female,Electronics,Power Bank,1,2878.79,North,2878.79
2053,2024-10-20,34.0,Female,Beauty,Face Serum,1,703.03,South,703.03
2054,2024-10-28,19.0,Female,Home & Kitchen,Table Lamp,1,1287.22,East,1287.22
2055,2024-12-10,35.0,Female,Home & Kitchen,Storage Rack,1,1009.09,West,1009.09
2056,2024-05-18,27.0,Male,Home & Kitchen,Vacuum Flask,1,1343.38,East,1343.38
2057,2025-04-07,35.0,Male,Home & Kitchen,Blender,2,1445.47,West,2890.94
2058,2024-07-18,16.0,Female,Clothing,Denim Jacket,1,480.53,East,480.53
2059,2025-10-06,16.0,Male,Sports,Football,2,1267.9,West,2535.8
2060,2024-06-11,41.0,Male,Clothing,Denim Jacket,1,906.45,South,906.45
2061,2025-03-09,32.0,Female,Clothing,Formal Shirt,2,964.31,West,1928.62
2062,2024-09-10,24.0,Male,Electronics,Wireless Earbuds,4,4817.37,East,19269.48
2063,2024-10-04,37.0,Female,Sports,Cycling Helmet,1,1267.26,North,1267.26
2064,2025-04-06,18.0,Male,Electronics,Bluetooth Speaker,4,3173.26,Central,12693.04
2065,2024-09-03,41.0,Male,Clothing,Denim Jacket,3,912.43,North,2737.29
2066,2024-03-03,40.0,Female,Home & Kitchen,Blender,4,1487.77,West,5951.08
2067,2024-06-29,18.0,Male,Clothing,Denim Jacket,1,1023.55,Central,1023.55
2068,2025-01-28,34.0,Male,Beauty,Face Serum,4,579.11,East,2316.44
2069,2025-01-28,34.0,Female,Beauty,Hair Dryer,1,436.84,Central,436.84
2070,2024-05-07,25.0,Male,Home & Kitchen,Non-stick Pan,4,1150.77,South,4603.08
2071,2024-02-23,27.0,Female,Sports,Cycling Helmet,3,1485.12,West,4455.36
2072,2024-09-06,34.0,Male,Beauty,Hair Dryer,1,688.57,North,688.57
2073,2025-01-21,55.0,Male,Home & Kitchen,Blender,2,1535.42,North,3070.84
2074,2025-02-12,16.0,Male,Clothing,Denim Jacket,3,836.2,Central,2508.6
2075,2024-01-25,21.0,Female,Electronics,Laptop Sleeve,1,3897.9,North,3897.9
2076,2025-01-06,17.0,Male,Home & Kitchen,Table Lamp,3,857.37,South,2572.11
2077,2025-10-13,28.0,Male,Clothing,Denim Jacket,1,398.14,South,398.14
2078,2025-06-03,19.0,Male,Home & Kitchen,Non-stick Pan,1,929.99,West,929.99
2079,2025-05-16,41.0,Male,Home & Kitchen,Blender,1,1726.75,East,1726.75
2080,2024-11-22,32.0,Male,Home & Kitchen,Non-stick Pan,4,1498.37,Central,5993.48
2081,2024-10-10,30.0,Male,Beauty,Perfume,1,358.22,North,358.22
2082,2024-12-08,51.0,Female,Electronics,Power Bank,4,2915.2,North,11660.8
2083,2025-05-27,31.0,Male,Home & Kitchen,Vacuum Flask,2,876.11,East,1752.22
2084,2025-09-03,33.0,Female,Clothing,Denim Jacket,1,932.44,Central,932.44
2085,2025-05-11,25.0,Female,Beauty,Sunscreen,1,587.6,North,587.6
2086,2024-10-28,39.0,Male,Home & Kitchen,Non-stick Pan,3,1201.48,Central,3604.44
2087,2025-06-01,29.0,Male,Electronics,Laptop Sleeve,3,1567.97,West,4703.91
2088,2025-07-07,31.0,Female,Clothing,Cotton T-Shirt,1,1008.07,South,1008.07
2089,2025-03-27,25.0,Male,Electronics,Power Bank,1,4090.17,Central,4090.17
2090,2024-12-16,26.0,Female,Beauty,Perfume,3,994.07,Central,2982.21
2091,2025-02-01,35.0,Female,Home & Kitchen,Non-stick Pan,2,1082.5,East,2165.0
2092,2025-02-22,45.0,Female,Electronics,Laptop Sleeve,1,3912.06,North,3912.06
2093,2024-06-12,26.0,Male,Sports,Cycling Helmet,1,1690.63,South,1690.63
2094,2025-09-22,16.0,Female,Clothing,Formal Shirt,2,1174.6,West,2349.2
2095,2025-08-12,26.0,Male,Clothing,Cotton T-Shirt,1,707.92,Central,707.92
2096,2025-12-26,41.0,Male,Electronics,Bluetooth Speaker,3,3739.0,Central,11217.0
2097,2024-08-13,28.0,Female,Home & Kitchen,Blender,1,1807.22,South,1807.22
2098,2025-08-01,34.0,Female,Clothing,Winter Hoodie,4,675.74,North,2702.96
2099,2024-11-16,29.0,Male,Home & Kitchen,Non-stick Pan,2,1517.97,West,3035.94
2100,2024-07-10,33.0,Female,Beauty,Sunscreen,1,698.4,West,698.4
2101,2024-07-28,34.0,Female,Sports,Yoga Mat,1,819.86,Central,819.86
2102,2025-08-22,52.0,Male,Clothing,Cotton T-Shirt,1,1050.2,Central,1050.2
2103,2025-04-11,55.0,Female,Electronics,Bluetooth Speaker,3,2466.97,Central,7400.91
2104,2025-09-15,30.0,Female,Home & Kitchen,Vacuum Flask,2,1474.01,Central,2948.02
2105,2024-06-14,32.0,Female,Sports,Cricket Bat,4,1073.74,West,4294.96
2106,2025-06-12,33.0,Male,Clothing,Winter Hoodie,1,996.29,East,996.29
2107,2024-07-21,16.0,Female,Sports,Dumbbell Set,2,1585.38,North,3170.76
2108,2024-07-13,31.0,Female,Home & Kitchen,Table Lamp,1,1099.97,South,1099.97
2109,2024-01-29,38.0,Female,Sports,Yoga Mat,1,1593.73,East,1593.73
2110,2025-08-09,34.0,Female,Beauty,Face Serum,1,782.33,West,782.33
2111,2025-01-02,42.0,Male,Electronics,Laptop Sleeve,4,4088.98,South,16355.92
2112,2025-06-05,39.0,Female,Electronics,Bluetooth Speaker,1,3711.01,East,3711.01
2113,2024-10-01,20.0,Male,Electronics,Power Bank,1,1940.11,West,1940.11
2114,2024-11-07,22.0,Female,Clothing,Cotton T-Shirt,2,856.43,North,1712.86
2115,2024-06-04,39.0,Male,Home & Kitchen,Vacuum Flask,1,1661.34,South,1661.34
2116,2025-08-15,24.0,Male,Beauty,Sunscreen,3,734.95,West,2204.85
2117,2024-06-15,31.0,Male,Clothing,Winter Hoodie,2,775.17,North,1550.34
2118,2025-02-04,38.0,Male,Clothing,Running Shoes,1,760.05,North,760.05
2119,2024-07-27,32.0,Female,Sports,Cricket Bat,1,1647.69,South,1647.69
2120,2025-05-31,26.0,Male,Home & Kitchen,Non-stick Pan,2,1646.07,West,3292.14
2121,2024-10-12,25.0,Female,Sports,Cycling Helmet,2,1313.71,East,2627.42
2122,2024-12-14,29.0,Female,Clothing,Denim Jacket,2,627.75,North,1255.5
2123,2025-02-22,44.0,Male,Sports,Football,1,2336.63,South,2336.63
2124,2024-08-17,39.0,Male,Clothing,Running Shoes,1,1056.42,South,1056.42
2125,2024-12-16,45.0,Male,Home & Kitchen,Vacuum Flask,1,1740.22,North,1740.22
2126,2025-05-14,19.0,Male,Sports,Cricket Bat,1,1420.05,Central,1420.05
2127,2024-10-30,22.0,Female,Home & Kitchen,Vacuum Flask,2,993.43,Central,1986.86
2128,2024-10-24,24.0,Female,Beauty,Lipstick Set,1,592.79,East,592.79
2129,2024-08-03,32.0,Female,Clothing,Denim Jacket,4,1000.23,West,4000.92
2130,2025-07-30,16.0,Female,Sports,Cricket Bat,1,1388.16,West,1388.16
2131,2025-01-14,40.0,Male,Electronics,Smartwatch,1,3697.43,Central,3697.43
2132,2024-12-27,16.0,Female,Electronics,Power Bank,1,3744.93,East,3744.93
2133,2024-06-16,28.0,Male,Electronics,Power Bank,2,3172.96,North,6345.92
2134,2025-02-14,34.0,Male,Electronics,Power Bank,1,4322.13,North,4322.13
2135,2025-09-23,25.0,Male,Home & Kitchen,Non-stick Pan,1,1896.77,Central,1896.77
2136,2024-08-16,24.0,Female,Electronics,Wireless Earbuds,2,2484.44,West,4968.88
2137,2025-09-02,16.0,Female,Home & Kitchen,Non-stick Pan,1,1900.09,North,1900.09
2138,2025-01-07,48.0,Male,Sports,Cycling Helmet,2,2159.17,South,4318.34
2139,2024-12-23,46.0,Male,Clothing,Denim Jacket,2,951.98,South,1903.96
2140,2024-09-05,30.0,Male,Sports,Dumbbell Set,3,1289.38,South,3868.14
2141,2024-08-26,38.0,Male,Sports,Cycling Helmet,1,1435.01,North,1435.01
2142,2024-09-07,33.0,Female,Electronics,Laptop Sleeve,1,2769.74,South,2769.74
2143,2025-02-09,29.0,Female,Beauty,Lipstick Set,1,852.24,East,852.24
2144,2024-10-18,16.0,Male,Beauty,Hair Dryer,4,509.78,South,2039.12
2145,2025-04-12,36.0,Female,Clothing,Formal Shirt,1,559.03,East,559.03
2146,2025-08-13,21.0,Female,Beauty,Hair Dryer,1,689.02,South,689.02
2147,2025-05-24,28.0,Female,Home & Kitchen,Blender,1,945.8,East,945.8
2148,2024-12-25,26.0,Male,Beauty,Sunscreen,1,620.9,South,620.9
2149,2025-01-26,38.0,Female,Clothing,Running Shoes,1,1265.74,South,1265.74
2150,2024-07-26,35.0,Male,Clothing,Running Shoes,1,1088.42,East,1088.42
2151,2025-03-05,41.0,Female,Home & Kitchen,Vacuum Flask,1,1362.6,South,1362.6
2152,2025-06-07,29.0,Male,Sports,Cricket Bat,1,1615.29,West,1615.29
2153,2025-10-15,31.0,Female,Clothing,Running Shoes,3,1048.69,East,3146.07
2154,2025-04-18,40.0,Female,Electronics,Smartwatch,1,2491.22,South,2491.22
2155,2024-08-02,31.0,Male,Clothing,Running Shoes,1,898.35,North,898.35
2156,2025-01-27,64.0,Male,Sports,Dumbbell Set,2,1870.35,West,3740.7
2157,2025-02-09,33.0,Male,Home & Kitchen,Blender,1,999.28,West,999.28
2158,2025-09-22,27.0,Female,Clothing,Formal Shirt,1,641.99,South,641.99
2159,2024-04-22,30.0,Female,Beauty,Perfume,1,708.02,North,708.02
2160,2025-05-04,45.0,Female,Beauty,Hair Dryer,2,580.84,Central,1161.68
2161,2024-07-11,53.0,Male,Sports,Cricket Bat,1,1683.55,West,1683.55
2162,2024-08-14,39.0,Male,Home & Kitchen,Storage Rack,1,1527.36,South,1527.36
2163,2024-08-07,28.0,Male,Beauty,Face Serum,1,593.42,North,593.42
2164,2024-09-11,29.0,Male,Beauty,Sunscreen,4,719.56,Central,2878.24
2165,2024-06-21,40.0,Male,Sports,Cricket Bat,1,910.31,South,910.31
2166,2025-06-05,24.0,Male,Beauty,Sunscreen,1,579.83,West,579.83
2167,2025-06-16,24.0,Female,Electronics,Laptop Sleeve,3,4375.23,Central,13125.69
2168,2025-01-04,31.0,Female,Electronics,Laptop Sleeve,3,2946.76,North,8840.28
2169,2024-09-21,38.0,Female,Clothing,Formal Shirt,1,909.53,West,909.53
2170,2024-07-30,42.0,Male,Sports,Football,1,1575.68,East,1575.68
2171,2025-03-30,34.0,Female,Home & Kitchen,Vacuum Flask,1,1809.0,West,1809.0
2172,2024-11-12,32.0,Male,Sports,Cycling Helmet,2,1807.85,West,3615.7
2173,2025-03-30,29.0,Female,Clothing,Denim Jacket,1,660.9,Central,660.9
2174,2025-01-28,31.0,Female,Beauty,Perfume,2,593.51,Central,1187.02
2175,2025-01-25,32.0,Male,Home & Kitchen,Non-stick Pan,1,594.26,West,594.26
2176,2025-06-20,16.0,Female,Electronics,Smartwatch,2,3257.07,East,6514.14
2177,2024-10-26,16.0,Male,Electronics,Bluetooth Speaker,1,2946.63,Central,2946.63
2178,2024-08-10,26.0,Male,Home & Kitchen,Table Lamp,1,1306.17,South,1306.17
2179,2024-04-06,16.0,Male,Electronics,Wireless Earbuds,1,3312.93,East,3312.93
2180,2024-12-31,40.0,Male,Home & Kitchen,Non-stick Pan,1,637.91,West,637.91
2181,2025-01-22,26.0,Male,Electronics,Wireless Earbuds,4,4328.46,West,17313.84
2182,2024-01-20,38.0,Female,Sports,Cycling Helmet,4,1361.2,East,5444.8
2183,2024-10-11,28.0,Male,Electronics,Bluetooth Speaker,4,2089.36,Central,8357.44
2184,2024-07-02,39.0,Female,Clothing,Running Shoes,2,1149.5,South,2299.0
2185,2024-06-19,49.0,Male,Beauty,Lipstick Set,1,310.06,North,310.06
2186,2024-12-27,29.0,Male,Electronics,Power Bank,1,3070.32,North,3070.32
2187,2024-11-13,41.0,Male,Clothing,Winter Hoodie,2,858.2,South,1716.4
2188,2025-07-28,26.0,Female,Electronics,Power Bank,3,3777.97,North,11333.91
2189,2025-03-11,36.0,Female,Clothing,Formal Shirt,1,1140.43,West,1140.43
2190,2024-11-17,50.0,Male,Sports,Cricket Bat,2,1065.96,West,2131.92
2191,2025-01-31,25.0,Male,Electronics,Laptop Sleeve,2,3647.6,South,7295.2
2192,2025-06-27,30.0,Female,Electronics,Laptop Sleeve,1,3390.11,East,3390.11
2193,2025-10-04,35.0,Male,Home & Kitchen,Blender,1,1731.91,West,1731.91
2194,2024-10-14,30.0,Male,Beauty,Sunscreen,2,451.0,East,902.0
2195,2024-11-15,41.0,Female,Beauty,Face Serum,1,657.02,South,657.02
2196,2024-05-16,28.0,Female,Clothing,Cotton T-Shirt,1,867.01,Central,867.01
2197,2025-10-17,47.0,Female,Home & Kitchen,Vacuum Flask,3,1843.51,South,5530.53
2198,2024-08-14,30.0,Male,Electronics,Bluetooth Speaker,2,3499.34,Central,6998.68
2199,2025-09-20,30.0,Female,Sports,Yoga Mat,1,645.24,South,645.24
2200,2025-10-01,46.0,Female,Beauty,Perfume,1,566.93,North,566.93
2201,2024-07-14,22.0,Male,Electronics,Power Bank,1,3549.58,East,3549.58
2202,2024-10-31,16.0,Male,Sports,Cycling Helmet,1,1118.49,Central,1118.49
2203,2024-08-31,27.0,Male,Clothing,Formal Shirt,1,1398.39,North,1398.39
2204,2025-01-24,33.0,Male,Electronics,Laptop Sleeve,4,3437.17,North,13748.68
2205,2024-10-24,26.0,Female,Electronics,Smartwatch,3,3864.7,West,11594.1
2206,2024-12-07,16.0,Female,Home & Kitchen,Blender,1,1707.22,North,1707.22
2207,2025-08-04,36.0,Male,Home & Kitchen,Storage Rack,2,1237.24,North,2474.48
2208,2025-01-02,35.0,Female,Clothing,Running Shoes,1,829.96,East,829.96
2209,2024-03-18,26.0,Female,Clothing,Running Shoes,1,775.57,East,775.57
2210,2025-07-24,24.0,Female,Beauty,Perfume,1,873.22,West,873.22
2211,2024-09-26,29.0,Female,Clothing,Formal Shirt,1,1287.86,South,1287.86
2212,2024-09-17,47.0,Female,Beauty,Hair Dryer,1,779.23,Central,779.23
2213,2024-08-12,37.0,Female,Home & Kitchen,Non-stick Pan,4,1622.6,North,6490.4
2214,2025-02-07,39.0,Male,Clothing,Winter Hoodie,1,1026.74,West,1026.74
2215,2025-07-11,32.0,Male,Clothing,Formal Shirt,2,626.7,West,1253.4
2216,2025-02-15,22.0,Female,Electronics,Power Bank,2,3445.33,East,6890.66
2217,2024-02-05,50.0,Male,Clothing,Cotton T-Shirt,1,1136.7,East,1136.7
2218,2024-05-29,51.0,Female,Beauty,Perfume,2,414.04,South,828.08
2219,2024-03-17,20.0,Female,Beauty,Lipstick Set,1,526.3,East,526.3
2220,2025-04-14,37.0,Female,Sports,Dumbbell Set,2,1083.25,East,2166.5
2221,2025-06-24,22.0,Female,Electronics,Wireless Earbuds,1,3313.42,West,3313.42
2222,2025-07-27,42.0,Male,Electronics,Laptop Sleeve,3,3701.42,South,11104.26
2223,2024-10-23,18.0,Female,Clothing,Winter Hoodie,1,762.21,West,762.21
2224,2025-05-13,32.0,Female,Home & Kitchen,Blender,1,1595.21,West,1595.21
2225,2024-10-11,39.0,Female,Electronics,Power Bank,4,3079.97,West,12319.88
2226,2024-09-05,61.0,Male,Electronics,Laptop Sleeve,1,2020.49,East,2020.49
2227,2025-01-12,22.0,Male,Beauty,Hair Dryer,1,705.18,East,705.18
2228,2025-03-02,35.0,Male,Beauty,Face Serum,4,489.9,South,1959.6
2229,2025-02-17,19.0,Female,Clothing,Formal Shirt,3,926.52,East,2779.56
2230,2024-08-08,48.0,Female,Electronics,Bluetooth Speaker,3,4979.66,South,14938.98
2231,2025-03-11,32.0,Male,Clothing,Running Shoes,4,984.66,East,3938.64
2232,2025-05-31,16.0,Female,Clothing,Formal Shirt,2,783.17,East,1566.34
2233,2024-08-17,40.0,Female,Electronics,Wireless Earbuds,2,4355.64,North,8711.28
2234,2024-06-26,35.0,Female,Electronics,Wireless Earbuds,2,3688.42,East,7376.84
2235,2024-08-14,42.0,Female,Electronics,Bluetooth Speaker,1,2721.3,East,2721.3
2236,2025-07-20,36.0,Male,Clothing,Formal Shirt,1,896.71,East,896.71
2237,2024-11-24,49.0,Male,Beauty,Face Serum,1,644.42,South,644.42
2238,2024-01-28,37.0,Female,Home & Kitchen,Table Lamp,1,1747.83,South,1747.83
2239,2024-02-08,35.0,Male,Beauty,Perfume,2,778.2,East,1556.4
2240,2025-01-21,54.0,Female,Home & Kitchen,Vacuum Flask,3,1287.61,North,3862.83
2241,2024-03-23,18.0,Male,Beauty,Face Serum,2,639.24,East,1278.48
2242,2025-02-26,33.0,Male,Electronics,Bluetooth Speaker,1,3592.21,West,3592.21
2243,2025-05-04,30.0,Male,Home & Kitchen,Blender,1,1285.94,East,1285.94
2244,2024-09-24,50.0,Female,Electronics,Bluetooth Speaker,1,3672.84,South,3672.84
2245,2025-01-11,53.0,Male,Electronics,Smartwatch,1,3034.38,South,3034.38
2246,2024-08-18,23.0,Male,Beauty,Hair Dryer,1,476.23,West,476.23
2247,2025-07-10,52.0,Female,Electronics,Bluetooth Speaker,2,4141.64,West,8283.28
2248,2025-06-02,32.0,Female,Home & Kitchen,Vacuum Flask,1,1786.26,East,1786.26
2249,2025-06-19,43.0,Male,Sports,Dumbbell Set,1,1810.51,South,1810.51
2250,2024-02-25,50.0,Male,Sports,Football,3,1571.14,West,4713.42
2251,2025-04-13,30.0,Male,Clothing,Cotton T-Shirt,1,754.29,South,754.29
2252,2025-01-05,39.0,Male,Beauty,Hair Dryer,1,854.0,West,854.0
2253,2025-08-20,40.0,Male,Clothing,Cotton T-Shirt,2,1113.3,South,2226.6
2254,2025-08-04,23.0,Male,Beauty,Face Serum,1,373.55,Central,373.55
2255,2025-08-12,44.0,Female,Sports,Cricket Bat,2,2122.34,Central,4244.68
2256,2025-04-08,42.0,Female,Clothing,Running Shoes,2,1108.1,North,2216.2
2257,2024-10-18,35.0,Female,Electronics,Smartwatch,2,3615.77,South,7231.54
2258,2024-09-13,35.0,Female,Home & Kitchen,Vacuum Flask,3,1475.3,North,4425.9
2259,2025-03-06,28.0,Male,Clothing,Formal Shirt,4,1329.07,South,5316.28
2260,2025-10-02,23.0,Female,Electronics,Wireless Earbuds,1,2644.03,South,2644.03
2261,2025-02-12,33.0,Male,Electronics,Laptop Sleeve,1,3160.99,South,3160.99
2262,2025-02-15,23.0,Male,Electronics,Laptop Sleeve,1,1319.07,West,1319.07
2263,2025-06-20,43.0,Male,Clothing,Winter Hoodie,2,1141.27,Central,2282.54
2264,2025-05-18,34.0,Female,Beauty,Face Serum,1,717.9,South,717.9
2265,2024-06-24,44.0,Male,Clothing,Formal Shirt,2,741.53,North,1483.06
2266,2025-01-27,35.0,Male,Sports,Dumbbell Set,1,1984.35,North,1984.35
2267,2025-03-18,41.0,Female,Clothing,Running Shoes,2,914.38,Central,1828.76
2268,2025-09-21,32.0,Female,Sports,Football,1,1652.42,South,1652.42
2269,2025-03-22,18.0,Male,Electronics,Laptop Sleeve,1,4194.27,South,4194.27
2270,2025-05-23,38.0,Female,Clothing,Cotton T-Shirt,2,978.74,East,1957.48
2271,2025-07-03,22.0,Female,Home & Kitchen,Storage Rack,1,1289.02,South,1289.02
2272,2024-11-23,30.0,Male,Electronics,Smartwatch,1,2143.4,East,2143.4
2273,2024-11-28,25.0,Male,Clothing,Denim Jacket,2,967.49,Central,1934.98
2274,2025-08-17,19.0,Male,Clothing,Formal Shirt,1,1068.6,North,1068.6
2275,2024-11-21,29.0,Female,Beauty,Perfume,1,767.93,North,767.93
2276,2025-11-28,33.0,Female,Beauty,Perfume,3,696.86,Central,2090.58
2277,2024-06-28,33.0,Male,Clothing,Winter Hoodie,1,852.62,South,852.62
2278,2024-11-29,50.0,Male,Clothing,Cotton T-Shirt,1,689.02,East,689.02
2279,2024-11-12,16.0,Male,Clothing,Denim Jacket,3,1091.88,East,3275.64
2280,2025-05-10,36.0,Female,Clothing,Denim Jacket,1,1079.99,West,1079.99
2281,2024-11-28,29.0,Female,Home & Kitchen,Blender,3,1830.38,North,5491.14
2282,2025-05-01,45.0,Female,Sports,Dumbbell Set,1,2028.34,Central,2028.34
2283,2025-04-01,21.0,Female,Electronics,Laptop Sleeve,1,3667.01,East,3667.01
2284,2024-04-02,42.0,Female,Electronics,Laptop Sleeve,1,2936.21,South,2936.21
2285,2024-07-09,35.0,Female,Clothing,Winter Hoodie,2,854.32,Central,1708.64
2286,2024-10-06,24.0,Male,Sports,Yoga Mat,3,1218.76,East,3656.28
2287,2025-06-09,51.0,Male,Clothing,Winter Hoodie,1,656.69,North,656.69
2288,2024-06-25,34.0,Female,Electronics,Wireless Earbuds,1,3976.92,West,3976.92
2289,2025-06-21,34.0,Female,Beauty,Face Serum,2,389.89,North,779.78
2290,2024-07-28,43.0,Female,Home & Kitchen,Vacuum Flask,2,1503.02,Central,3006.04
2291,2024-09-19,42.0,Male,Beauty,Perfume,1,668.57,North,668.57
2292,2025-03-27,50.0,Male,Clothing,Running Shoes,1,976.68,Central,976.68
2293,2024-07-14,28.0,Male,Electronics,Bluetooth Speaker,2,3924.02,North,7848.04
2294,2025-06-20,47.0,Female,Beauty,Lipstick Set,3,754.83,West,2264.49
2295,2024-10-21,40.0,Female,Clothing,Denim Jacket,4,984.72,North,3938.88
2296,2025-07-10,27.0,Female,Beauty,Face Serum,1,604.5,West,604.5
2297,2024-11-09,34.0,Female,Electronics,Laptop Sleeve,3,3204.49,North,9613.47
2298,2025-06-28,17.0,Female,Sports,Dumbbell Set,1,2052.67,East,2052.67
2299,2025-06-15,29.0,Female,Home & Kitchen,Table Lamp,1,1189.75,South,1189.75
2300,2024-12-25,35.0,Female,Clothing,Cotton T-Shirt,1,1095.14,West,1095.14
2301,2024-06-25,27.0,Male,Clothing,Denim Jacket,3,932.29,Central,2796.87
2302,2025-10-17,46.0,Male,Electronics,Laptop Sleeve,2,249.17,North,498.34
2303,2024-10-16,17.0,Male,Electronics,Laptop Sleeve,4,2218.56,West,8874.24
2304,2024-10-15,39.0,Female,Beauty,Lipstick Set,2,935.43,South,1870.86
2305,2025-03-01,46.0,Male,Beauty,Face Serum,2,877.49,South,1754.98
2306,2025-09-21,34.0,Male,Electronics,Bluetooth Speaker,3,2768.05,East,8304.15
2307,2024-08-30,18.0,Female,Home & Kitchen,Storage Rack,1,1164.85,Central,1164.85
2308,2025-06-20,30.0,Female,Home & Kitchen,Blender,1,1857.77,North,1857.77
2309,2024-07-23,39.0,Male,Electronics,Power Bank,2,4667.06,East,9334.12
2310,2024-12-24,49.0,Female,Beauty,Lipstick Set,1,504.23,West,504.23
2311,2025-10-15,38.0,Female,Clothing,Winter Hoodie,2,922.26,West,1844.52
2312,2024-05-07,34.0,Female,Electronics,Smartwatch,1,2977.19,East,2977.19
2313,2024-08-30,27.0,Male,Electronics,Power Bank,1,3067.63,Central,3067.63
2314,2025-01-30,28.0,Female,Home & Kitchen,Non-stick Pan,3,886.92,West,2660.76
2315,2025-05-26,20.0,Female,Clothing,Cotton T-Shirt,1,957.42,South,957.42
2316,2024-12-09,45.0,Female,Electronics,Power Bank,1,2523.42,North,2523.42
2317,2025-03-06,33.0,Female,Clothing,Denim Jacket,2,625.57,East,1251.14
2318,2025-03-31,22.0,Female,Electronics,Wireless Earbuds,3,3259.75,South,9779.25
2319,2025-01-23,24.0,Female,Clothing,Cotton T-Shirt,1,801.82,North,801.82
2320,2024-11-29,51.0,Male,Beauty,Perfume,1,589.02,West,589.02
2321,2025-03-10,30.0,Female,Clothing,Cotton T-Shirt,1,1011.44,North,1011.44
2322,2025-04-18,38.0,Female,Electronics,Smartwatch,4,4178.34,West,16713.36
2323,2025-08-14,54.0,Female,Sports,Dumbbell Set,2,1762.94,East,3525.88
2324,2025-03-05,43.0,Male,Clothing,Formal Shirt,1,793.21,North,793.21
2325,2024-12-08,29.0,Male,Home & Kitchen,Table Lamp,2,1867.25,South,3734.5
2326,2024-12-14,39.0,Female,Clothing,Cotton T-Shirt,1,748.77,South,748.77
2327,2025-04-23,29.0,Female,Beauty,Perfume,1,796.61,North,796.61
2328,2024-05-11,48.0,Male,Sports,Yoga Mat,3,960.52,West,2881.56
2329,2024-05-29,45.0,Female,Sports,Dumbbell Set,1,1268.21,East,1268.21
2330,2025-10-25,28.0,Male,Home & Kitchen,Vacuum Flask,1,1233.76,Central,1233.76
2331,2025-07-15,34.0,Male,Sports,Cycling Helmet,3,885.2,Central,2655.6
2332,2024-07-17,29.0,Male,Sports,Cycling Helmet,2,1722.54,South,3445.08
2333,2024-12-26,44.0,Female,Home & Kitchen,Blender,1,1064.26,East,1064.26
2334,2024-05-13,54.0,Female,Beauty,Lipstick Set,1,492.39,North,492.39
2335,2024-05-05,16.0,Female,Electronics,Smartwatch,1,3888.41,East,3888.41
2336,2024-11-12,38.0,Female,Electronics,Wireless Earbuds,1,2352.73,Central,2352.73
2337,2024-12-05,26.0,Female,Home & Kitchen,Non-stick Pan,1,664.66,South,664.66
2338,2024-11-18,20.0,Male,Clothing,Cotton T-Shirt,1,956.5,West,956.5
2339,2025-05-21,39.0,Male,Electronics,Smartwatch,1,3308.69,West,3308.69
2340,2025-10-31,42.0,Female,Clothing,Cotton T-Shirt,1,1343.0,West,1343.0
2341,2025-06-04,43.0,Female,Beauty,Perfume,1,510.8,West,510.8
2342,2025-12-22,38.0,Female,Clothing,Formal Shirt,1,807.78,South,807.78
2343,2025-04-17,26.0,Male,Home & Kitchen,Vacuum Flask,1,1707.76,West,1707.76
2344,2025-07-24,29.0,Female,Beauty,Lipstick Set,2,748.58,South,1497.16
2345,2024-10-29,30.0,Male,Electronics,Wireless Earbuds,1,3585.56,West,3585.56
2346,2025-04-20,28.0,Male,Electronics,Bluetooth Speaker,3,3420.53,North,10261.59
2347,2025-09-18,28.0,Female,Home & Kitchen,Blender,1,1569.98,East,1569.98
2348,2024-07-26,43.0,Female,Clothing,Running Shoes,1,620.15,North,620.15
2349,2025-03-24,28.0,Male,Beauty,Face Serum,1,952.24,North,952.24
2350,2025-07-05,56.0,Male,Sports,Dumbbell Set,1,1175.09,South,1175.09
2351,2024-07-23,41.0,Female,Electronics,Bluetooth Speaker,1,3273.24,West,3273.24
2352,2024-11-25,22.0,Male,Electronics,Power Bank,1,3222.4,South,3222.4
2353,2024-08-04,16.0,Male,Clothing,Denim Jacket,1,511.53,West,511.53
2354,2025-07-21,41.0,Female,Electronics,Bluetooth Speaker,2,3541.19,East,7082.38
2355,2024-06-25,35.0,Female,Home & Kitchen,Table Lamp,1,1569.39,North,1569.39
2356,2025-08-31,31.0,Female,Clothing,Winter Hoodie,1,829.68,West,829.68
2357,2025-06-05,36.0,Male,Sports,Cycling Helmet,1,1261.4,Central,1261.4
2358,2024-09-28,41.0,Female,Electronics,Bluetooth Speaker,1,3189.56,Central,3189.56
2359,2024-07-09,30.0,Male,Sports,Cycling Helmet,4,1319.31,South,5277.24
2360,2025-10-30,31.0,Male,Electronics,Wireless Earbuds,3,3667.82,North,11003.46
2361,2025-02-18,26.0,Male,Electronics,Bluetooth Speaker,1,4078.65,Central,4078.65
2362,2025-02-19,37.0,Female,Electronics,Bluetooth Speaker,2,3030.85,North,6061.7
2363,2025-01-01,24.0,Female,Beauty,Hair Dryer,1,536.27,South,536.27
2364,2025-06-29,39.0,Male,Clothing,Formal Shirt,1,1148.6,South,1148.6
2365,2024-08-10,56.0,Male,Home & Kitchen,Storage Rack,1,1146.77,South,1146.77
2366,2024-09-18,39.0,Female,Clothing,Cotton T-Shirt,3,1486.49,East,4459.47
2367,2024-09-07,26.0,Female,Home & Kitchen,Vacuum Flask,3,996.64,Central,2989.92
2368,2024-03-23,41.0,Female,Clothing,Cotton T-Shirt,1,1292.24,Central,1292.24
2369,2025-02-18,34.0,Male,Sports,Football,1,1053.22,East,1053.22
2370,2024-05-18,26.0,Female,Clothing,Winter Hoodie,1,931.29,West,931.29
2371,2024-11-20,25.0,Male,Sports,Cycling Helmet,3,1339.46,North,4018.38
2372,2025-04-17,16.0,Male,Sports,Football,1,1561.67,East,1561.67
2373,2024-10-17,33.0,Female,Sports,Yoga Mat,1,1822.34,North,1822.34
2374,2025-03-06,33.0,Female,Home & Kitchen,Blender,2,1923.01,Central,3846.02
2375,2025-02-04,24.0,Male,Beauty,Hair Dryer,3,805.33,Central,2415.99
2376,2025-04-20,47.0,Male,Home & Kitchen,Storage Rack,3,1391.72,West,4175.16
2377,2024-04-26,29.0,Female,Electronics,Wireless Earbuds,1,3972.46,South,3972.46
2378,2025-04-06,39.0,Female,Clothing,Formal Shirt,2,917.37,Central,1834.74
2379,2024-09-06,29.0,Male,Clothing,Denim Jacket,1,970.4,South,970.4
2380,2025-06-27,34.0,Female,Clothing,Cotton T-Shirt,1,1368.01,West,1368.01
2381,2024-09-17,30.0,Male,Clothing,Formal Shirt,3,1068.61,South,3205.83
2382,2024-02-10,24.0,Female,Clothing,Running Shoes,2,890.74,South,1781.48
2383,2025-06-01,30.0,Male,Home & Kitchen,Vacuum Flask,3,1255.52,North,3766.56
2384,2025-03-28,16.0,Male,Electronics,Smartwatch,1,3193.78,East,3193.78
2385,2024-06-06,24.0,Male,Home & Kitchen,Blender,1,1419.56,West,1419.56
2386,2024-02-22,16.0,Male,Clothing,Formal Shirt,1,966.13,West,966.13
2387,2024-06-21,30.0,Female,Clothing,Winter Hoodie,1,815.03,West,815.03
2388,2024-12-03,24.0,Male,Clothing,Running Shoes,1,958.23,West,958.23
2389,2025-05-09,29.0,Male,Home & Kitchen,Storage Rack,2,1695.55,Central,3391.1
2390,2025-04-24,34.0,Female,Beauty,Lipstick Set,3,695.66,North,2086.98
2391,2025-08-05,33.0,Male,Home & Kitchen,Storage Rack,2,1610.3,North,3220.6
2392,2024-07-25,33.0,Male,Home & Kitchen,Vacuum Flask,3,1467.47,West,4402.41
2393,2024-07-07,39.0,Female,Clothing,Running Shoes,1,882.38,West,882.38
2394,2024-09-23,28.0,Female,Home & Kitchen,Storage Rack,1,1512.72,East,1512.72
2395,2024-11-04,26.0,Female,Beauty,Face Serum,3,811.01,North,2433.03
2396,2025-08-14,46.0,Male,Home & Kitchen,Non-stick Pan,1,733.94,West,733.94
2397,2025-02-18,27.0,Female,Home & Kitchen,Vacuum Flask,1,1762.23,North,1762.23
2398,2024-08-15,16.0,Female,Home & Kitchen,Storage Rack,1,1047.33,South,1047.33
2399,2025-01-08,37.0,Female,Clothing,Winter Hoodie,1,786.57,North,786.57
2400,2024-10-29,41.0,Female,Home & Kitchen,Vacuum Flask,3,901.61,North,2704.83
2401,2025-09-17,42.0,Female,Beauty,Hair Dryer,2,688.88,South,1377.76
2402,2025-03-15,31.0,Female,Beauty,Lipstick Set,1,655.26,South,655.26
2403,2024-09-23,19.0,Male,Home & Kitchen,Vacuum Flask,1,1490.5,North,1490.5
2404,2024-07-27,22.0,Female,Home & Kitchen,Table Lamp,1,403.77,North,403.77
2405,2025-05-29,39.0,Female,Sports,Cricket Bat,1,939.25,North,939.25
2406,2025-06-04,42.0,Female,Clothing,Winter Hoodie,3,1099.97,East,3299.91
2407,2025-09-06,22.0,Female,Clothing,Winter Hoodie,3,1276.34,West,3829.02
2408,2025-03-26,36.0,Male,Home & Kitchen,Vacuum Flask,2,1539.16,East,3078.32
2409,2025-04-25,42.0,Male,Sports,Yoga Mat,3,1505.92,East,4517.76
2410,2025-05-02,54.0,Female,Clothing,Formal Shirt,1,1128.97,North,1128.97
2411,2025-05-06,51.0,Male,Electronics,Power Bank,3,2774.59,West,8323.77
2412,2024-05-17,42.0,Male,Sports,Cycling Helmet,1,1521.41,West,1521.41
2413,2025-05-02,20.0,Male,Home & Kitchen,Storage Rack,2,672.47,South,1344.94
2414,2025-03-08,52.0,Male,Electronics,Power Bank,2,4111.42,East,8222.84
2415,2024-08-07,38.0,Female,Sports,Football,3,1503.56,North,4510.68
2416,2024-03-17,40.0,Female,Clothing,Running Shoes,1,675.54,North,675.54
2417,2025-01-24,41.0,Male,Home & Kitchen,Vacuum Flask,1,1777.03,East,1777.03
2418,2024-05-08,22.0,Female,Electronics,Power Bank,2,4926.42,West,9852.84
2419,2025-03-03,34.0,Male,Beauty,Perfume,1,744.99,North,744.99
2420,2025-08-23,63.0,Female,Sports,Football,2,1357.73,South,2715.46
2421,2024-10-27,25.0,Male,Electronics,Smartwatch,2,4702.7,West,9405.4
2422,2024-04-29,47.0,Female,Beauty,Perfume,2,824.27,South,1648.54
2423,2025-03-11,25.0,Male,Home & Kitchen,Table Lamp,3,1155.87,North,3467.61
2424,2025-05-13,47.0,Female,Beauty,Hair Dryer,1,629.84,East,629.84
2425,2025-02-05,32.0,Female,Electronics,Laptop Sleeve,1,2706.68,South,2706.68
2426,2025-06-14,32.0,Female,Electronics,Wireless Earbuds,3,3605.11,North,10815.33
2427,2025-09-03,40.0,Female,Sports,Cricket Bat,1,1577.05,South,1577.05
2428,2024-11-20,38.0,Male,Home & Kitchen,Blender,1,1272.42,East,1272.42
2429,2025-07-02,27.0,Female,Home & Kitchen,Vacuum Flask,1,1159.37,Central,1159.37
2430,2024-05-20,19.0,Male,Beauty,Hair Dryer,1,551.89,East,551.89
2431,2024-05-07,29.0,Female,Clothing,Denim Jacket,3,841.11,East,2523.33
2432,2025-03-11,23.0,Female,Clothing,Winter Hoodie,1,1435.17,South,1435.17
2433,2024-10-26,30.0,Male,Sports,Yoga Mat,4,1017.84,East,4071.36
2434,2025-02-10,49.0,Male,Electronics,Bluetooth Speaker,1,4060.19,North,4060.19
2435,2025-08-15,20.0,Male,Clothing,Formal Shirt,1,1278.28,West,1278.28
2436,2024-07-18,26.0,Male,Beauty,Perfume,1,741.14,Central,741.14
2437,2025-06-15,45.0,Female,Sports,Cricket Bat,3,1384.65,Central,4153.95
2438,2024-03-30,43.0,Male,Electronics,Smartwatch,1,3474.68,East,3474.68
2439,2024-01-20,16.0,Male,Clothing,Denim Jacket,2,935.94,North,1871.88
2440,2025-02-07,16.0,Male,Beauty,Face Serum,3,357.79,North,1073.37
2441,2025-05-08,56.0,Female,Beauty,Sunscreen,1,666.9,North,666.9
2442,2025-03-31,45.0,Female,Home & Kitchen,Vacuum Flask,1,1250.98,West,1250.98
2443,2024-10-20,29.0,Female,Electronics,Power Bank,1,2982.7,East,2982.7
2444,2024-04-15,30.0,Male,Electronics,Wireless Earbuds,1,3027.96,North,3027.96
2445,2024-06-22,33.0,Female,Electronics,Smartwatch,2,3397.38,Central,6794.76
2446,2025-02-17,24.0,Female,Home & Kitchen,Non-stick Pan,1,1213.51,Central,1213.51
2447,2025-05-27,23.0,Female,Clothing,Cotton T-Shirt,1,924.88,Central,924.88
2448,2025-04-16,46.0,Male,Electronics,Bluetooth Speaker,2,3367.82,Central,6735.64
2449,2024-12-21,47.0,Male,Clothing,Formal Shirt,2,836.73,South,1673.46
2450,2025-06-21,37.0,Female,Sports,Cycling Helmet,1,1563.88,North,1563.88
2451,2025-11-01,43.0,Male,Electronics,Smartwatch,1,3467.95,Central,3467.95
2452,2024-07-27,33.0,Female,Home & Kitchen,Non-stick Pan,2,2081.3,North,4162.6
2453,2024-08-21,29.0,Male,Clothing,Formal Shirt,2,611.43,South,1222.86
2454,2025-08-13,41.0,Male,Clothing,Running Shoes,2,673.83,North,1347.66
2455,2024-07-25,25.0,Female,Electronics,Laptop Sleeve,2,4533.65,East,9067.3
2456,2025-03-17,16.0,Male,Sports,Dumbbell Set,1,2108.27,North,2108.27
2457,2024-02-20,29.0,Male,Beauty,Perfume,1,582.47,South,582.47
2458,2024-06-11,46.0,Female,Electronics,Wireless Earbuds,2,4372.18,South,8744.36
2459,2025-03-08,19.0,Male,Clothing,Denim Jacket,3,1087.18,Central,3261.54
2460,2025-02-06,35.0,Female,Sports,Yoga Mat,1,911.11,East,911.11
2461,2024-07-17,56.0,Female,Clothing,Running Shoes,1,648.24,North,648.24
2462,2025-04-21,34.0,Female,Clothing,Winter Hoodie,3,1114.47,West,3343.41
2463,2025-01-08,32.0,Male,Electronics,Bluetooth Speaker,2,2212.26,West,4424.52
2464,2025-03-10,37.0,Male,Electronics,Power Bank,1,2279.74,West,2279.74
2465,2024-09-12,28.0,Female,Electronics,Bluetooth Speaker,1,3318.16,West,3318.16
2466,2024-10-21,43.0,Male,Clothing,Running Shoes,2,944.58,North,1889.16
2467,2024-07-05,40.0,Male,Home & Kitchen,Vacuum Flask,3,1761.61,North,5284.83
2468,2025-05-03,30.0,Male,Clothing,Running Shoes,1,1116.75,South,1116.75
2469,2025-10-05,31.0,Male,Electronics,Power Bank,1,2224.69,Central,2224.69
2470,2024-08-19,24.0,Male,Clothing,Formal Shirt,3,1382.25,Central,4146.75
2471,2025-08-31,39.0,Female,Home & Kitchen,Table Lamp,1,1372.42,West,1372.42
2472,2025-05-14,23.0,Male,Beauty,Sunscreen,1,368.61,East,368.61
2473,2024-05-21,29.0,Male,Electronics,Bluetooth Speaker,1,1133.67,South,1133.67
2474,2024-10-31,31.0,Female,Clothing,Winter Hoodie,1,745.36,East,745.36
2475,2024-11-22,33.0,Male,Home & Kitchen,Vacuum Flask,1,1717.64,West,1717.64
2476,2024-11-20,44.0,Female,Clothing,Formal Shirt,3,927.4,South,2782.2
2477,2025-04-01,42.0,Male,Electronics,Wireless Earbuds,1,5861.42,West,5861.42
2478,2025-03-30,47.0,Male,Clothing,Running Shoes,2,1134.45,South,2268.9
2479,2024-05-04,31.0,Female,Home & Kitchen,Vacuum Flask,2,1566.49,North,3132.98
2480,2025-01-23,28.0,Female,Beauty,Face Serum,1,1033.66,North,1033.66
2481,2025-01-07,41.0,Male,Sports,Dumbbell Set,1,1160.51,West,1160.51
2482,2025-01-25,38.0,Female,Clothing,Winter Hoodie,1,899.26,East,899.26
2483,2024-12-09,46.0,Male,Electronics,Smartwatch,2,3261.33,North,6522.66
2484,2024-01-19,34.0,Female,Home & Kitchen,Table Lamp,2,2026.29,Central,4052.58
2485,2024-12-02,20.0,Female,Home & Kitchen,Non-stick Pan,3,1497.39,South,4492.17
2486,2024-03-02,33.0,Female,Beauty,Lipstick Set,1,791.89,West,791.89
2487,2024-07-09,52.0,Male,Beauty,Perfume,3,736.1,South,2208.3
2488,2025-01-19,48.0,Male,Beauty,Sunscreen,1,835.5,East,835.5
2489,2025-05-10,42.0,Male,Home & Kitchen,Storage Rack,3,1364.92,South,4094.76
2490,2025-06-28,57.0,Female,Electronics,Smartwatch,2,3416.05,West,6832.1
2491,2025-09-03,39.0,Female,Beauty,Hair Dryer,2,933.02,North,1866.04
2492,2024-05-30,54.0,Male,Electronics,Bluetooth Speaker,2,3732.46,West,7464.92
2493,2025-06-15,42.0,Male,Beauty,Lipstick Set,2,730.26,Central,1460.52
2494,2025-10-17,16.0,Female,Clothing,Running Shoes,4,1142.37,Central,4569.48
2495,2024-11-28,25.0,Female,Sports,Cycling Helmet,1,1799.12,South,1799.12
2496,2025-11-13,32.0,Male,Electronics,Bluetooth Speaker,1,3527.85,South,3527.85
2497,2025-01-03,24.0,Female,Clothing,Running Shoes,1,894.91,Central,894.91
2498,2025-03-12,28.0,Male,Clothing,Formal Shirt,1,902.98,West,902.98
2499,2024-12-03,29.0,Female,Clothing,Denim Jacket,3,1013.83,South,3041.49
2500,2025-04-07,32.0,Female,Electronics,Laptop Sleeve,4,3562.55,West,14250.2
2501,2025-07-06,59.0,Female,Clothing,Cotton T-Shirt,3,521.85,North,1565.55
2502,2024-09-04,20.0,Female,Beauty,Hair Dryer,2,584.85,North,1169.7
2503,2024-12-21,44.0,Male,Home & Kitchen,Table Lamp,2,2042.45,West,4084.9
2504,2024-07-29,20.0,Male,Electronics,Wireless Earbuds,1,3780.37,East,3780.37
2505,2025-03-27,31.0,Female,Beauty,Lipstick Set,1,779.04,North,779.04
2506,2024-09-21,24.0,Female,Clothing,Cotton T-Shirt,1,1267.57,West,1267.57
2507,2024-11-15,40.0,Female,Clothing,Running Shoes,1,730.01,East,730.01
2508,2025-04-06,31.0,Male,Beauty,Hair Dryer,3,622.15,West,1866.45
2509,2024-04-24,38.0,Male,Electronics,Laptop Sleeve,3,3885.38,East,11656.14
2510,2025-01-23,33.0,Female,Beauty,Perfume,3,750.39,South,2251.17
2511,2025-01-31,42.0,Female,Electronics,Smartwatch,1,4532.54,South,4532.54
2512,2025-03-15,17.0,Female,Home & Kitchen,Blender,1,1190.89,West,1190.89
2513,2024-10-02,32.0,Female,Electronics,Wireless Earbuds,2,2012.38,South,4024.76
2514,2025-01-22,33.0,Female,Electronics,Smartwatch,1,2527.35,South,2527.35
2515,2025-06-28,59.0,Male,Clothing,Running Shoes,1,978.52,Central,978.52
2516,2025-03-09,27.0,Male,Clothing,Cotton T-Shirt,1,1096.51,South,1096.51
2517,2024-07-01,29.0,Female,Beauty,Hair Dryer,3,619.8,South,1859.4
2518,2024-12-24,50.0,Female,Clothing,Winter Hoodie,1,1087.74,North,1087.74
2519,2024-09-07,36.0,Male,Beauty,Lipstick Set,2,458.46,North,916.92
2520,2024-06-12,23.0,Male,Clothing,Winter Hoodie,1,1086.61,East,1086.61
2521,2025-07-05,43.0,Male,Electronics,Wireless Earbuds,3,3135.9,West,9407.7
2522,2025-07-01,38.0,Female,Clothing,Running Shoes,1,911.01,South,911.01
2523,2025-05-13,45.0,Female,Sports,Cycling Helmet,1,1210.66,North,1210.66
2524,2024-12-03,50.0,Male,Home & Kitchen,Storage Rack,3,1398.06,South,4194.18
2525,2024-12-14,21.0,Male,Clothing,Cotton T-Shirt,1,882.47,East,882.47
2526,2025-06-04,60.0,Male,Electronics,Smartwatch,2,2061.03,West,4122.06
2527,2025-09-08,47.0,Female,Electronics,Smartwatch,1,2619.29,Central,2619.29
2528,2025-06-19,32.0,Female,Sports,Cycling Helmet,3,1951.23,Central,5853.69
2529,2025-04-15,20.0,Male,Electronics,Wireless Earbuds,1,2943.45,West,2943.45
2530,2025-01-29,32.0,Female,Clothing,Cotton T-Shirt,2,467.44,West,934.88
2531,2025-06-14,26.0,Female,Sports,Cricket Bat,1,1619.48,North,1619.48
2532,2025-05-09,37.0,Male,Clothing,Denim Jacket,2,595.02,South,1190.04
2533,2024-05-14,23.0,Male,Home & Kitchen,Non-stick Pan,1,1012.48,South,1012.48
2534,2024-12-04,29.0,Female,Sports,Cricket Bat,1,1152.24,East,1152.24
2535,2025-05-24,38.0,Male,Electronics,Laptop Sleeve,1,3563.9,South,3563.9
2536,2024-06-06,29.0,Male,Beauty,Lipstick Set,1,589.39,South,589.39
2537,2024-11-28,29.0,Female,Beauty,Lipstick Set,1,428.13,South,428.13
2538,2024-08-04,43.0,Female,Clothing,Denim Jacket,2,852.78,South,1705.56
2539,2025-07-24,58.0,Male,Sports,Yoga Mat,2,2016.86,Central,4033.72
2540,2024-08-21,40.0,Female,Home & Kitchen,Storage Rack,1,877.51,North,877.51
2541,2024-09-13,22.0,Male,Home & Kitchen,Blender,2,1264.59,North,2529.18
2542,2024-07-05,31.0,Female,Beauty,Sunscreen,1,844.86,South,844.86
2543,2024-11-15,37.0,Female,Electronics,Bluetooth Speaker,3,3768.41,West,11305.23
2544,2025-10-13,34.0,Male,Home & Kitchen,Table Lamp,3,1293.54,South,3880.62
2545,2024-11-17,23.0,Female,Clothing,Denim Jacket,2,1034.05,West,2068.1
2546,2024-12-27,39.0,Female,Beauty,Sunscreen,4,787.89,South,3151.56
2547,2025-05-14,33.0,Female,Home & Kitchen,Table Lamp,2,1682.44,Central,3364.88
2548,2024-04-03,43.0,Female,Electronics,Power Bank,2,2735.53,East,5471.06
2549,2024-10-03,32.0,Female,Clothing,Denim Jacket,4,821.53,West,3286.12
2550,2025-04-03,29.0,Male,Home & Kitchen,Non-stick Pan,1,1115.36,West,1115.36
2551,2025-07-12,48.0,Female,Sports,Yoga Mat,3,1557.22,West,4671.66
2552,2024-06-03,51.0,Male,Home & Kitchen,Blender,1,1270.46,South,1270.46
2553,2025-01-18,40.0,Male,Sports,Cycling Helmet,1,1915.53,North,1915.53
2554,2024-02-19,30.0,Female,Clothing,Denim Jacket,1,1385.08,East,1385.08
2555,2025-03-29,43.0,Male,Clothing,Cotton T-Shirt,1,939.57,North,939.57
2556,2025-01-28,47.0,Male,Clothing,Winter Hoodie,1,632.27,Central,632.27
2557,2025-05-26,38.0,Male,Electronics,Wireless Earbuds,2,2774.1,South,5548.2
2558,2024-06-29,38.0,Male,Electronics,Bluetooth Speaker,1,3385.9,East,3385.9
2559,2025-04-22,43.0,Male,Electronics,Bluetooth Speaker,1,3670.02,Central,3670.02
2560,2025-01-27,38.0,Male,Beauty,Hair Dryer,1,753.76,East,753.76
2561,2025-09-09,33.0,Female,Sports,Football,1,1947.06,South,1947.06
2562,2024-11-02,25.0,Female,Electronics,Wireless Earbuds,3,2474.1,Central,7422.3
2563,2025-08-17,67.0,Female,Home & Kitchen,Non-stick Pan,1,1977.93,South,1977.93
2564,2024-11-12,47.0,Male,Sports,Cycling Helmet,2,2245.72,South,4491.44
2565,2024-09-26,47.0,Male,Clothing,Cotton T-Shirt,1,541.29,West,541.29
2566,2025-05-14,33.0,Female,Beauty,Hair Dryer,1,614.78,West,614.78
2567,2024-08-17,22.0,Female,Clothing,Cotton T-Shirt,1,497.63,North,497.63
2568,2025-06-24,38.0,Female,Sports,Yoga Mat,2,1788.02,South,3576.04
2569,2024-05-23,38.0,Female,Sports,Cycling Helmet,1,1991.07,West,1991.07
2570,2024-09-07,22.0,Female,Electronics,Bluetooth Speaker,3,3720.91,North,11162.73
2571,2025-03-28,29.0,Female,Beauty,Hair Dryer,1,885.78,South,885.78
2572,2025-03-07,33.0,Female,Home & Kitchen,Storage Rack,2,1906.36,West,3812.72
2573,2025-04-02,,Male,Clothing,Formal Shirt,1,1135.93,North,1135.93
2574,2025-05-20,20.0,Female,Clothing,Denim Jacket,1,1345.83,North,1345.83
2575,2024-08-08,49.0,Male,Home & Kitchen,Blender,1,1012.96,East,1012.96
2576,2025-10-10,25.0,Female,Home & Kitchen,Non-stick Pan,4,1902.02,Central,7608.08
2577,2024-10-21,40.0,Male,Beauty,Sunscreen,1,637.26,East,637.26
2578,2024-09-25,42.0,Female,Clothing,Formal Shirt,2,1318.35,North,2636.7
2579,2024-02-21,18.0,Male,Electronics,Power Bank,1,3592.34,Central,3592.34
2580,2024-10-08,44.0,Female,Electronics,Bluetooth Speaker,2,2846.94,Central,5693.88
2581,2024-07-19,37.0,Female,Electronics,Power Bank,1,2828.76,East,2828.76
2582,2024-06-26,35.0,Male,Sports,Yoga Mat,2,1102.11,North,2204.22
2583,2025-08-16,43.0,Female,Electronics,Power Bank,1,1720.85,West,1720.85
2584,2025-04-02,42.0,Male,Home & Kitchen,Storage Rack,1,1215.46,North,1215.46
2585,2024-02-22,31.0,Female,Beauty,Sunscreen,1,973.78,West,973.78
2586,2024-12-29,34.0,Male,Electronics,Bluetooth Speaker,3,3228.05,West,9684.15
2587,2025-03-25,39.0,Male,Electronics,Laptop Sleeve,1,1471.28,West,1471.28
2588,2025-06-02,30.0,Female,Electronics,Power Bank,4,4662.38,South,18649.52
2589,2025-03-10,35.0,Male,Clothing,Formal Shirt,1,874.43,North,874.43
2590,2025-01-31,30.0,Female,Clothing,Running Shoes,2,1253.78,Central,2507.56
2591,2025-02-22,41.0,Male,Home & Kitchen,Non-stick Pan,2,1198.82,North,2397.64
2592,2024-05-19,38.0,Male,Electronics,Power Bank,2,3406.67,West,6813.34
2593,2025-01-27,31.0,Male,Clothing,Denim Jacket,1,1153.4,Central,1153.4
2594,2024-07-14,32.0,Female,Beauty,Hair Dryer,2,567.3,West,1134.6
2595,2025-05-06,17.0,Male,Electronics,Smartwatch,1,4101.38,East,4101.38
2596,2025-02-11,40.0,Female,Electronics,Bluetooth Speaker,3,3559.41,South,10678.23
2597,2024-07-19,23.0,Male,Sports,Football,2,1175.01,North,2350.02
2598,2024-05-23,48.0,Male,Sports,Dumbbell Set,1,2634.9,South,2634.9
2599,2025-09-19,31.0,Female,Sports,Cycling Helmet,1,1072.82,West,1072.82
2600,2025-11-12,58.0,Male,Electronics,Power Bank,1,4345.05,East,4345.05
2601,2024-02-25,50.0,Female,Sports,Cricket Bat,2,1996.91,West,3993.82
2602,2024-10-06,36.0,Female,Electronics,Wireless Earbuds,1,3159.1,North,3159.1
2603,2025-04-28,16.0,Female,Clothing,Cotton T-Shirt,4,1475.22,South,5900.88
2604,2025-06-25,37.0,Male,Sports,Football,1,1831.37,Central,1831.37
2605,2025-05-13,33.0,Male,Beauty,Hair Dryer,3,655.33,West,1965.99
2606,2024-06-02,25.0,Female,Home & Kitchen,Storage Rack,2,1486.55,North,2973.1
2607,2025-07-24,42.0,Male,Beauty,Face Serum,3,725.47,South,2176.41
2608,2024-09-21,28.0,Female,Clothing,Cotton T-Shirt,3,1136.6,North,3409.8
2609,2024-05-12,16.0,Female,Clothing,Cotton T-Shirt,1,594.68,West,594.68
2610,2024-09-01,40.0,Female,Electronics,Bluetooth Speaker,2,2816.67,West,5633.34
2611,2025-04-03,41.0,Female,Electronics,Smartwatch,2,2833.93,West,5667.86
2612,2024-08-29,30.0,Male,Clothing,Winter Hoodie,1,1338.77,North,1338.77
2613,2025-03-28,21.0,Female,Home & Kitchen,Storage Rack,1,1284.83,South,1284.83
2614,2025-04-13,22.0,Female,Home & Kitchen,Vacuum Flask,1,1747.05,West,1747.05
2615,2025-05-25,44.0,Male,Beauty,Lipstick Set,1,856.32,North,856.32
2616,2025-06-20,20.0,Female,Electronics,Wireless Earbuds,4,4173.0,West,16692.0
2617,2024-08-14,31.0,Female,Electronics,Bluetooth Speaker,1,2886.94,South,2886.94
2618,2024-07-12,36.0,Male,Home & Kitchen,Storage Rack,3,1320.29,East,3960.87
2619,2025-06-02,28.0,Male,Beauty,Hair Dryer,1,628.29,Central,628.29
2620,2024-10-01,47.0,Male,Electronics,Smartwatch,2,2779.66,South,5559.32
2621,2025-05-27,42.0,Male,Clothing,Formal Shirt,1,1261.58,North,1261.58
2622,2024-07-09,39.0,Male,Electronics,Laptop Sleeve,2,3124.5,Central,6249.0
2623,2025-03-11,36.0,Male,Clothing,Cotton T-Shirt,1,1104.17,Central,1104.17
2624,2024-10-25,34.0,Female,Home & Kitchen,Blender,2,1442.8,West,2885.6
2625,2024-07-06,29.0,Male,Home & Kitchen,Non-stick Pan,3,1066.09,West,3198.27
2626,2025-05-12,34.0,Male,Clothing,Denim Jacket,1,1193.08,North,1193.08
2627,2024-12-25,34.0,Female,Home & Kitchen,Table Lamp,4,1404.53,Central,5618.12
2628,2024-08-30,60.0,Male,Clothing,Cotton T-Shirt,4,1010.62,West,4042.48
2629,2024-07-28,40.0,Male,Beauty,Sunscreen,1,574.07,South,574.07
2630,2024-01-28,51.0,Female,Sports,Yoga Mat,1,1340.88,North,1340.88
2631,2025-07-12,16.0,Male,Electronics,Bluetooth Speaker,1,3033.45,North,3033.45
2632,2025-08-10,43.0,Male,Home & Kitchen,Table Lamp,3,1672.79,Central,5018.37
2633,2025-06-07,44.0,Female,Clothing,Winter Hoodie,1,962.71,East,962.71
2634,2025-10-24,22.0,Female,Sports,Cricket Bat,3,1385.16,South,4155.48
2635,2024-05-19,25.0,Male,Clothing,Denim Jacket,1,620.39,West,620.39
2636,2024-07-20,32.0,Female,Home & Kitchen,Storage Rack,1,1245.52,West,1245.52
2637,2025-04-14,41.0,Male,Electronics,Smartwatch,3,1786.96,South,5360.88
2638,2025-11-02,24.0,Female,Clothing,Running Shoes,2,1036.56,Central,2073.12
2639,2025-04-06,34.0,Female,Home & Kitchen,Non-stick Pan,2,1566.28,West,3132.56
2640,2024-01-21,16.0,Male,Clothing,Winter Hoodie,4,1141.76,Central,4567.04
2641,2024-11-03,33.0,Female,Sports,Dumbbell Set,2,1890.01,South,3780.02
2642,2025-07-30,32.0,Male,Electronics,Power Bank,1,2976.25,East,2976.25
2643,2025-05-21,32.0,Female,Home & Kitchen,Vacuum Flask,1,1407.82,West,1407.82
2644,2024-07-25,27.0,Female,Beauty,Lipstick Set,1,705.59,West,705.59
2645,2025-01-15,19.0,Female,Electronics,Smartwatch,1,1816.82,South,1816.82
2646,2024-10-11,39.0,Female,Electronics,Wireless Earbuds,1,2706.97,East,2706.97
2647,2024-09-06,37.0,Female,Electronics,Wireless Earbuds,2,2916.7,North,5833.4
2648,2025-02-12,24.0,Female,Sports,Dumbbell Set,1,1839.68,Central,1839.68
2649,2025-06-17,30.0,Male,Electronics,Laptop Sleeve,1,2553.73,North,2553.73
2650,2024-10-02,20.0,Male,Beauty,Sunscreen,1,570.28,South,570.28
2651,2024-06-02,22.0,Male,Clothing,Cotton T-Shirt,1,1122.43,West,1122.43
2652,2024-07-31,24.0,Male,Electronics,Bluetooth Speaker,2,4614.51,East,9229.02
2653,2024-12-26,25.0,Male,Home & Kitchen,Non-stick Pan,1,609.44,South,609.44
2654,2024-06-17,27.0,Male,Sports,Yoga Mat,1,1955.22,West,1955.22
2655,2025-07-16,46.0,Male,Clothing,Formal Shirt,3,1116.73,North,3350.19
2656,2024-10-27,18.0,Female,Clothing,Running Shoes,1,932.26,North,932.26
2657,2024-10-25,48.0,Female,Beauty,Face Serum,1,634.87,West,634.87
2658,2024-12-09,44.0,Female,Clothing,Denim Jacket,1,1192.57,North,1192.57
2659,2025-04-04,45.0,Female,Home & Kitchen,Blender,2,1684.99,South,3369.98
2660,2025-06-05,23.0,Female,Clothing,Denim Jacket,3,848.09,East,2544.27
2661,2024-05-11,42.0,Male,Clothing,Cotton T-Shirt,3,1092.06,West,3276.18
2662,2024-03-22,22.0,Female,Electronics,Bluetooth Speaker,1,3656.63,West,3656.63
2663,2025-01-26,32.0,Male,Clothing,Cotton T-Shirt,4,940.16,East,3760.64
2664,2025-09-12,22.0,Male,Electronics,Smartwatch,2,4099.34,West,8198.68
2665,2024-12-09,34.0,Male,Electronics,Laptop Sleeve,1,3290.81,East,3290.81
2666,2025-10-10,26.0,Male,Clothing,Denim Jacket,3,989.73,South,2969.19
2667,2025-02-02,34.0,Male,Beauty,Perfume,1,693.63,Central,693.63
2668,2025-04-14,16.0,Female,Sports,Football,1,1010.5,Central,1010.5
2669,2025-09-14,25.0,Female,Home & Kitchen,Non-stick Pan,2,1533.48,East,3066.96
2670,2025-05-28,30.0,Male,Clothing,Cotton T-Shirt,1,1213.25,North,1213.25
2671,2024-09-18,27.0,Male,Sports,Yoga Mat,1,1245.87,West,1245.87
2672,2024-12-22,32.0,Male,Electronics,Laptop Sleeve,4,3298.06,South,13192.24
2673,2025-09-04,22.0,Male,Electronics,Laptop Sleeve,2,3911.96,West,7823.92
2674,2024-11-25,39.0,Male,Clothing,Running Shoes,3,1162.29,West,3486.87
2675,2025-07-24,35.0,Male,Clothing,Formal Shirt,4,1145.63,West,4582.52
2676,2025-05-23,40.0,Female,Sports,Football,2,2164.0,West,4328.0
2677,2025-08-28,16.0,Male,Clothing,Denim Jacket,4,807.0,East,3228.0
2678,2024-11-17,53.0,Female,Clothing,Cotton T-Shirt,1,803.94,Central,803.94
2679,2024-09-17,41.0,Female,Electronics,Power Bank,3,3862.83,South,11588.49
2680,2024-09-19,50.0,Female,Sports,Yoga Mat,1,1585.02,East,1585.02
2681,2024-07-30,56.0,Male,Beauty,Lipstick Set,3,537.73,West,1613.19
2682,2024-11-28,32.0,Male,Electronics,Laptop Sleeve,2,4202.23,West,8404.46
2683,2024-11-29,16.0,Female,Clothing,Winter Hoodie,1,930.62,West,930.62
2684,2025-08-28,34.0,Female,Clothing,Running Shoes,1,1072.19,East,1072.19
2685,2024-12-10,33.0,Male,Home & Kitchen,Vacuum Flask,1,1889.96,East,1889.96
2686,2024-11-01,25.0,Female,Home & Kitchen,Storage Rack,3,2261.69,North,6785.07
2687,2024-07-13,16.0,Male,Clothing,Winter Hoodie,1,572.79,Central,572.79
2688,2024-05-30,25.0,Male,Electronics,Smartwatch,1,2136.83,East,2136.83
2689,2025-09-18,41.0,Female,Electronics,Wireless Earbuds,2,2793.11,North,5586.22
2690,2025-04-25,22.0,Female,Electronics,Wireless Earbuds,1,3097.22,East,3097.22
2691,2024-02-01,25.0,Male,Clothing,Cotton T-Shirt,1,1149.0,West,1149.0
2692,2024-06-07,21.0,Male,Electronics,Wireless Earbuds,1,4230.9,South,4230.9
2693,2024-05-14,27.0,Male,Beauty,Lipstick Set,3,616.71,West,1850.13
2694,2024-08-19,31.0,Female,Electronics,Smartwatch,3,2677.4,East,8032.2
2695,2025-01-19,34.0,Female,Clothing,Formal Shirt,2,1010.85,North,2021.7
2696,2025-09-01,16.0,Female,Clothing,Denim Jacket,1,988.7,North,988.7
2697,2024-05-01,26.0,Female,Electronics,Wireless Earbuds,2,2166.06,North,4332.12
2698,2024-08-22,39.0,Female,Home & Kitchen,Storage Rack,3,1077.78,West,3233.34
2699,2024-08-23,28.0,Male,Clothing,Winter Hoodie,1,1487.8,West,1487.8
2700,2024-09-21,28.0,Female,Home & Kitchen,Non-stick Pan,1,1458.39,North,1458.39
2701,2025-05-05,23.0,Female,Clothing,Cotton T-Shirt,4,1211.28,South,4845.12
2702,2024-11-25,31.0,Male,Home & Kitchen,Storage Rack,2,944.96,South,1889.92
2703,2025-10-05,31.0,Female,Electronics,Smartwatch,1,2431.62,North,2431.62
2704,2024-11-06,44.0,Female,Home & Kitchen,Storage Rack,1,1065.41,North,1065.41
2705,2024-12-14,44.0,Male,Clothing,Winter Hoodie,1,1136.52,South,1136.52
2706,2024-05-09,46.0,Female,Electronics,Bluetooth Speaker,1,2544.6,West,2544.6
2707,2025-04-17,44.0,Female,Beauty,Face Serum,2,356.1,West,712.2
2708,2025-01-03,43.0,Female,Electronics,Power Bank,1,3413.2,Central,3413.2
2709,2024-11-29,54.0,Female,Home & Kitchen,Blender,1,1251.28,East,1251.28
2710,2024-06-20,30.0,Female,Sports,Dumbbell Set,4,1741.31,East,6965.24
2711,2025-08-07,43.0,Female,Beauty,Perfume,1,913.27,West,913.27
2712,2024-09-23,25.0,Male,Sports,Cycling Helmet,1,2176.77,South,2176.77
2713,2025-03-09,18.0,Female,Sports,Dumbbell Set,3,1957.4,West,5872.2
2714,2024-11-20,36.0,Male,Electronics,Smartwatch,1,3770.07,South,3770.07
2715,2025-01-17,40.0,Female,Electronics,Laptop Sleeve,3,4145.98,South,12437.94
2716,2025-01-12,16.0,Female,Electronics,Smartwatch,2,2347.09,West,4694.18
2717,2025-08-21,28.0,Female,Electronics,Laptop Sleeve,1,2406.98,East,2406.98
2718,2025-03-31,42.0,Male,Clothing,Denim Jacket,2,848.49,North,1696.98
2719,2024-12-21,26.0,Male,Sports,Football,1,1733.67,Central,1733.67
2720,2024-12-17,33.0,Male,Clothing,Cotton T-Shirt,2,475.93,North,951.86
2721,2024-09-10,29.0,Female,Electronics,Smartwatch,2,3657.79,East,7315.58
2722,2024-08-15,60.0,Male,Electronics,Laptop Sleeve,2,4556.39,Central,9112.78
2723,2025-01-05,54.0,Male,Sports,Cycling Helmet,1,1771.91,West,1771.91
2724,2025-03-06,42.0,Male,Electronics,Laptop Sleeve,4,3146.65,West,12586.6
2725,2024-12-11,39.0,Male,Clothing,Winter Hoodie,1,1046.26,North,1046.26
2726,2025-04-29,16.0,Male,Electronics,Bluetooth Speaker,1,3582.97,North,3582.97
2727,2024-08-13,38.0,Female,Clothing,Winter Hoodie,1,783.21,West,783.21
2728,2025-01-12,38.0,Female,Home & Kitchen,Vacuum Flask,1,1111.76,East,1111.76
2729,2024-11-04,27.0,Male,Electronics,Smartwatch,3,3890.25,Central,11670.75
2730,2025-07-13,39.0,Female,Sports,Football,2,1782.0,South,3564.0
2731,2024-06-08,33.0,Female,Sports,Football,1,2328.64,Central,2328.64
2732,2025-09-22,22.0,Male,Clothing,Formal Shirt,2,874.81,East,1749.62
2733,2025-01-07,48.0,Female,Home & Kitchen,Vacuum Flask,3,889.45,South,2668.35
2734,2025-03-19,16.0,Male,Electronics,Smartwatch,1,3475.44,Central,3475.44
2735,2025-08-12,48.0,Male,Home & Kitchen,Storage Rack,1,1342.82,West,1342.82
2736,2024-05-18,31.0,Female,Clothing,Formal Shirt,1,1422.95,South,1422.95
2737,2025-09-05,28.0,Male,Sports,Dumbbell Set,1,1992.85,West,1992.85
2738,2025-03-18,42.0,Female,Clothing,Cotton T-Shirt,2,835.08,South,1670.16
2739,2025-09-17,34.0,Male,Clothing,Winter Hoodie,2,955.82,South,1911.64
2740,2025-01-30,39.0,Male,Electronics,Smartwatch,2,3739.6,West,7479.2
2741,2024-07-16,16.0,Female,Clothing,Running Shoes,1,817.49,South,817.49
2742,2024-11-14,37.0,Male,Electronics,Power Bank,2,4371.0,West,8742.0
2743,2025-10-05,28.0,Male,Sports,Yoga Mat,1,1859.43,East,1859.43
2744,2025-03-25,54.0,Male,Clothing,Winter Hoodie,2,1210.57,East,2421.14
2745,2025-02-09,30.0,Male,Home & Kitchen,Blender,1,1491.35,East,1491.35
2746,2024-10-17,36.0,Female,Electronics,Power Bank,2,3224.38,South,6448.76
2747,2024-08-18,54.0,Male,Beauty,Lipstick Set,1,869.71,North,869.71
2748,2025-02-25,21.0,Female,Electronics,Smartwatch,2,1807.58,North,3615.16
2749,2024-05-30,34.0,Female,Electronics,Power Bank,1,2358.01,North,2358.01
2750,2025-05-16,22.0,Female,Home & Kitchen,Storage Rack,1,1143.58,Central,1143.58
2751,2025-09-09,33.0,Male,Home & Kitchen,Blender,2,1007.84,Central,2015.68
2752,2024-09-18,47.0,Male,Sports,Cricket Bat,2,2588.87,West,5177.74
2753,2024-06-20,24.0,Male,Home & Kitchen,Blender,1,1369.51,West,1369.51
2754,2025-08-19,43.0,Male,Home & Kitchen,Vacuum Flask,1,1298.63,North,1298.63
2755,2024-05-08,34.0,Female,Clothing,Cotton T-Shirt,3,1008.09,East,3024.27
2756,2025-03-23,41.0,Male,Beauty,Face Serum,2,700.79,Central,1401.58
2757,2024-10-11,42.0,Male,Sports,Yoga Mat,2,1970.72,Central,3941.44
2758,2025-05-22,27.0,Male,Beauty,Face Serum,1,751.66,South,751.66
2759,2024-10-06,42.0,Female,Clothing,Winter Hoodie,1,866.7,East,866.7
2760,2025-10-06,26.0,Male,Home & Kitchen,Blender,1,1489.48,North,1489.48
2761,2024-06-25,43.0,Female,Home & Kitchen,Storage Rack,2,1468.7,West,2937.4
2762,2025-03-02,19.0,Male,Electronics,Bluetooth Speaker,2,4640.18,South,9280.36
2763,2025-10-20,51.0,Male,Clothing,Winter Hoodie,2,895.91,Central,1791.82
2764,2025-03-10,36.0,Male,Electronics,Wireless Earbuds,2,2356.27,South,4712.54
2765,2025-01-15,24.0,Male,Electronics,Power Bank,2,4047.86,Central,8095.72
2766,2024-09-19,33.0,Male,Electronics,Bluetooth Speaker,1,4863.74,East,4863.74
2767,2025-04-04,16.0,Male,Clothing,Formal Shirt,2,795.55,North,1591.1
2768,2025-06-26,44.0,Female,Clothing,Running Shoes,1,1268.28,North,1268.28
2769,2025-07-14,22.0,Male,Electronics,Smartwatch,1,3134.85,Central,3134.85
2770,2025-07-09,41.0,Female,Electronics,Laptop Sleeve,2,3438.42,North,6876.84
2771,2024-09-22,23.0,Male,Electronics,Power Bank,4,2332.14,East,9328.56
2772,2025-06-11,35.0,Female,Electronics,Smartwatch,3,4057.86,South,12173.58
2773,2024-08-22,60.0,Male,Home & Kitchen,Non-stick Pan,1,1991.98,East,1991.98
2774,2025-06-25,39.0,Female,Clothing,Winter Hoodie,1,848.43,East,848.43
2775,2024-09-14,42.0,Female,Sports,Cricket Bat,1,1510.15,East,1510.15
2776,2024-12-07,47.0,Female,Beauty,Face Serum,1,705.98,North,705.98
2777,2025-07-20,38.0,Female,Beauty,Perfume,1,484.46,North,484.46
2778,2024-04-26,25.0,Male,Clothing,Winter Hoodie,2,1228.99,Central,2457.98
2779,2025-04-26,30.0,Female,Electronics,Bluetooth Speaker,1,3890.87,South,3890.87
2780,2024-11-17,40.0,Male,Electronics,Laptop Sleeve,1,2745.47,East,2745.47
2781,2024-11-30,28.0,Female,Beauty,Hair Dryer,3,348.29,East,1044.87
2782,2024-12-09,27.0,Male,Clothing,Cotton T-Shirt,1,881.47,Central,881.47
2783,2025-01-21,43.0,Female,Home & Kitchen,Blender,2,2298.31,South,4596.62
2784,2025-02-09,32.0,Male,Sports,Football,3,1921.1,West,5763.3
2785,2025-08-24,44.0,Male,Sports,Cricket Bat,2,2450.21,North,4900.42
2786,2024-11-18,40.0,Female,Sports,Dumbbell Set,1,1698.9,East,1698.9
2787,2024-12-20,44.0,Female,Sports,Dumbbell Set,1,1634.61,Central,1634.61
2788,2024-11-21,24.0,Female,Clothing,Winter Hoodie,1,992.16,East,992.16
2789,2025-06-28,53.0,Female,Home & Kitchen,Blender,1,2166.0,West,2166.0
2790,2024-12-14,21.0,Female,Beauty,Perfume,1,496.5,North,496.5
2791,2025-07-09,38.0,Female,Beauty,Hair Dryer,1,432.67,West,432.67
2792,2025-08-23,44.0,Female,Electronics,Smartwatch,1,3401.5,East,3401.5
2793,2024-06-07,28.0,Male,Home & Kitchen,Storage Rack,3,1732.8,North,5198.4
2794,2024-10-07,30.0,Female,Electronics,Power Bank,1,3168.88,North,3168.88
2795,2025-06-15,41.0,Male,Electronics,Bluetooth Speaker,1,2278.82,North,2278.82
2796,2024-09-05,38.0,Female,Clothing,Formal Shirt,1,1018.18,North,1018.18
2797,2025-10-05,,Female,Home & Kitchen,Vacuum Flask,3,1427.46,Central,4282.38
2798,2025-04-24,45.0,Male,Clothing,Cotton T-Shirt,1,1317.46,North,1317.46
2799,2024-08-24,17.0,Female,Home & Kitchen,Table Lamp,1,1553.66,South,1553.66
2800,2024-10-28,28.0,Male,Home & Kitchen,Storage Rack,2,1298.79,North,2597.58
2801,2025-09-27,22.0,Female,Electronics,Smartwatch,3,2815.88,North,8447.64
2802,2024-11-12,33.0,Female,Beauty,Lipstick Set,1,586.97,West,586.97
2803,2024-08-25,23.0,Male,Home & Kitchen,Blender,1,1196.88,East,1196.88
2804,2025-03-08,37.0,Male,Home & Kitchen,Blender,3,1172.57,West,3517.71
2805,2025-03-02,36.0,Male,Home & Kitchen,Blender,2,2164.11,North,4328.22
2806,2024-11-23,45.0,Male,Electronics,Laptop Sleeve,2,2697.36,West,5394.72
2807,2025-08-07,48.0,Female,Electronics,Wireless Earbuds,1,1752.39,West,1752.39
2808,2024-03-10,28.0,Female,Home & Kitchen,Vacuum Flask,1,1855.36,Central,1855.36
2809,2024-10-08,39.0,Female,Sports,Yoga Mat,1,2188.58,North,2188.58
2810,2024-11-27,28.0,Female,Clothing,Formal Shirt,1,1016.09,Central,1016.09
2811,2024-12-05,35.0,Male,Electronics,Wireless Earbuds,4,2364.42,North,9457.68
2812,2025-04-24,28.0,Female,Clothing,Cotton T-Shirt,1,654.32,Central,654.32
2813,2025-11-13,43.0,Male,Sports,Cricket Bat,1,1638.97,North,1638.97
2814,2025-04-16,41.0,Male,Sports,Football,2,1014.98,West,2029.96
2815,2025-01-12,21.0,Male,Electronics,Bluetooth Speaker,1,4313.15,West,4313.15
2816,2024-04-29,50.0,Male,Home & Kitchen,Storage Rack,1,2029.91,North,2029.91
2817,2024-07-19,29.0,Male,Home & Kitchen,Table Lamp,1,1449.43,East,1449.43
2818,2024-10-10,39.0,Female,Electronics,Laptop Sleeve,1,3581.7,Central,3581.7
2819,2025-07-20,16.0,Female,Sports,Yoga Mat,2,1777.16,East,3554.32
2820,2025-01-16,43.0,Female,Clothing,Running Shoes,1,1100.62,West,1100.62
2821,2025-04-22,39.0,Female,Beauty,Sunscreen,1,764.82,West,764.82
2822,2024-08-10,16.0,Male,Electronics,Wireless Earbuds,2,2373.38,South,4746.76
2823,2024-09-04,19.0,Male,Electronics,Power Bank,2,3311.93,West,6623.86
2824,2024-12-07,31.0,Female,Electronics,Laptop Sleeve,1,2897.98,Central,2897.98
2825,2024-10-16,34.0,Female,Clothing,Denim Jacket,2,816.83,East,1633.66
2826,2024-11-06,22.0,Female,Beauty,Hair Dryer,1,657.03,North,657.03
2827,2024-09-03,48.0,Male,Home & Kitchen,Storage Rack,1,782.2,East,782.2
2828,2024-04-07,34.0,Female,Home & Kitchen,Storage Rack,1,1134.62,South,1134.62
2829,2025-05-24,30.0,Female,Home & Kitchen,Table Lamp,1,1440.25,North,1440.25
2830,2024-04-13,24.0,Female,Electronics,Wireless Earbuds,1,3330.88,South,3330.88
2831,2025-03-05,52.0,Male,Electronics,Smartwatch,2,4471.71,East,8943.42
2832,2024-12-20,47.0,Female,Electronics,Smartwatch,1,2241.46,South,2241.46
2833,2025-07-09,30.0,Male,Beauty,Perfume,1,875.63,Central,875.63
2834,2024-12-28,35.0,Female,Clothing,Winter Hoodie,1,1357.95,North,1357.95
2835,2024-08-22,20.0,Female,Clothing,Winter Hoodie,3,624.68,West,1874.04
2836,2025-03-26,16.0,Female,Beauty,Lipstick Set,3,672.18,West,2016.54
2837,2024-09-21,39.0,Female,Home & Kitchen,Storage Rack,1,1591.03,East,1591.03
2838,2024-04-15,16.0,Female,Beauty,Lipstick Set,1,702.11,North,702.11
2839,2025-02-28,34.0,Male,Clothing,Denim Jacket,1,1114.71,East,1114.71
2840,2025-01-02,20.0,Male,Clothing,Formal Shirt,2,593.49,West,1186.98
2841,2024-12-23,32.0,Female,Electronics,Smartwatch,1,2686.3,East,2686.3
2842,2025-07-30,23.0,Female,Beauty,Hair Dryer,3,596.82,West,1790.46
2843,2024-06-07,21.0,Male,Clothing,Formal Shirt,3,816.73,West,2450.19
2844,2024-11-25,28.0,Female,Electronics,Power Bank,2,4385.93,West,8771.86
2845,2025-04-14,36.0,Male,Electronics,Laptop Sleeve,2,2132.91,North,4265.82
2846,2025-11-04,31.0,Male,Sports,Cricket Bat,3,1953.88,West,5861.64
2847,2025-04-23,25.0,Female,Electronics,Bluetooth Speaker,1,2619.88,South,2619.88
2848,2024-12-05,16.0,Male,Electronics,Wireless Earbuds,3,4212.4,West,12637.2
2849,2025-09-10,38.0,Female,Home & Kitchen,Non-stick Pan,1,1560.69,Central,1560.69
2850,2025-01-26,16.0,Female,Electronics,Wireless Earbuds,1,2404.45,Central,2404.45
2851,2024-06-21,38.0,Male,Electronics,Bluetooth Speaker,4,2431.24,Central,9724.96
2852,2025-07-08,34.0,Female,Beauty,Face Serum,1,444.85,North,444.85
2853,2025-02-20,36.0,Female,Sports,Dumbbell Set,1,2087.76,South,2087.76
2854,2024-07-07,41.0,Male,Electronics,Bluetooth Speaker,2,3580.53,North,7161.06
2855,2024-06-10,30.0,Male,Sports,Yoga Mat,4,2062.06,West,8248.24
2856,2024-07-17,31.0,Female,Clothing,Cotton T-Shirt,3,717.16,East,2151.48
2857,2025-03-07,29.0,Male,Clothing,Cotton T-Shirt,1,1030.42,East,1030.42
2858,2025-02-27,26.0,Male,Home & Kitchen,Table Lamp,2,1411.24,West,2822.48
2859,2024-10-24,33.0,Female,Electronics,Power Bank,2,2367.97,South,4735.94
2860,2024-05-11,28.0,Female,Electronics,Smartwatch,1,3659.78,Central,3659.78
2861,2025-07-01,43.0,Male,Home & Kitchen,Table Lamp,4,1229.28,North,4917.12
2862,2025-01-12,21.0,Female,Clothing,Running Shoes,1,865.82,West,865.82
2863,2024-09-25,54.0,Female,Electronics,Wireless Earbuds,3,3843.58,South,11530.74
2864,2025-03-22,17.0,Male,Electronics,Bluetooth Speaker,1,2276.72,North,2276.72
2865,2024-11-23,31.0,Female,Home & Kitchen,Blender,3,1183.89,South,3551.67
2866,2025-10-19,16.0,Male,Electronics,Smartwatch,2,2136.38,North,4272.76
2867,2024-08-31,29.0,Female,Clothing,Running Shoes,1,875.69,North,875.69
2868,2025-05-21,46.0,Male,Beauty,Hair Dryer,2,740.45,West,1480.9
2869,2025-06-25,27.0,Female,Electronics,Power Bank,2,4334.04,West,8668.08
2870,2025-04-12,51.0,Female,Clothing,Winter Hoodie,1,924.03,East,924.03
2871,2024-07-14,30.0,Male,Beauty,Lipstick Set,1,828.01,West,828.01
2872,2024-12-21,40.0,Female,Electronics,Bluetooth Speaker,3,2042.78,Central,6128.34
2873,2024-05-05,23.0,Male,Home & Kitchen,Table Lamp,3,1215.25,East,3645.75
2874,2024-07-16,54.0,Male,Clothing,Running Shoes,1,1397.12,East,1397.12
2875,2024-11-26,35.0,Male,Home & Kitchen,Table Lamp,2,1859.38,East,3718.76
2876,2024-11-21,34.0,Male,Clothing,Formal Shirt,1,612.87,North,612.87
2877,2024-10-09,26.0,Male,Electronics,Wireless Earbuds,1,3051.62,South,3051.62
2878,2024-05-27,33.0,Female,Sports,Cricket Bat,1,2086.33,South,2086.33
2879,2025-04-08,49.0,Male,Beauty,Sunscreen,1,586.74,North,586.74
2880,2024-07-25,29.0,Female,Home & Kitchen,Table Lamp,2,1663.98,West,3327.96
2881,2024-01-21,34.0,Female,Home & Kitchen,Table Lamp,1,1116.38,West,1116.38
2882,2025-04-21,42.0,Female,Electronics,Smartwatch,3,2874.52,South,8623.56
2883,2025-01-13,28.0,Female,Electronics,Power Bank,1,2184.52,North,2184.52
2884,2024-11-29,16.0,Female,Home & Kitchen,Blender,1,1302.4,West,1302.4
2885,2025-01-11,19.0,Male,Home & Kitchen,Storage Rack,1,1403.89,North,1403.89
2886,2025-07-19,16.0,Male,Electronics,Smartwatch,1,2294.92,North,2294.92
2887,2024-11-26,27.0,Male,Electronics,Bluetooth Speaker,2,2925.07,East,5850.14
2888,2024-03-26,19.0,Female,Home & Kitchen,Vacuum Flask,1,2170.87,West,2170.87
2889,2025-07-04,30.0,Female,Electronics,Power Bank,3,3476.07,West,10428.21
2890,2025-08-26,16.0,Female,Sports,Cricket Bat,1,1582.02,East,1582.02
2891,2025-04-13,34.0,Male,Clothing,Denim Jacket,3,994.08,North,2982.24
2892,2024-08-24,40.0,Female,Sports,Football,1,1420.09,West,1420.09
2893,2025-08-17,29.0,Male,Beauty,Sunscreen,1,501.23,North,501.23
2894,2024-04-06,18.0,Male,Home & Kitchen,Table Lamp,1,1586.84,North,1586.84
2895,2024-10-03,28.0,Female,Electronics,Power Bank,1,2755.42,South,2755.42
2896,2025-07-06,39.0,Female,Sports,Dumbbell Set,1,1763.06,West,1763.06
2897,2025-06-18,48.0,Female,Clothing,Running Shoes,3,518.4,West,1555.2
2898,2024-01-30,34.0,Female,Electronics,Laptop Sleeve,1,1517.56,Central,1517.56
2899,2024-12-07,41.0,Male,Home & Kitchen,Table Lamp,4,1795.27,Central,7181.08
2900,2025-06-17,37.0,Male,Electronics,Wireless Earbuds,4,3405.53,North,13622.12
2901,2024-05-10,54.0,Male,Beauty,Face Serum,3,529.78,East,1589.34
2902,2025-05-22,41.0,Female,Electronics,Laptop Sleeve,2,3583.64,South,7167.28
2903,2025-03-19,43.0,Female,Sports,Yoga Mat,3,296.52,East,889.56
2904,2024-07-29,32.0,Female,Clothing,Winter Hoodie,2,895.42,East,1790.84
2905,2025-11-30,31.0,Female,Clothing,Winter Hoodie,2,1268.01,North,2536.02
2906,2024-12-31,47.0,Female,Clothing,Cotton T-Shirt,1,725.72,Central,725.72
2907,2024-09-16,42.0,Male,Clothing,Cotton T-Shirt,1,501.57,South,501.57
2908,2025-02-25,20.0,Male,Electronics,Bluetooth Speaker,3,3854.63,North,11563.89
2909,2024-04-30,31.0,Female,Electronics,Bluetooth Speaker,2,3517.78,South,7035.56
2910,2024-11-14,24.0,Male,Electronics,Power Bank,1,2619.25,East,2619.25
2911,2025-09-08,16.0,Female,Clothing,Cotton T-Shirt,1,509.43,East,509.43
2912,2025-04-29,51.0,Female,Home & Kitchen,Table Lamp,3,1384.54,North,4153.62
2913,2024-08-22,29.0,Female,Beauty,Lipstick Set,1,525.36,Central,525.36
2914,2024-07-10,19.0,Female,Home & Kitchen,Storage Rack,2,1289.6,West,2579.2
2915,2025-07-11,41.0,Female,Electronics,Smartwatch,1,2584.52,East,2584.52
2916,2025-06-14,29.0,Female,Home & Kitchen,Table Lamp,1,1298.55,North,1298.55
2917,2024-10-23,42.0,Female,Beauty,Hair Dryer,1,744.52,West,744.52
2918,2024-12-17,51.0,Female,Sports,Dumbbell Set,2,1051.72,East,2103.44
2919,2024-04-19,28.0,Male,Electronics,Power Bank,2,3633.92,East,7267.84
2920,2025-02-12,66.0,Female,Electronics,Bluetooth Speaker,3,2737.53,South,8212.59
2921,2024-06-01,28.0,Female,Home & Kitchen,Storage Rack,1,1565.24,Central,1565.24
2922,2025-09-17,48.0,Male,Home & Kitchen,Vacuum Flask,3,1775.39,South,5326.17
2923,2024-07-30,19.0,Female,Clothing,Running Shoes,1,778.03,South,778.03
2924,2025-07-06,42.0,Female,Sports,Cricket Bat,4,1935.58,Central,7742.32
2925,2025-09-08,26.0,Female,Clothing,Running Shoes,1,776.27,North,776.27
2926,2025-06-07,45.0,Female,Clothing,Cotton T-Shirt,2,820.64,East,1641.28
2927,2024-10-10,30.0,Female,Home & Kitchen,Non-stick Pan,2,1789.32,South,3578.64
2928,2024-10-01,45.0,Male,Clothing,Running Shoes,1,756.31,North,756.31
2929,2024-05-21,41.0,Female,Home & Kitchen,Storage Rack,1,1058.77,North,1058.77
2930,2025-07-12,24.0,Female,Home & Kitchen,Table Lamp,1,1568.62,West,1568.62
2931,2025-02-03,32.0,Female,Clothing,Cotton T-Shirt,1,1091.17,East,1091.17
2932,2024-08-25,26.0,Female,Electronics,Power Bank,2,3970.07,East,7940.14
2933,2024-04-29,16.0,Female,Electronics,Wireless Earbuds,2,1895.07,East,3790.14
2934,2025-07-06,22.0,Female,Electronics,Bluetooth Speaker,1,2122.24,North,2122.24
2935,2025-07-25,32.0,Female,Beauty,Perfume,1,624.81,North,624.81
2936,2024-08-12,29.0,Male,Clothing,Running Shoes,3,889.37,East,2668.11
2937,2025-06-29,,Female,Beauty,Hair Dryer,1,722.21,South,722.21
2938,2025-04-05,35.0,Male,Electronics,Power Bank,1,3010.48,West,3010.48
2939,2024-03-19,23.0,Female,Electronics,Laptop Sleeve,2,2185.23,West,4370.46
2940,2025-01-15,24.0,Female,Beauty,Sunscreen,3,701.09,South,2103.27
2941,2024-03-05,18.0,Male,Home & Kitchen,Storage Rack,1,634.05,East,634.05
2942,2024-10-25,20.0,Female,Sports,Cricket Bat,2,1358.4,West,2716.8
2943,2025-06-25,32.0,Female,Home & Kitchen,Non-stick Pan,1,947.38,East,947.38
2944,2025-03-11,57.0,Female,Beauty,Lipstick Set,2,619.53,East,1239.06
2945,2025-03-01,42.0,Female,Electronics,Laptop Sleeve,1,3290.66,East,3290.66
2946,2025-04-18,36.0,Male,Beauty,Perfume,2,456.04,East,912.08
2947,2024-10-08,17.0,Male,Electronics,Power Bank,2,2301.26,West,4602.52
2948,2024-10-07,27.0,Female,Clothing,Cotton T-Shirt,3,940.12,West,2820.36
2949,2024-12-19,26.0,Female,Beauty,Lipstick Set,2,858.3,North,1716.6
2950,2024-12-29,36.0,Female,Clothing,Winter Hoodie,1,1120.53,South,1120.53
2951,2025-06-16,28.0,Male,Home & Kitchen,Non-stick Pan,1,943.03,West,943.03
2952,2025-10-09,40.0,Female,Electronics,Power Bank,1,4282.01,East,4282.01
2953,2025-05-03,26.0,Male,Electronics,Bluetooth Speaker,1,3877.3,West,3877.3
2954,2024-04-11,30.0,Female,Electronics,Laptop Sleeve,1,3688.24,East,3688.24
2955,2024-12-12,20.0,Female,Home & Kitchen,Vacuum Flask,4,1659.08,West,6636.32
2956,2025-02-22,43.0,Male,Beauty,Lipstick Set,1,639.48,West,639.48
2957,2024-06-26,34.0,Female,Clothing,Cotton T-Shirt,1,939.82,East,939.82
2958,2024-08-31,33.0,Female,Clothing,Cotton T-Shirt,1,904.98,West,904.98
2959,2025-02-16,40.0,Male,Sports,Cycling Helmet,2,2157.22,West,4314.44
2960,2025-01-23,35.0,Male,Clothing,Denim Jacket,1,638.13,North,638.13
2961,2024-12-21,37.0,Female,Clothing,Formal Shirt,1,1637.17,East,1637.17
2962,2025-08-29,39.0,Male,Clothing,Running Shoes,1,804.15,East,804.15
2963,2024-07-28,18.0,Female,Sports,Football,2,1521.45,Central,3042.9
2964,2024-11-10,37.0,Female,Sports,Yoga Mat,3,2312.71,West,6938.13
2965,2024-05-05,51.0,Male,Electronics,Power Bank,2,3778.8,North,7557.6
2966,2025-05-02,36.0,Female,Electronics,Smartwatch,2,3243.97,West,6487.94
2967,2024-06-29,18.0,Male,Clothing,Running Shoes,4,761.75,West,3047.0
2968,2024-02-01,44.0,Male,Electronics,Wireless Earbuds,1,2840.62,South,2840.62
2969,2024-05-22,18.0,Female,Home & Kitchen,Blender,2,1432.08,North,2864.16
2970,2024-09-30,26.0,Female,Home & Kitchen,Vacuum Flask,1,1274.49,South,1274.49
2971,2024-04-30,56.0,Male,Electronics,Wireless Earbuds,1,3764.2,West,3764.2
2972,2024-11-24,33.0,Male,Sports,Yoga Mat,1,709.72,East,709.72
2973,2025-03-06,22.0,Female,Beauty,Hair Dryer,1,492.15,Central,492.15
2974,2025-05-09,56.0,Female,Electronics,Laptop Sleeve,2,2346.17,North,4692.34
2975,2024-07-04,26.0,Male,Electronics,Smartwatch,1,3672.85,South,3672.85
2976,2025-08-30,34.0,Male,Electronics,Power Bank,1,4767.45,West,4767.45
2977,2025-07-29,28.0,Male,Electronics,Laptop Sleeve,1,2774.11,South,2774.11
2978,2025-05-09,23.0,Female,Electronics,Wireless Earbuds,1,2658.87,West,2658.87
2979,2024-07-29,16.0,Female,Home & Kitchen,Vacuum Flask,3,1326.8,South,3980.4
2980,2025-01-12,25.0,Male,Electronics,Bluetooth Speaker,2,3538.79,East,7077.58
2981,2025-01-09,20.0,Female,Sports,Yoga Mat,1,1667.39,East,1667.39
2982,2024-07-04,30.0,Female,Sports,Cycling Helmet,2,1093.95,Central,2187.9
2983,2024-04-14,23.0,Male,Clothing,Formal Shirt,2,812.13,North,1624.26
2984,2024-04-08,28.0,Male,Electronics,Wireless Earbuds,1,4296.77,North,4296.77
2985,2025-01-05,28.0,Female,Electronics,Wireless Earbuds,1,2492.58,Central,2492.58
2986,2025-05-24,49.0,Male,Sports,Cycling Helmet,3,1944.04,North,5832.12
2987,2025-07-16,30.0,Male,Clothing,Running Shoes,1,1035.14,South,1035.14
2988,2025-10-27,53.0,Male,Clothing,Running Shoes,1,837.84,Central,837.84
2989,2024-07-12,35.0,Female,Electronics,Bluetooth Speaker,1,3709.22,North,3709.22
2990,2025-07-05,22.0,Female,Sports,Yoga Mat,1,1566.45,South,1566.45
2991,2025-03-23,44.0,Male,Electronics,Power Bank,2,2627.24,West,5254.48
2992,2024-12-12,25.0,Female,Beauty,Perfume,2,712.53,Central,1425.06
2993,2025-04-23,48.0,Male,Electronics,Power Bank,1,2577.93,West,2577.93
2994,2024-12-02,26.0,Female,Electronics,Wireless Earbuds,2,3106.6,North,6213.2
2995,2024-10-13,19.0,Male,Clothing,Cotton T-Shirt,3,1600.67,Central,4802.01
2996,2024-10-29,47.0,Male,Sports,Cycling Helmet,1,1714.62,Central,1714.62
2997,2024-12-14,30.0,Female,Clothing,Running Shoes,1,1319.03,East,1319.03
2998,2025-07-03,39.0,Female,Beauty,Face Serum,4,441.45,North,1765.8
2999,2025-06-27,37.0,Female,Electronics,Smartwatch,4,3453.04,North,13812.16
3000,2025-08-02,41.0,Male,Beauty,Lipstick Set,4,251.21,South,1004.84
3001,2025-04-24,16.0,Male,Clothing,Denim Jacket,2,722.48,East,1444.96
3002,2024-05-16,37.0,Female,Clothing,Denim Jacket,1,1345.3,South,1345.3
3003,2024-09-08,45.0,Female,Electronics,Bluetooth Speaker,1,1609.16,South,1609.16
3004,2024-10-25,35.0,Female,Electronics,Power Bank,1,3532.54,South,3532.54
3005,2025-08-30,17.0,Male,Beauty,Hair Dryer,1,614.48,East,614.48
3006,2024-07-18,22.0,Male,Sports,Football,2,1199.14,South,2398.28
3007,2024-11-11,30.0,Female,Beauty,Hair Dryer,1,434.13,West,434.13
3008,2024-11-09,47.0,Female,Electronics,Wireless Earbuds,2,4293.61,West,8587.22
3009,2024-12-06,37.0,Male,Sports,Yoga Mat,1,1912.84,East,1912.84
3010,2024-11-02,16.0,Male,Beauty,Face Serum,3,851.17,West,2553.51
3011,2024-04-29,33.0,Male,Clothing,Running Shoes,3,1048.26,Central,3144.78
3012,2025-10-03,35.0,Male,Home & Kitchen,Blender,4,1485.96,South,5943.84
3013,2025-03-28,16.0,Female,Sports,Dumbbell Set,1,1460.37,East,1460.37
3014,2024-06-20,46.0,Male,Beauty,Perfume,1,474.68,South,474.68
3015,2025-01-27,18.0,Male,Electronics,Laptop Sleeve,1,2282.08,East,2282.08
3016,2024-08-09,46.0,Female,Electronics,Power Bank,1,2340.0,North,2340.0
3017,2025-01-30,31.0,Male,Sports,Dumbbell Set,1,1893.51,South,1893.51
3018,2024-04-18,25.0,Female,Electronics,Smartwatch,3,1580.42,South,4741.26
3019,2024-09-22,24.0,Female,Sports,Cycling Helmet,2,1487.55,West,2975.1
3020,2025-03-04,16.0,Male,Clothing,Cotton T-Shirt,1,1185.42,East,1185.42
3021,2025-05-29,22.0,Male,Home & Kitchen,Vacuum Flask,2,1469.44,Central,2938.88
3022,2025-05-04,39.0,Female,Electronics,Bluetooth Speaker,3,2490.67,West,7472.01
3023,2024-08-05,16.0,Male,Electronics,Wireless Earbuds,2,3862.45,East,7724.9
3024,2025-04-03,53.0,Male,Sports,Cricket Bat,1,1846.87,West,1846.87
3025,2024-06-28,16.0,Male,Electronics,Wireless Earbuds,1,3715.42,West,3715.42
3026,2024-10-05,38.0,Female,Clothing,Running Shoes,1,736.95,East,736.95
3027,2024-05-02,45.0,Female,Clothing,Winter Hoodie,1,1128.26,North,1128.26
3028,2024-06-13,16.0,Male,Beauty,Face Serum,1,689.5,West,689.5
3029,2024-10-28,40.0,Female,Sports,Cycling Helmet,1,2395.94,East,2395.94
3030,2024-08-28,43.0,Male,Sports,Football,2,1228.35,West,2456.7
3031,2024-05-16,40.0,Female,Beauty,Face Serum,1,644.92,West,644.92
3032,2025-03-26,35.0,Female,Electronics,Smartwatch,1,3733.28,East,3733.28
3033,2025-01-17,26.0,Male,Electronics,Laptop Sleeve,1,3376.49,West,3376.49
3034,2025-05-02,18.0,Male,Home & Kitchen,Non-stick Pan,2,1380.29,North,2760.58
3035,2025-03-13,52.0,Male,Home & Kitchen,Vacuum Flask,2,1818.04,South,3636.08
3036,2025-05-14,25.0,Female,Beauty,Sunscreen,1,734.14,Central,734.14
3037,2025-12-18,20.0,Male,Clothing,Cotton T-Shirt,2,1006.66,East,2013.32
3038,2024-05-15,16.0,Male,Electronics,Laptop Sleeve,1,3247.24,North,3247.24
3039,2025-05-29,41.0,Male,Electronics,Power Bank,1,4587.18,East,4587.18
3040,2025-06-11,50.0,Male,Electronics,Wireless Earbuds,1,2958.92,South,2958.92
3041,2024-10-21,37.0,Male,Home & Kitchen,Storage Rack,1,1291.62,East,1291.62
3042,2024-05-17,16.0,Female,Clothing,Running Shoes,2,1045.79,West,2091.58
3043,2025-04-06,25.0,Female,Clothing,Formal Shirt,4,720.14,East,2880.56
3044,2025-09-28,37.0,Female,Electronics,Smartwatch,1,2317.66,South,2317.66
3045,2024-09-15,37.0,Female,Electronics,Bluetooth Speaker,2,4397.55,South,8795.1
3046,2025-03-29,20.0,Female,Sports,Dumbbell Set,1,1637.18,West,1637.18
3047,2024-06-04,42.0,Female,Home & Kitchen,Blender,1,1775.48,West,1775.48
3048,2025-12-01,31.0,Male,Clothing,Running Shoes,1,565.12,South,565.12
3049,2024-10-24,16.0,Female,Electronics,Bluetooth Speaker,1,3113.06,North,3113.06
3050,2025-02-24,48.0,Male,Sports,Dumbbell Set,1,1794.81,North,1794.81
3051,2024-09-24,47.0,Female,Electronics,Smartwatch,1,1587.05,West,1587.05
3052,2024-02-22,21.0,Male,Electronics,Smartwatch,2,3119.26,Central,6238.52
3053,2025-07-01,33.0,Male,Electronics,Laptop Sleeve,1,3682.81,East,3682.81
3054,2025-03-27,50.0,Male,Electronics,Power Bank,2,2746.66,North,5493.32
3055,2024-12-07,46.0,Male,Electronics,Power Bank,2,1660.69,East,3321.38
3056,2025-05-16,29.0,Female,Sports,Dumbbell Set,1,1534.26,North,1534.26
3057,2024-12-19,20.0,Female,Home & Kitchen,Blender,1,1260.15,North,1260.15
3058,2025-03-29,33.0,Male,Clothing,Denim Jacket,4,1216.6,Central,4866.4
3059,2025-02-23,41.0,Female,Electronics,Laptop Sleeve,1,2647.62,East,2647.62
3060,2025-08-26,35.0,Male,Home & Kitchen,Blender,1,1646.98,North,1646.98
3061,2025-03-09,28.0,Male,Beauty,Sunscreen,1,720.33,East,720.33
3062,2024-08-24,36.0,Female,Sports,Cricket Bat,2,1386.52,Central,2773.04
3063,2025-05-14,34.0,Male,Home & Kitchen,Storage Rack,2,1231.33,Central,2462.66
3064,2024-11-10,27.0,Female,Beauty,Face Serum,1,570.39,North,570.39
3065,2025-06-15,38.0,Female,Clothing,Winter Hoodie,3,603.42,West,1810.26
3066,2024-05-01,16.0,Male,Electronics,Power Bank,1,3436.29,Central,3436.29
3067,2024-09-04,22.0,Female,Clothing,Denim Jacket,1,849.01,South,849.01
3068,2025-07-24,24.0,Male,Home & Kitchen,Blender,1,1373.28,North,1373.28
3069,2024-05-19,48.0,Female,Clothing,Cotton T-Shirt,1,618.19,South,618.19
3070,2025-05-25,18.0,Male,Home & Kitchen,Storage Rack,2,1532.33,North,3064.66
3071,2024-06-30,43.0,Female,Home & Kitchen,Blender,4,1322.34,North,5289.36
3072,2025-01-08,46.0,Male,Clothing,Winter Hoodie,4,1207.77,Central,4831.08
3073,2025-04-06,29.0,Female,Electronics,Bluetooth Speaker,1,3005.17,North,3005.17
3074,2025-08-11,48.0,Male,Beauty,Hair Dryer,2,472.02,East,944.04
3075,2024-06-08,44.0,Female,Beauty,Sunscreen,1,663.34,North,663.34
3076,2025-06-02,29.0,Male,Electronics,Smartwatch,4,3055.96,West,12223.84
3077,2025-08-18,44.0,Female,Electronics,Laptop Sleeve,2,2584.4,North,5168.8
3078,2025-06-05,47.0,Male,Beauty,Lipstick Set,2,799.04,West,1598.08
3079,2025-08-22,35.0,Female,Sports,Cycling Helmet,1,1873.47,Central,1873.47
3080,2024-09-09,29.0,Male,Electronics,Laptop Sleeve,1,3868.56,North,3868.56
3081,2025-04-14,32.0,Male,Sports,Cycling Helmet,3,1104.65,West,3313.95
3082,2025-03-31,43.0,Female,Clothing,Denim Jacket,1,1005.61,West,1005.61
3083,2025-07-31,37.0,Male,Sports,Yoga Mat,2,1987.55,East,3975.1
3084,2025-03-13,49.0,Female,Electronics,Power Bank,1,3131.32,East,3131.32
3085,2025-05-23,35.0,Female,Electronics,Laptop Sleeve,1,2315.79,West,2315.79
3086,2025-02-01,36.0,Male,Home & Kitchen,Storage Rack,1,1897.66,East,1897.66
3087,2025-03-31,57.0,Male,Clothing,Winter Hoodie,4,1325.41,South,5301.64
3088,2024-09-14,23.0,Female,Sports,Cycling Helmet,1,1236.36,North,1236.36
3089,2025-07-21,24.0,Male,Clothing,Denim Jacket,2,901.08,West,1802.16
3090,2025-03-10,29.0,Male,Home & Kitchen,Table Lamp,1,1521.31,South,1521.31
3091,2025-09-08,34.0,Female,Clothing,Running Shoes,1,929.92,East,929.92
3092,2024-07-24,31.0,Female,Electronics,Wireless Earbuds,3,3270.51,West,9811.53
3093,2025-06-03,26.0,Male,Electronics,Wireless Earbuds,1,4044.51,South,4044.51
3094,2024-07-28,45.0,Female,Sports,Yoga Mat,4,1112.43,Central,4449.72
3095,2025-04-02,44.0,Female,Clothing,Formal Shirt,1,699.64,East,699.64
3096,2025-06-17,33.0,Female,Beauty,Hair Dryer,1,783.74,South,783.74
3097,2024-04-09,31.0,Female,Beauty,Sunscreen,2,289.57,East,579.14
3098,2025-02-17,36.0,Female,Electronics,Smartwatch,1,2767.87,West,2767.87
3099,2025-02-28,23.0,Female,Home & Kitchen,Vacuum Flask,4,1701.91,South,6807.64
3100,2024-09-02,36.0,Female,Beauty,Hair Dryer,2,691.32,North,1382.64
3101,2025-05-24,33.0,Female,Electronics,Laptop Sleeve,3,4427.11,North,13281.33
3102,2024-07-20,27.0,Female,Clothing,Cotton T-Shirt,1,1191.16,North,1191.16
3103,2025-10-10,40.0,Male,Sports,Yoga Mat,1,1558.56,West,1558.56
3104,2024-06-16,,Female,Home & Kitchen,Blender,1,1142.7,East,1142.7
3105,2024-04-26,37.0,Male,Beauty,Face Serum,2,847.91,Central,1695.82
3106,2024-04-29,40.0,Male,Clothing,Winter Hoodie,1,704.04,West,704.04
3107,2024-07-29,34.0,Female,Clothing,Winter Hoodie,2,631.97,North,1263.94
3108,2024-08-15,20.0,Male,Home & Kitchen,Vacuum Flask,1,1495.22,East,1495.22
3109,2024-08-30,16.0,Male,Home & Kitchen,Storage Rack,2,1790.5,North,3581.0
3110,2024-03-03,27.0,Male,Clothing,Running Shoes,3,990.71,West,2972.13
3111,2024-11-14,31.0,Female,Electronics,Wireless Earbuds,3,3586.51,North,10759.53
3112,2025-02-11,32.0,Male,Beauty,Face Serum,1,820.53,East,820.53
3113,2025-08-02,38.0,Male,Clothing,Formal Shirt,4,856.2,Central,3424.8
3114,2024-12-24,28.0,Female,Beauty,Lipstick Set,1,575.84,West,575.84
3115,2025-09-10,22.0,Male,Electronics,Bluetooth Speaker,1,2785.78,West,2785.78
3116,2024-06-13,19.0,Female,Sports,Football,1,1055.48,North,1055.48
3117,2024-07-02,36.0,Male,Home & Kitchen,Vacuum Flask,1,1373.16,North,1373.16
3118,2025-02-08,37.0,Male,Clothing,Running Shoes,2,1019.06,West,2038.12
3119,2024-10-25,39.0,Female,Clothing,Cotton T-Shirt,2,697.74,South,1395.48
3120,2025-04-16,42.0,Female,Beauty,Face Serum,1,824.93,South,824.93
3121,2024-07-28,37.0,Female,Sports,Cricket Bat,1,1357.22,South,1357.22
3122,2025-09-19,25.0,Female,Electronics,Bluetooth Speaker,1,3692.5,West,3692.5
3123,2025-11-15,35.0,Female,Beauty,Sunscreen,3,790.18,East,2370.54
3124,2024-08-07,32.0,Female,Clothing,Running Shoes,1,1350.92,North,1350.92
3125,2025-03-20,29.0,Male,Electronics,Wireless Earbuds,1,2757.78,South,2757.78
3126,2024-05-22,34.0,Male,Clothing,Winter Hoodie,2,1188.12,West,2376.24
3127,2025-10-17,30.0,Female,Electronics,Power Bank,1,4115.82,Central,4115.82
3128,2024-09-11,45.0,Male,Beauty,Face Serum,1,471.13,West,471.13
3129,2024-05-15,16.0,Male,Clothing,Winter Hoodie,3,922.14,East,2766.42
3130,2025-02-19,33.0,Female,Electronics,Laptop Sleeve,1,2860.85,North,2860.85
3131,2025-02-16,41.0,Male,Sports,Cycling Helmet,2,2367.1,West,4734.2
3132,2024-05-12,16.0,Female,Home & Kitchen,Storage Rack,2,1825.12,South,3650.24
3133,2025-06-29,38.0,Female,Beauty,Sunscreen,3,670.03,West,2010.09
3134,2025-05-10,23.0,Male,Sports,Cycling Helmet,1,1804.08,East,1804.08
3135,2024-05-16,39.0,Female,Electronics,Power Bank,4,2852.54,East,11410.16
3136,2025-07-20,16.0,Female,Electronics,Power Bank,1,1459.17,South,1459.17
3137,2024-12-31,36.0,Female,Electronics,Laptop Sleeve,1,1592.83,North,1592.83
3138,2025-05-17,34.0,Female,Beauty,Face Serum,1,882.69,East,882.69
3139,2024-05-10,51.0,Male,Clothing,Cotton T-Shirt,1,833.39,East,833.39
3140,2025-02-04,16.0,Male,Beauty,Perfume,2,908.12,South,1816.24
3141,2024-05-13,35.0,Male,Home & Kitchen,Table Lamp,4,2357.41,North,9429.64
3142,2025-07-17,32.0,Male,Sports,Cycling Helmet,2,1600.8,East,3201.6
3143,2025-04-08,38.0,Male,Beauty,Perfume,1,687.15,East,687.15
3144,2025-02-23,29.0,Female,Home & Kitchen,Vacuum Flask,1,1847.11,West,1847.11
3145,2025-03-15,16.0,Female,Clothing,Denim Jacket,3,1024.69,North,3074.07
3146,2025-01-03,21.0,Female,Clothing,Running Shoes,2,561.52,East,1123.04
3147,2025-03-17,31.0,Male,Sports,Football,2,1081.46,Central,2162.92
3148,2025-06-29,18.0,Male,Clothing,Denim Jacket,2,702.96,West,1405.92
3149,2025-04-22,36.0,Male,Beauty,Hair Dryer,1,614.77,West,614.77
3150,2024-10-12,24.0,Male,Clothing,Denim Jacket,4,1231.56,West,4926.24
3151,2025-01-17,34.0,Female,Home & Kitchen,Vacuum Flask,1,1630.84,Central,1630.84
3152,2024-10-27,38.0,Male,Sports,Yoga Mat,1,1501.91,East,1501.91
3153,2025-03-10,16.0,Male,Electronics,Laptop Sleeve,2,2960.22,West,5920.44
3154,2024-07-18,28.0,Female,Electronics,Bluetooth Speaker,2,4001.49,North,8002.98
3155,2024-10-15,51.0,Male,Home & Kitchen,Vacuum Flask,2,609.5,Central,1219.0
3156,2024-12-10,32.0,Male,Sports,Cricket Bat,2,1084.48,West,2168.96
3157,2024-09-18,23.0,Male,Sports,Dumbbell Set,1,1211.27,West,1211.27
3158,2024-08-26,47.0,Male,Clothing,Winter Hoodie,1,694.07,North,694.07
3159,2024-02-20,35.0,Male,Clothing,Cotton T-Shirt,1,1472.58,South,1472.58
3160,2025-04-19,43.0,Female,Sports,Football,4,1879.42,East,7517.68
3161,2024-07-18,18.0,Female,Electronics,Bluetooth Speaker,1,2657.16,West,2657.16
3162,2024-07-16,16.0,Female,Home & Kitchen,Table Lamp,3,1725.65,North,5176.95
3163,2024-06-14,31.0,Male,Sports,Cycling Helmet,2,1330.75,East,2661.5
3164,2024-09-11,47.0,Female,Home & Kitchen,Non-stick Pan,2,1879.71,South,3759.42
3165,2025-10-05,31.0,Female,Electronics,Power Bank,1,1827.84,East,1827.84
3166,2024-11-22,40.0,Female,Beauty,Hair Dryer,3,413.38,East,1240.14
3167,2024-05-09,42.0,Male,Beauty,Sunscreen,1,720.48,West,720.48
3168,2025-10-15,35.0,Male,Beauty,Face Serum,4,536.7,North,2146.8
3169,2024-08-22,,Male,Electronics,Wireless Earbuds,1,3883.25,East,3883.25
3170,2025-11-12,28.0,Male,Beauty,Lipstick Set,1,921.63,Central,921.63
3171,2025-02-21,32.0,Male,Sports,Cycling Helmet,2,1164.0,East,2328.0
3172,2024-09-16,37.0,Male,Beauty,Sunscreen,1,491.33,Central,491.33
3173,2024-11-25,28.0,Male,Sports,Yoga Mat,1,1282.04,South,1282.04
3174,2025-07-06,18.0,Male,Sports,Cycling Helmet,1,1806.48,North,1806.48
3175,2024-09-10,45.0,Female,Electronics,Laptop Sleeve,1,3144.65,Central,3144.65
3176,2024-04-15,52.0,Male,Clothing,Running Shoes,2,596.53,Central,1193.06
3177,2025-07-30,32.0,Male,Home & Kitchen,Vacuum Flask,1,2003.01,South,2003.01
3178,2024-06-03,45.0,Male,Electronics,Bluetooth Speaker,1,3096.56,East,3096.56
3179,2025-01-07,32.0,Male,Electronics,Smartwatch,3,4471.85,East,13415.55
3180,2025-09-16,31.0,Male,Electronics,Power Bank,2,2902.63,North,5805.26
3181,2024-07-04,29.0,Male,Clothing,Winter Hoodie,2,785.28,East,1570.56
3182,2024-10-05,33.0,Male,Sports,Cycling Helmet,1,644.41,West,644.41
3183,2025-08-26,21.0,Female,Clothing,Running Shoes,1,1086.43,West,1086.43
3184,2025-01-25,35.0,Male,Home & Kitchen,Non-stick Pan,1,1667.94,South,1667.94
3185,2024-05-31,38.0,Female,Home & Kitchen,Table Lamp,1,1731.38,East,1731.38
3186,2024-05-14,59.0,Male,Electronics,Wireless Earbuds,3,3403.56,North,10210.68
3187,2025-01-24,45.0,Male,Home & Kitchen,Blender,1,1852.77,North,1852.77
3188,2024-11-30,38.0,Male,Clothing,Winter Hoodie,1,1205.98,North,1205.98
3189,2024-03-18,32.0,Female,Home & Kitchen,Non-stick Pan,1,1388.61,West,1388.61
3190,2025-12-10,40.0,Female,Home & Kitchen,Storage Rack,1,2097.37,South,2097.37
3191,2025-05-28,35.0,Female,Beauty,Face Serum,4,558.62,West,2234.48
3192,2025-11-13,38.0,Female,Electronics,Power Bank,3,3141.96,West,9425.88
3193,2025-09-07,36.0,Female,Electronics,Bluetooth Speaker,2,3398.76,North,6797.52
3194,2024-10-15,39.0,Male,Beauty,Sunscreen,1,401.23,Central,401.23
3195,2024-12-20,35.0,Female,Electronics,Power Bank,2,3048.35,East,6096.7
3196,2024-03-22,36.0,Female,Beauty,Sunscreen,1,697.1,West,697.1
3197,2025-11-21,21.0,Female,Clothing,Winter Hoodie,3,1383.17,South,4149.51
3198,2024-09-29,16.0,Male,Electronics,Laptop Sleeve,1,2404.45,South,2404.45
3199,2025-08-18,42.0,Female,Home & Kitchen,Blender,1,1312.52,Central,1312.52
3200,2025-09-07,16.0,Female,Sports,Football,1,1821.79,West,1821.79
3201,2024-12-19,34.0,Male,Electronics,Wireless Earbuds,1,1684.86,East,1684.86
3202,2025-04-22,16.0,Female,Electronics,Wireless Earbuds,3,4242.31,South,12726.93
3203,2025-03-09,31.0,Female,Beauty,Perfume,1,691.99,West,691.99
3204,2024-07-02,45.0,Male,Sports,Dumbbell Set,1,2001.16,East,2001.16
3205,2024-11-28,36.0,Male,Clothing,Denim Jacket,2,810.12,East,1620.24
3206,2025-01-25,38.0,Male,Sports,Cycling Helmet,1,987.05,Central,987.05
3207,2025-01-20,33.0,Female,Home & Kitchen,Table Lamp,2,651.46,West,1302.92
3208,2025-08-16,26.0,Male,Clothing,Formal Shirt,3,1175.17,North,3525.51
3209,2025-01-10,39.0,Male,Clothing,Winter Hoodie,1,1139.7,East,1139.7
3210,2025-04-20,35.0,Female,Electronics,Wireless Earbuds,2,2545.53,South,5091.06
3211,2025-06-22,39.0,Female,Sports,Dumbbell Set,1,1832.4,South,1832.4
3212,2024-08-23,35.0,Female,Home & Kitchen,Blender,1,1708.87,West,1708.87
3213,2024-08-02,46.0,Male,Beauty,Lipstick Set,1,565.15,East,565.15
3214,2024-07-27,34.0,Male,Home & Kitchen,Storage Rack,1,1179.5,South,1179.5
3215,2025-04-21,19.0,Male,Sports,Yoga Mat,2,2117.56,West,4235.12
3216,2024-08-14,35.0,Female,Clothing,Cotton T-Shirt,2,1031.37,South,2062.74
3217,2025-04-01,19.0,Female,Sports,Cricket Bat,1,1233.27,North,1233.27
3218,2025-07-05,39.0,Female,Home & Kitchen,Non-stick Pan,2,1657.97,South,3315.94
3219,2025-08-28,25.0,Female,Sports,Cycling Helmet,2,2199.75,West,4399.5
3220,2025-09-15,32.0,Female,Home & Kitchen,Blender,1,2120.85,West,2120.85
3221,2024-12-27,35.0,Female,Beauty,Hair Dryer,2,668.73,South,1337.46
3222,2024-02-16,25.0,Female,Clothing,Winter Hoodie,1,1195.33,East,1195.33
3223,2024-03-03,22.0,Male,Clothing,Cotton T-Shirt,3,1100.92,South,3302.76
3224,2025-02-08,30.0,Female,Electronics,Wireless Earbuds,1,3037.66,East,3037.66
3225,2025-03-02,29.0,Female,Home & Kitchen,Table Lamp,1,1893.86,East,1893.86
3226,2024-07-26,20.0,Male,Home & Kitchen,Table Lamp,4,1364.28,Central,5457.12
3227,2025-04-12,33.0,Female,Clothing,Winter Hoodie,2,1006.69,West,2013.38
3228,2025-01-30,44.0,Female,Electronics,Power Bank,1,4831.99,East,4831.99
3229,2024-11-06,21.0,Female,Electronics,Laptop Sleeve,1,3042.64,West,3042.64
3230,2025-08-09,41.0,Female,Home & Kitchen,Blender,1,1434.11,East,1434.11
3231,2025-08-02,39.0,Female,Home & Kitchen,Non-stick Pan,2,1247.36,South,2494.72
3232,2025-10-12,47.0,Female,Sports,Cycling Helmet,2,1467.28,North,2934.56
3233,2024-09-24,38.0,Female,Beauty,Hair Dryer,3,569.08,West,1707.24
3234,2024-04-29,26.0,Female,Home & Kitchen,Blender,1,1044.04,Central,1044.04
3235,2025-06-04,35.0,Male,Electronics,Power Bank,1,3899.64,South,3899.64
3236,2025-07-22,29.0,Female,Sports,Cricket Bat,1,1682.93,North,1682.93
3237,2025-02-18,31.0,Female,Beauty,Lipstick Set,1,874.06,North,874.06
3238,2025-06-03,32.0,Male,Clothing,Cotton T-Shirt,2,1105.87,West,2211.74
3239,2024-12-07,16.0,Female,Clothing,Formal Shirt,1,1141.74,Central,1141.74
3240,2025-01-21,35.0,Male,Clothing,Formal Shirt,2,726.08,West,1452.16
3241,2025-05-06,24.0,Female,Home & Kitchen,Non-stick Pan,2,2101.96,North,4203.92
3242,2024-11-10,34.0,Male,Electronics,Laptop Sleeve,2,4701.27,South,9402.54
3243,2024-06-03,18.0,Female,Clothing,Running Shoes,1,738.61,North,738.61
3244,2024-03-15,50.0,Female,Clothing,Denim Jacket,2,930.6,Central,1861.2
3245,2025-03-19,16.0,Female,Clothing,Cotton T-Shirt,1,1549.18,West,1549.18
3246,2025-05-18,27.0,Female,Clothing,Cotton T-Shirt,1,938.67,North,938.67
3247,2024-07-28,16.0,Male,Electronics,Power Bank,2,2735.57,East,5471.14
3248,2024-05-31,25.0,Female,Home & Kitchen,Table Lamp,3,567.93,South,1703.79
3249,2024-05-26,45.0,Female,Beauty,Lipstick Set,2,712.03,West,1424.06
3250,2025-03-05,38.0,Male,Electronics,Wireless Earbuds,2,3042.36,East,6084.72
3251,2025-05-27,29.0,Female,Clothing,Denim Jacket,1,956.99,Central,956.99
3252,2024-06-13,37.0,Female,Clothing,Cotton T-Shirt,2,981.24,East,1962.48
3253,2024-06-14,51.0,Female,Electronics,Wireless Earbuds,2,4099.09,North,8198.18
3254,2024-07-18,30.0,Female,Clothing,Formal Shirt,3,1375.98,South,4127.94
3255,2025-07-09,39.0,Male,Electronics,Bluetooth Speaker,2,2295.36,North,4590.72
3256,2025-09-03,17.0,Male,Sports,Cycling Helmet,2,1294.8,East,2589.6
3257,2024-09-09,44.0,Male,Beauty,Perfume,1,681.71,North,681.71
3258,2024-04-08,16.0,Male,Beauty,Sunscreen,3,661.5,South,1984.5
3259,2024-07-15,39.0,Male,Home & Kitchen,Blender,4,1151.42,West,4605.68
3260,2024-11-26,49.0,Female,Sports,Cycling Helmet,1,1828.3,Central,1828.3
3261,2024-10-08,34.0,Female,Sports,Cycling Helmet,4,1884.79,East,7539.16
3262,2024-09-23,16.0,Male,Home & Kitchen,Blender,1,1833.62,South,1833.62
3263,2025-05-13,28.0,Male,Electronics,Laptop Sleeve,1,2922.74,South,2922.74
3264,2025-07-10,31.0,Male,Clothing,Formal Shirt,2,937.45,Central,1874.9
3265,2024-03-13,28.0,Female,Beauty,Face Serum,3,677.28,East,2031.84
3266,2025-06-19,35.0,Female,Sports,Football,3,1183.14,North,3549.42
3267,2025-03-20,24.0,Male,Clothing,Winter Hoodie,2,1159.14,North,2318.28
3268,2025-03-17,26.0,Male,Sports,Cycling Helmet,3,1402.16,North,4206.48
3269,2024-07-11,38.0,Female,Sports,Football,1,1679.22,East,1679.22
3270,2024-09-02,45.0,Female,Sports,Football,4,1580.83,North,6323.32
3271,2024-12-16,26.0,Male,Electronics,Power Bank,1,3692.2,South,3692.2
3272,2025-07-14,41.0,Male,Clothing,Formal Shirt,2,1328.82,West,2657.64
3273,2024-06-29,49.0,Female,Clothing,Winter Hoodie,1,1324.51,East,1324.51
3274,2025-06-23,30.0,Male,Sports,Cycling Helmet,1,1604.09,North,1604.09
3275,2025-06-26,26.0,Male,Sports,Football,1,1661.6,South,1661.6
3276,2024-03-20,22.0,Female,Beauty,Face Serum,1,504.22,North,504.22
3277,2024-05-11,17.0,Male,Sports,Cycling Helmet,2,2038.11,East,4076.22
3278,2024-12-05,17.0,Male,Electronics,Smartwatch,4,2935.17,South,11740.68
3279,2024-07-16,42.0,Male,Electronics,Power Bank,2,3286.3,Central,6572.6
3280,2024-05-10,36.0,Male,Electronics,Wireless Earbuds,2,4627.71,North,9255.42
3281,2025-10-30,16.0,Female,Home & Kitchen,Storage Rack,3,1485.54,Central,4456.62
3282,2024-08-21,25.0,Female,Clothing,Winter Hoodie,2,806.12,East,1612.24
3283,2025-07-12,26.0,Female,Clothing,Denim Jacket,2,993.11,South,1986.22
3284,2024-12-27,46.0,Male,Clothing,Formal Shirt,1,460.63,North,460.63
3285,2024-07-14,16.0,Female,Home & Kitchen,Vacuum Flask,1,1906.96,West,1906.96
3286,2024-10-16,46.0,Male,Sports,Cycling Helmet,4,1833.05,West,7332.2
3287,2024-12-28,26.0,Female,Clothing,Running Shoes,2,803.7,Central,1607.4
3288,2024-11-07,16.0,Male,Sports,Football,1,1179.48,Central,1179.48
3289,2025-01-21,53.0,Female,Electronics,Power Bank,1,4385.76,West,4385.76
3290,2025-10-06,40.0,Female,Sports,Yoga Mat,1,2430.27,West,2430.27
3291,2025-04-16,46.0,Male,Clothing,Denim Jacket,2,779.16,West,1558.32
3292,2025-02-05,46.0,Female,Electronics,Power Bank,1,3367.55,East,3367.55
3293,2024-09-03,18.0,Male,Clothing,Winter Hoodie,1,1242.0,North,1242.0
3294,2025-09-27,20.0,Female,Sports,Cricket Bat,3,2150.95,West,6452.85
3295,2024-05-06,17.0,Male,Sports,Cricket Bat,1,1727.82,Central,1727.82
3296,2025-06-16,43.0,Male,Home & Kitchen,Non-stick Pan,1,1450.86,South,1450.86
3297,2024-10-06,44.0,Male,Home & Kitchen,Table Lamp,1,1501.54,South,1501.54
3298,2025-06-07,37.0,Male,Clothing,Winter Hoodie,1,678.89,North,678.89
3299,2024-08-24,28.0,Male,Home & Kitchen,Storage Rack,1,793.73,North,793.73
3300,2025-02-24,29.0,Female,Sports,Football,1,2047.71,North,2047.71
3301,2024-07-14,45.0,Male,Home & Kitchen,Table Lamp,1,993.08,West,993.08
3302,2024-04-15,40.0,Female,Electronics,Bluetooth Speaker,1,2681.97,East,2681.97
3303,2024-10-18,50.0,Male,Home & Kitchen,Blender,4,1340.93,North,5363.72
3304,2024-09-11,16.0,Female,Electronics,Smartwatch,1,3268.92,West,3268.92
3305,2025-07-07,51.0,Female,Electronics,Laptop Sleeve,1,4244.36,East,4244.36
3306,2025-08-18,44.0,Male,Sports,Dumbbell Set,2,2156.81,West,4313.62
3307,2025-02-08,42.0,Male,Clothing,Winter Hoodie,1,975.04,North,975.04
3308,2025-01-12,36.0,Male,Sports,Yoga Mat,2,2003.95,North,4007.9
3309,2024-07-31,34.0,Female,Clothing,Running Shoes,3,964.21,South,2892.63
3310,2024-02-04,42.0,Female,Clothing,Formal Shirt,2,696.11,South,1392.22
3311,2025-07-18,51.0,Female,Electronics,Wireless Earbuds,2,2178.32,East,4356.64
3312,2025-10-03,25.0,Male,Beauty,Hair Dryer,1,466.85,South,466.85
3313,2024-09-04,37.0,Female,Sports,Dumbbell Set,1,1349.48,North,1349.48
3314,2025-02-28,40.0,Female,Beauty,Lipstick Set,4,650.54,West,2602.16
3315,2025-08-15,35.0,Female,Clothing,Cotton T-Shirt,3,926.88,Central,2780.64
3316,2024-11-17,32.0,Male,Clothing,Running Shoes,1,1110.08,South,1110.08
3317,2024-06-12,56.0,Male,Beauty,Face Serum,3,760.3,South,2280.9
3318,2025-08-03,25.0,Female,Beauty,Hair Dryer,1,791.44,West,791.44
3319,2025-03-15,26.0,Male,Electronics,Smartwatch,3,2728.03,North,8184.09
3320,2024-06-16,47.0,Female,Home & Kitchen,Blender,1,1253.92,South,1253.92
3321,2025-02-18,45.0,Male,Home & Kitchen,Storage Rack,2,1725.25,East,3450.5
3322,2025-03-22,31.0,Male,Electronics,Bluetooth Speaker,1,3115.76,Central,3115.76
3323,2024-10-23,19.0,Female,Clothing,Denim Jacket,2,974.08,North,1948.16
3324,2025-02-10,24.0,Female,Beauty,Lipstick Set,1,600.52,Central,600.52
3325,2024-07-24,70.0,Male,Sports,Football,1,2064.21,West,2064.21
3326,2024-08-15,38.0,Female,Electronics,Power Bank,2,4878.11,North,9756.22
3327,2024-04-16,26.0,Female,Electronics,Bluetooth Speaker,1,3178.39,South,3178.39
3328,2025-06-20,16.0,Male,Beauty,Perfume,1,850.69,North,850.69
3329,2024-10-05,41.0,Female,Clothing,Cotton T-Shirt,1,622.67,East,622.67
3330,2025-06-13,19.0,Male,Electronics,Bluetooth Speaker,4,2899.22,Central,11596.88
3331,2025-01-14,33.0,Male,Electronics,Laptop Sleeve,1,2462.09,East,2462.09
3332,2025-07-31,33.0,Female,Sports,Cycling Helmet,2,2105.51,South,4211.02
3333,2025-01-01,16.0,Female,Beauty,Face Serum,1,819.28,North,819.28
3334,2025-03-30,25.0,Female,Electronics,Power Bank,4,3363.59,South,13454.36
3335,2024-07-14,16.0,Female,Beauty,Hair Dryer,1,775.5,East,775.5
3336,2024-08-17,37.0,Female,Sports,Cycling Helmet,1,1973.33,North,1973.33
3337,2024-06-30,19.0,Male,Home & Kitchen,Blender,2,1512.94,North,3025.88
3338,2024-04-18,24.0,Female,Electronics,Smartwatch,4,3578.12,North,14312.48
3339,2024-06-08,26.0,Female,Electronics,Smartwatch,1,3182.53,North,3182.53
3340,2025-01-20,16.0,Male,Electronics,Laptop Sleeve,2,3426.46,South,6852.92
3341,2025-02-26,51.0,Male,Clothing,Cotton T-Shirt,1,569.08,North,569.08
3342,2024-11-01,38.0,Female,Sports,Cricket Bat,1,1932.08,East,1932.08
3343,2025-01-06,37.0,Female,Home & Kitchen,Table Lamp,1,1013.35,Central,1013.35
3344,2024-05-11,44.0,Female,Home & Kitchen,Storage Rack,1,1501.22,East,1501.22
3345,2025-02-28,36.0,Female,Home & Kitchen,Non-stick Pan,4,1236.41,East,4945.64
3346,2024-04-10,32.0,Male,Sports,Football,1,1111.28,South,1111.28
3347,2024-08-23,16.0,Male,Beauty,Perfume,2,605.14,North,1210.28
3348,2024-03-13,38.0,Female,Beauty,Lipstick Set,1,502.48,North,502.48
3349,2024-12-22,16.0,Female,Beauty,Perfume,1,520.4,West,520.4
3350,2024-01-24,16.0,Male,Home & Kitchen,Non-stick Pan,1,1565.84,North,1565.84
3351,2024-08-02,22.0,Female,Beauty,Hair Dryer,1,679.89,North,679.89
3352,2025-08-12,43.0,Male,Beauty,Face Serum,1,585.86,North,585.86
3353,2024-12-21,24.0,Female,Home & Kitchen,Blender,1,1333.65,South,1333.65
3354,2025-02-19,34.0,Male,Beauty,Hair Dryer,1,817.06,North,817.06
3355,2024-04-16,43.0,Female,Clothing,Winter Hoodie,2,876.08,South,1752.16
3356,2025-04-16,31.0,Male,Electronics,Bluetooth Speaker,1,3383.61,West,3383.61
3357,2025-02-15,33.0,Female,Sports,Dumbbell Set,2,1680.17,Central,3360.34
3358,2024-08-09,33.0,Female,Electronics,Bluetooth Speaker,1,2783.6,Central,2783.6
3359,2024-06-21,18.0,Male,Sports,Cycling Helmet,4,1582.56,South,6330.24
3360,2025-02-17,28.0,Male,Home & Kitchen,Non-stick Pan,2,1054.94,East,2109.88
3361,2024-04-20,32.0,Female,Home & Kitchen,Non-stick Pan,1,2070.28,North,2070.28
3362,2025-05-08,24.0,Female,Clothing,Winter Hoodie,2,767.29,West,1534.58
3363,2024-06-25,24.0,Male,Clothing,Cotton T-Shirt,2,847.74,North,1695.48
3364,2025-03-29,39.0,Female,Beauty,Hair Dryer,2,615.62,West,1231.24
3365,2024-01-24,36.0,Female,Beauty,Hair Dryer,1,535.68,West,535.68
3366,2025-04-09,31.0,Male,Sports,Yoga Mat,1,1316.03,Central,1316.03
3367,2025-01-31,37.0,Male,Sports,Cycling Helmet,1,2070.29,North,2070.29
3368,2024-04-22,32.0,Female,Sports,Cycling Helmet,3,1549.92,South,4649.76
3369,2025-06-08,31.0,Male,Home & Kitchen,Blender,3,1040.91,South,3122.73
3370,2024-12-29,23.0,Female,Home & Kitchen,Blender,1,1325.69,North,1325.69
3371,2024-09-11,16.0,Female,Home & Kitchen,Blender,2,1050.49,North,2100.98
3372,2024-12-09,31.0,Female,Electronics,Wireless Earbuds,2,2846.11,East,5692.22
3373,2025-02-05,46.0,Male,Sports,Cricket Bat,1,2432.37,Central,2432.37
3374,2025-03-26,35.0,Female,Clothing,Running Shoes,1,734.09,Central,734.09
3375,2024-07-21,35.0,Female,Beauty,Face Serum,1,687.44,Central,687.44
3376,2024-06-16,24.0,Female,Sports,Dumbbell Set,1,1889.92,East,1889.92
3377,2024-11-13,51.0,Female,Sports,Cycling Helmet,4,1651.93,East,6607.72
3378,2024-04-01,26.0,Male,Electronics,Smartwatch,2,3560.47,South,7120.94
3379,2025-03-08,44.0,Female,Beauty,Hair Dryer,1,625.42,West,625.42
3380,2025-01-01,37.0,Male,Electronics,Laptop Sleeve,1,3895.17,Central,3895.17
3381,2025-01-17,32.0,Female,Beauty,Hair Dryer,1,364.95,West,364.95
3382,2025-01-05,48.0,Female,Beauty,Sunscreen,1,554.69,South,554.69
3383,2025-06-13,22.0,Female,Electronics,Bluetooth Speaker,2,2965.31,North,5930.62
3384,2024-08-21,38.0,Female,Electronics,Wireless Earbuds,1,1268.57,West,1268.57
3385,2025-01-31,27.0,Female,Home & Kitchen,Vacuum Flask,1,925.59,South,925.59
3386,2024-05-11,37.0,Female,Clothing,Running Shoes,3,861.93,West,2585.79
3387,2024-08-10,35.0,Male,Sports,Cycling Helmet,1,1792.43,South,1792.43
3388,2025-04-05,33.0,Male,Sports,Football,2,1854.47,South,3708.94
3389,2024-07-05,39.0,Female,Clothing,Running Shoes,1,800.38,West,800.38
3390,2025-01-04,16.0,Female,Clothing,Cotton T-Shirt,2,1163.85,North,2327.7
3391,2024-03-16,30.0,Male,Clothing,Formal Shirt,1,870.45,East,870.45
3392,2024-08-27,21.0,Male,Electronics,Bluetooth Speaker,3,2351.08,West,7053.24
3393,2024-12-11,53.0,Male,Clothing,Running Shoes,1,823.04,Central,823.04
3394,2024-09-12,34.0,Male,Clothing,Denim Jacket,1,933.93,West,933.93
3395,2025-05-30,30.0,Male,Electronics,Laptop Sleeve,2,2331.6,West,4663.2
3396,2025-10-14,29.0,Female,Electronics,Bluetooth Speaker,1,2274.45,East,2274.45
3397,2025-03-03,17.0,Male,Clothing,Winter Hoodie,2,920.13,North,1840.26
3398,2024-06-26,18.0,Male,Sports,Yoga Mat,1,1453.58,South,1453.58
3399,2025-03-19,37.0,Female,Sports,Cycling Helmet,1,1361.91,North,1361.91
3400,2024-12-26,28.0,Female,Clothing,Cotton T-Shirt,1,1139.99,West,1139.99
3401,2025-10-28,26.0,Female,Electronics,Bluetooth Speaker,1,3625.39,East,3625.39
3402,2024-06-28,38.0,Male,Home & Kitchen,Table Lamp,3,1072.11,West,3216.33
3403,2024-01-20,47.0,Female,Home & Kitchen,Non-stick Pan,2,1184.31,South,2368.62
3404,2024-12-22,32.0,Male,Sports,Cycling Helmet,1,1440.9,South,1440.9
3405,2025-02-28,23.0,Female,Sports,Cycling Helmet,2,1000.49,South,2000.98
3406,2025-09-02,34.0,Male,Electronics,Bluetooth Speaker,1,3493.84,North,3493.84
3407,2024-04-21,20.0,Female,Home & Kitchen,Blender,1,1865.59,North,1865.59
3408,2024-09-27,24.0,Female,Home & Kitchen,Table Lamp,1,1171.13,Central,1171.13
3409,2025-04-04,41.0,Female,Electronics,Smartwatch,2,2944.63,East,5889.26
3410,2024-09-08,46.0,Female,Home & Kitchen,Non-stick Pan,1,1445.34,South,1445.34
3411,2025-01-31,40.0,Male,Clothing,Running Shoes,1,754.72,South,754.72
3412,2025-11-02,16.0,Female,Home & Kitchen,Non-stick Pan,1,1095.91,West,1095.91
3413,2025-06-11,23.0,Male,Sports,Dumbbell Set,1,1359.54,North,1359.54
3414,2025-08-30,28.0,Male,Clothing,Winter Hoodie,3,901.39,North,2704.17
3415,2025-07-07,29.0,Male,Electronics,Laptop Sleeve,3,2319.15,East,6957.45
3416,2024-08-08,43.0,Female,Clothing,Running Shoes,1,968.35,East,968.35
3417,2024-08-20,39.0,Female,Electronics,Bluetooth Speaker,1,3608.37,West,3608.37
3418,2025-08-25,38.0,Female,Electronics,Power Bank,1,2464.88,North,2464.88
3419,2024-06-16,44.0,Male,Electronics,Laptop Sleeve,1,3758.58,Central,3758.58
3420,2025-09-06,34.0,Female,Clothing,Formal Shirt,1,1126.0,West,1126.0
3421,2025-01-16,43.0,Female,Sports,Dumbbell Set,1,1532.66,Central,1532.66
3422,2024-05-14,16.0,Male,Sports,Dumbbell Set,1,1125.52,West,1125.52
3423,2024-07-29,31.0,Female,Home & Kitchen,Blender,1,1416.79,Central,1416.79
3424,2025-07-28,27.0,Female,Clothing,Running Shoes,1,644.74,West,644.74
3425,2025-03-15,47.0,Male,Electronics,Power Bank,1,3742.69,East,3742.69
3426,2024-04-26,37.0,Male,Home & Kitchen,Blender,1,1992.27,South,1992.27
3427,2025-01-23,47.0,Male,Clothing,Winter Hoodie,1,819.1,North,819.1
3428,2025-05-25,30.0,Male,Sports,Cycling Helmet,3,992.23,East,2976.69
3429,2024-01-26,38.0,Male,Beauty,Perfume,1,696.61,North,696.61
3430,2024-05-10,45.0,Female,Electronics,Laptop Sleeve,1,3553.57,West,3553.57
3431,2025-06-20,35.0,Female,Home & Kitchen,Non-stick Pan,1,1686.23,East,1686.23
3432,2024-12-26,26.0,Female,Clothing,Cotton T-Shirt,2,949.75,East,1899.5
3433,2025-08-05,52.0,Female,Beauty,Hair Dryer,1,558.14,South,558.14
3434,2025-08-19,17.0,Female,Electronics,Laptop Sleeve,3,3623.21,South,10869.63
3435,2024-08-01,29.0,Male,Sports,Cycling Helmet,2,2184.1,East,4368.2
3436,2024-09-13,52.0,Male,Beauty,Lipstick Set,1,666.46,East,666.46
3437,2025-08-02,28.0,Female,Beauty,Lipstick Set,1,553.64,East,553.64
3438,2024-06-21,41.0,Female,Beauty,Sunscreen,2,571.82,North,1143.64
3439,2025-03-10,38.0,Male,Home & Kitchen,Non-stick Pan,1,664.05,West,664.05
3440,2024-08-10,16.0,Male,Electronics,Smartwatch,1,4147.88,North,4147.88
3441,2025-04-18,36.0,Female,Sports,Cricket Bat,1,1838.02,East,1838.02
3442,2025-03-10,32.0,Male,Home & Kitchen,Vacuum Flask,1,1344.32,South,1344.32
3443,2025-06-25,29.0,Male,Home & Kitchen,Vacuum Flask,1,1190.39,West,1190.39
3444,2024-11-25,28.0,Female,Clothing,Denim Jacket,2,884.37,Central,1768.74
3445,2024-07-24,29.0,Female,Electronics,Smartwatch,1,4535.28,South,4535.28
3446,2025-05-23,30.0,Female,Sports,Cricket Bat,1,2349.43,West,2349.43
3447,2025-01-22,21.0,Female,Home & Kitchen,Storage Rack,1,2059.88,Central,2059.88
3448,2024-12-16,57.0,Female,Electronics,Wireless Earbuds,3,2304.19,West,6912.57
3449,2025-02-23,27.0,Female,Electronics,Wireless Earbuds,1,3816.55,South,3816.55
3450,2025-09-12,21.0,Female,Beauty,Lipstick Set,2,718.63,East,1437.26
3451,2024-09-18,52.0,Female,Electronics,Smartwatch,2,3490.12,South,6980.24
3452,2024-07-28,44.0,Female,Clothing,Running Shoes,2,1374.1,West,2748.2
3453,2025-04-26,19.0,Female,Sports,Yoga Mat,4,1689.1,West,6756.4
3454,2025-09-17,16.0,Female,Sports,Dumbbell Set,4,1833.72,Central,7334.88
3455,2024-12-10,17.0,Female,Clothing,Cotton T-Shirt,2,1229.71,West,2459.42
3456,2024-03-18,38.0,Female,Sports,Football,3,1346.83,South,4040.49
3457,2025-08-19,45.0,Male,Electronics,Smartwatch,1,3445.98,East,3445.98
3458,2025-06-22,36.0,Female,Home & Kitchen,Non-stick Pan,2,1149.91,West,2299.82
3459,2025-02-15,43.0,Male,Sports,Cricket Bat,1,1203.79,East,1203.79
3460,2024-05-29,34.0,Male,Clothing,Formal Shirt,1,1127.06,North,1127.06
3461,2025-10-28,31.0,Male,Electronics,Bluetooth Speaker,4,3600.99,East,14403.96
3462,2025-03-05,30.0,Female,Sports,Cycling Helmet,1,2051.76,West,2051.76
3463,2024-06-20,44.0,Female,Clothing,Running Shoes,1,886.31,South,886.31
3464,2024-12-24,35.0,Male,Sports,Dumbbell Set,1,1603.07,North,1603.07
3465,2024-12-25,38.0,Male,Electronics,Laptop Sleeve,1,3703.67,West,3703.67
3466,2025-01-20,27.0,Male,Electronics,Wireless Earbuds,2,3260.5,East,6521.0
3467,2024-07-05,42.0,Female,Beauty,Hair Dryer,1,436.04,East,436.04
3468,2024-10-28,42.0,Female,Clothing,Cotton T-Shirt,2,861.33,East,1722.66
3469,2025-05-29,43.0,Male,Sports,Dumbbell Set,4,2000.0,South,8000.0
3470,2024-11-23,64.0,Male,Sports,Dumbbell Set,4,1311.28,South,5245.12
3471,2024-11-21,36.0,Male,Electronics,Power Bank,1,1923.28,East,1923.28
3472,2025-10-21,25.0,Female,Beauty,Hair Dryer,2,1020.7,East,2041.4
3473,2024-06-13,30.0,Female,Electronics,Bluetooth Speaker,3,2090.52,Central,6271.56
3474,2024-11-26,23.0,Male,Clothing,Denim Jacket,2,1178.49,East,2356.98
3475,2024-07-10,48.0,Female,Beauty,Lipstick Set,4,644.72,North,2578.88
3476,2025-06-17,23.0,Female,Electronics,Wireless Earbuds,2,2193.52,West,4387.04
3477,2024-07-05,49.0,Female,Sports,Football,3,1020.47,West,3061.41
3478,2024-12-22,38.0,Male,Home & Kitchen,Non-stick Pan,1,1119.14,East,1119.14
3479,2024-08-03,47.0,Female,Home & Kitchen,Storage Rack,1,1562.75,South,1562.75
3480,2025-01-31,50.0,Female,Electronics,Wireless Earbuds,1,2217.42,West,2217.42
3481,2024-04-28,17.0,Male,Clothing,Winter Hoodie,1,1080.7,East,1080.7
3482,2024-09-26,52.0,Male,Electronics,Laptop Sleeve,3,3337.81,South,10013.43
3483,2024-04-15,18.0,Female,Electronics,Power Bank,1,2142.34,Central,2142.34
3484,2024-07-21,39.0,Male,Beauty,Face Serum,1,712.6,Central,712.6
3485,2024-07-08,28.0,Female,Clothing,Winter Hoodie,1,1003.79,North,1003.79
3486,2025-01-11,52.0,Female,Clothing,Formal Shirt,1,1217.96,South,1217.96
3487,2025-04-03,28.0,Male,Electronics,Power Bank,4,2491.63,West,9966.52
3488,2025-01-31,16.0,Male,Sports,Cycling Helmet,1,1763.04,Central,1763.04
3489,2025-09-13,40.0,Male,Clothing,Winter Hoodie,3,1046.19,East,3138.57
3490,2025-12-04,26.0,Male,Home & Kitchen,Storage Rack,1,1280.98,South,1280.98
3491,2025-11-07,35.0,Male,Electronics,Smartwatch,2,4416.66,West,8833.32
3492,2024-02-11,33.0,Male,Clothing,Formal Shirt,1,1440.11,North,1440.11
3493,2024-11-28,25.0,Male,Sports,Cricket Bat,1,1198.65,West,1198.65
3494,2025-03-17,31.0,Male,Clothing,Winter Hoodie,2,960.3,East,1920.6
3495,2025-07-06,32.0,Female,Beauty,Hair Dryer,1,826.43,West,826.43
3496,2024-09-08,34.0,Female,Clothing,Cotton T-Shirt,2,974.68,North,1949.36
3497,2024-08-26,30.0,Female,Home & Kitchen,Storage Rack,2,221.27,South,442.54
3498,2025-07-22,17.0,Female,Beauty,Lipstick Set,4,623.34,East,2493.36
3499,2024-11-25,23.0,Female,Electronics,Smartwatch,1,2420.65,South,2420.65
3500,2024-03-29,40.0,Female,Sports,Dumbbell Set,1,2105.46,South,2105.46
3501,2024-05-12,34.0,Female,Beauty,Perfume,3,707.94,South,2123.82
3502,2025-06-17,58.0,Female,Electronics,Power Bank,1,3103.26,North,3103.26
3503,2025-08-04,18.0,Male,Clothing,Running Shoes,1,923.47,East,923.47
3504,2025-12-21,39.0,Female,Home & Kitchen,Storage Rack,3,1371.69,West,4115.07
3505,2025-01-07,45.0,Female,Electronics,Smartwatch,3,4502.13,North,13506.39
3506,2024-08-02,61.0,Male,Clothing,Winter Hoodie,1,859.87,North,859.87
3507,2024-09-06,29.0,Male,Clothing,Formal Shirt,1,723.41,South,723.41
3508,2024-12-31,32.0,Male,Sports,Yoga Mat,2,2129.49,West,4258.98
3509,2025-06-12,,Female,Beauty,Sunscreen,2,579.14,South,1158.28
3510,2024-10-06,45.0,Female,Home & Kitchen,Table Lamp,1,1833.05,West,1833.05
3511,2025-01-20,38.0,Female,Home & Kitchen,Storage Rack,1,1088.98,East,1088.98
3512,2025-03-13,16.0,Female,Clothing,Cotton T-Shirt,1,1089.34,North,1089.34
3513,2024-09-29,18.0,Female,Beauty,Perfume,1,738.44,West,738.44
3514,2024-08-10,25.0,Female,Electronics,Smartwatch,3,4795.1,South,14385.3
3515,2024-11-10,26.0,Male,Sports,Football,1,1723.11,North,1723.11
3516,2024-08-08,23.0,Male,Electronics,Wireless Earbuds,1,2812.58,South,2812.58
3517,2025-02-21,26.0,Female,Sports,Dumbbell Set,2,1196.95,Central,2393.9
3518,2024-12-14,28.0,Male,Sports,Football,1,1855.8,Central,1855.8
3519,2024-07-11,17.0,Male,Home & Kitchen,Vacuum Flask,2,936.03,West,1872.06
3520,2024-11-09,29.0,Male,Beauty,Sunscreen,1,608.38,East,608.38
3521,2025-02-09,48.0,Female,Clothing,Cotton T-Shirt,3,904.16,South,2712.48
3522,2024-10-11,26.0,Female,Sports,Football,1,1787.06,West,1787.06
3523,2025-01-31,37.0,Male,Beauty,Hair Dryer,2,660.57,North,1321.14
3524,2025-05-18,35.0,Female,Electronics,Bluetooth Speaker,4,2252.33,North,9009.32
3525,2024-09-18,43.0,Male,Electronics,Power Bank,2,3200.94,South,6401.88
3526,2024-08-07,35.0,Female,Home & Kitchen,Table Lamp,1,1315.01,North,1315.01
3527,2025-06-03,41.0,Female,Electronics,Wireless Earbuds,1,2580.8,Central,2580.8
3528,2025-04-10,28.0,Male,Electronics,Power Bank,2,4450.26,East,8900.52
3529,2024-10-28,26.0,Male,Electronics,Laptop Sleeve,1,2765.7,West,2765.7
3530,2024-09-07,31.0,Female,Clothing,Cotton T-Shirt,4,1131.99,East,4527.96
3531,2024-09-03,36.0,Female,Beauty,Lipstick Set,1,584.52,South,584.52
3532,2024-04-09,28.0,Male,Home & Kitchen,Blender,3,1009.62,East,3028.86
3533,2024-10-24,41.0,Male,Sports,Yoga Mat,1,1972.76,East,1972.76
3534,2024-09-19,44.0,Male,Beauty,Hair Dryer,4,894.36,West,3577.44
3535,2025-02-01,44.0,Female,Home & Kitchen,Table Lamp,2,1738.55,West,3477.1
3536,2024-09-13,52.0,Male,Beauty,Sunscreen,4,747.63,West,2990.52
3537,2025-01-19,42.0,Male,Clothing,Denim Jacket,1,1100.04,West,1100.04
3538,2025-07-13,57.0,Female,Beauty,Hair Dryer,2,951.81,North,1903.62
3539,2024-07-18,31.0,Female,Clothing,Formal Shirt,1,1205.7,East,1205.7
3540,2025-04-10,34.0,Female,Beauty,Perfume,2,391.02,South,782.04
3541,2025-09-22,57.0,Female,Sports,Football,2,1435.34,South,2870.68
3542,2025-01-05,31.0,Female,Electronics,Smartwatch,1,3869.86,West,3869.86
3543,2024-07-06,44.0,Male,Sports,Cycling Helmet,1,1869.31,North,1869.31
3544,2025-08-29,37.0,Female,Electronics,Laptop Sleeve,1,2367.19,East,2367.19
3545,2025-04-20,35.0,Male,Clothing,Winter Hoodie,3,1106.29,East,3318.87
3546,2024-02-26,33.0,Female,Home & Kitchen,Storage Rack,1,1039.6,West,1039.6
3547,2024-03-04,16.0,Female,Electronics,Wireless Earbuds,2,2767.58,East,5535.16
3548,2025-01-10,25.0,Female,Electronics,Wireless Earbuds,4,4317.57,Central,17270.28
3549,2025-02-02,43.0,Female,Electronics,Bluetooth Speaker,1,2716.45,North,2716.45
3550,2024-11-18,33.0,Female,Clothing,Winter Hoodie,1,965.8,Central,965.8
3551,2025-05-15,33.0,Male,Clothing,Running Shoes,1,925.8,Central,925.8
3552,2025-05-18,31.0,Female,Electronics,Wireless Earbuds,1,3722.13,Central,3722.13
3553,2024-05-11,45.0,Female,Clothing,Running Shoes,2,1102.69,West,2205.38
3554,2025-07-27,31.0,Female,Beauty,Perfume,1,516.91,West,516.91
3555,2024-07-03,31.0,Male,Beauty,Hair Dryer,1,560.74,West,560.74
3556,2025-02-08,,Female,Sports,Dumbbell Set,4,1611.63,East,6446.52
3557,2024-11-26,44.0,Male,Electronics,Smartwatch,1,2724.2,North,2724.2
3558,2025-10-03,32.0,Male,Clothing,Cotton T-Shirt,4,903.51,North,3614.04
3559,2025-07-17,25.0,Male,Sports,Yoga Mat,3,1525.12,East,4575.36
3560,2024-07-10,30.0,Male,Beauty,Lipstick Set,1,717.08,Central,717.08
3561,2024-04-15,24.0,Female,Sports,Cycling Helmet,1,1253.26,East,1253.26
3562,2024-07-25,35.0,Female,Clothing,Formal Shirt,1,1185.19,West,1185.19
3563,2025-06-20,16.0,Female,Beauty,Hair Dryer,1,738.12,North,738.12
3564,2025-10-13,38.0,Female,Beauty,Hair Dryer,1,870.8,West,870.8
3565,2025-02-10,30.0,Female,Sports,Football,4,967.36,East,3869.44
3566,2025-02-02,23.0,Female,Electronics,Smartwatch,3,1579.01,Central,4737.03
3567,2024-07-01,45.0,Male,Beauty,Sunscreen,4,569.52,Central,2278.08
3568,2025-07-06,22.0,Male,Clothing,Winter Hoodie,1,919.02,North,919.02
3569,2025-02-28,48.0,Male,Clothing,Winter Hoodie,1,1048.24,North,1048.24
3570,2025-04-11,43.0,Male,Electronics,Smartwatch,4,2934.26,North,11737.04
3571,2025-03-20,19.0,Male,Electronics,Laptop Sleeve,1,3565.89,West,3565.89
3572,2024-09-01,33.0,Male,Sports,Cycling Helmet,4,1256.29,West,5025.16
3573,2024-06-16,45.0,Female,Clothing,Cotton T-Shirt,1,949.98,Central,949.98
3574,2025-08-28,58.0,Male,Electronics,Bluetooth Speaker,1,2546.74,Central,2546.74
3575,2025-02-12,19.0,Male,Sports,Dumbbell Set,2,1462.56,West,2925.12
3576,2024-04-18,35.0,Female,Beauty,Perfume,1,742.35,South,742.35
3577,2025-07-30,16.0,Male,Electronics,Bluetooth Speaker,3,3437.37,West,10312.11
3578,2024-06-20,47.0,Female,Electronics,Laptop Sleeve,2,3751.54,Central,7503.08
3579,2024-06-07,31.0,Female,Home & Kitchen,Storage Rack,1,1340.47,North,1340.47
3580,2025-04-08,51.0,Female,Electronics,Wireless Earbuds,4,3127.51,South,12510.04
3581,2024-03-24,55.0,Male,Clothing,Running Shoes,4,767.84,North,3071.36
3582,2024-09-28,53.0,Female,Home & Kitchen,Vacuum Flask,4,1041.23,South,4164.92
3583,2025-06-17,34.0,Male,Home & Kitchen,Storage Rack,3,1232.5,Central,3697.5
3584,2024-09-12,39.0,Male,Beauty,Face Serum,2,990.91,North,1981.82
3585,2024-08-07,16.0,Male,Electronics,Power Bank,1,3301.06,East,3301.06
3586,2024-11-29,27.0,Female,Beauty,Hair Dryer,1,621.03,South,621.03
3587,2024-05-19,35.0,Male,Clothing,Cotton T-Shirt,2,774.32,West,1548.64
3588,2024-12-06,29.0,Male,Home & Kitchen,Blender,1,2025.2,South,2025.2
3589,2024-10-12,30.0,Female,Home & Kitchen,Non-stick Pan,2,872.34,South,1744.68
3590,2024-06-14,20.0,Female,Clothing,Cotton T-Shirt,1,683.39,North,683.39
3591,2025-02-18,38.0,Female,Electronics,Power Bank,1,2399.5,West,2399.5
3592,2025-05-07,58.0,Male,Beauty,Lipstick Set,2,387.43,South,774.86
3593,2024-04-30,46.0,Male,Electronics,Wireless Earbuds,1,3814.99,East,3814.99
3594,2024-12-09,35.0,Female,Electronics,Bluetooth Speaker,3,1929.46,North,5788.38
3595,2024-10-12,51.0,Female,Sports,Yoga Mat,1,1789.19,North,1789.19
3596,2024-08-01,35.0,Female,Electronics,Laptop Sleeve,3,4592.37,East,13777.11
3597,2024-06-02,38.0,Female,Clothing,Cotton T-Shirt,2,941.44,West,1882.88
3598,2025-09-15,49.0,Male,Clothing,Formal Shirt,2,983.68,East,1967.36
3599,2025-03-23,26.0,Female,Clothing,Formal Shirt,3,705.62,North,2116.86
3600,2024-04-18,43.0,Male,Electronics,Laptop Sleeve,1,3126.7,Central,3126.7
3601,2025-04-24,40.0,Male,Clothing,Denim Jacket,1,954.79,East,954.79
3602,2025-04-20,41.0,Female,Clothing,Formal Shirt,1,856.42,East,856.42
3603,2024-07-25,17.0,Female,Electronics,Laptop Sleeve,4,2411.32,Central,9645.28
3604,2025-01-06,41.0,Male,Electronics,Bluetooth Speaker,1,2483.68,North,2483.68
3605,2025-03-01,30.0,Male,Home & Kitchen,Vacuum Flask,4,1163.8,South,4655.2
3606,2024-08-21,34.0,Female,Beauty,Lipstick Set,1,821.98,West,821.98
3607,2024-12-20,55.0,Female,Electronics,Laptop Sleeve,1,1159.82,Central,1159.82
3608,2024-11-09,26.0,Female,Clothing,Cotton T-Shirt,3,724.25,South,2172.75
3609,2024-09-20,27.0,Male,Electronics,Laptop Sleeve,2,1759.28,Central,3518.56
3610,2024-05-07,34.0,Male,Sports,Dumbbell Set,1,1403.17,North,1403.17
3611,2025-04-13,24.0,Male,Beauty,Lipstick Set,1,433.73,South,433.73
3612,2025-01-02,35.0,Female,Clothing,Winter Hoodie,1,690.01,North,690.01
3613,2025-03-01,19.0,Female,Electronics,Wireless Earbuds,1,2904.34,West,2904.34
3614,2025-01-27,16.0,Male,Beauty,Face Serum,1,662.85,Central,662.85
3615,2025-04-17,26.0,Female,Sports,Dumbbell Set,1,1744.2,East,1744.2
3616,2024-11-16,18.0,Female,Electronics,Bluetooth Speaker,4,3386.8,East,13547.2
3617,2024-08-31,28.0,Male,Electronics,Smartwatch,3,2041.27,West,6123.81
3618,2024-12-16,41.0,Female,Sports,Yoga Mat,2,1408.13,South,2816.26
3619,2025-06-06,45.0,Male,Clothing,Denim Jacket,1,1006.39,North,1006.39
3620,2024-02-09,45.0,Male,Home & Kitchen,Vacuum Flask,2,1468.2,Central,2936.4
3621,2025-02-17,28.0,Female,Home & Kitchen,Non-stick Pan,2,1115.86,Central,2231.72
3622,2024-08-28,34.0,Female,Electronics,Smartwatch,1,4121.06,Central,4121.06
3623,2025-07-09,32.0,Female,Electronics,Bluetooth Speaker,2,3376.79,North,6753.58
3624,2024-10-05,45.0,Female,Electronics,Bluetooth Speaker,1,3774.32,West,3774.32
3625,2024-05-26,40.0,Male,Sports,Yoga Mat,2,2293.04,West,4586.08
3626,2024-01-20,36.0,Female,Electronics,Wireless Earbuds,1,2760.12,West,2760.12
3627,2025-06-24,35.0,Female,Clothing,Formal Shirt,2,1160.07,Central,2320.14
3628,2025-05-04,49.0,Male,Clothing,Running Shoes,1,977.08,North,977.08
3629,2025-05-17,16.0,Female,Beauty,Perfume,2,532.93,South,1065.86
3630,2025-01-28,43.0,Female,Beauty,Perfume,1,738.08,East,738.08
3631,2024-06-06,35.0,Male,Clothing,Running Shoes,1,619.44,East,619.44
3632,2024-08-20,41.0,Female,Electronics,Laptop Sleeve,2,3988.28,South,7976.56
3633,2024-10-26,20.0,Female,Clothing,Running Shoes,3,1262.49,West,3787.47
3634,2025-08-27,29.0,Male,Sports,Cycling Helmet,1,1631.4,West,1631.4
3635,2024-08-18,26.0,Female,Electronics,Power Bank,4,3342.54,Central,13370.16
3636,2024-06-12,29.0,Male,Clothing,Running Shoes,1,551.9,East,551.9
3637,2025-10-30,34.0,Female,Home & Kitchen,Storage Rack,2,1168.85,West,2337.7
3638,2025-01-26,53.0,Male,Electronics,Smartwatch,1,3446.33,South,3446.33
3639,2025-05-03,31.0,Male,Beauty,Lipstick Set,3,704.67,North,2114.01
3640,2024-12-14,30.0,Female,Sports,Football,1,1657.75,East,1657.75
3641,2025-04-30,54.0,Male,Home & Kitchen,Table Lamp,1,1336.91,North,1336.91
3642,2024-04-06,56.0,Male,Electronics,Bluetooth Speaker,2,2721.54,Central,5443.08
3643,2024-07-16,31.0,Male,Clothing,Formal Shirt,1,977.67,West,977.67
3644,2024-10-18,45.0,Male,Home & Kitchen,Vacuum Flask,1,1564.38,Central,1564.38
3645,2024-05-12,41.0,Male,Sports,Dumbbell Set,1,1972.46,South,1972.46
3646,2025-07-21,37.0,Female,Sports,Cricket Bat,1,1604.32,South,1604.32
3647,2024-12-28,36.0,Male,Sports,Dumbbell Set,3,1423.48,South,4270.44
3648,2024-10-27,23.0,Female,Beauty,Hair Dryer,1,681.31,East,681.31
3649,2024-04-09,36.0,Female,Beauty,Sunscreen,2,818.39,North,1636.78
3650,2025-01-20,28.0,Female,Beauty,Perfume,4,596.88,East,2387.52
3651,2025-07-23,45.0,Female,Home & Kitchen,Storage Rack,1,1218.08,West,1218.08
3652,2024-06-16,16.0,Male,Clothing,Cotton T-Shirt,1,1103.37,West,1103.37
3653,2025-07-07,41.0,Male,Beauty,Hair Dryer,1,690.15,East,690.15
3654,2024-07-01,23.0,Female,Home & Kitchen,Table Lamp,4,1837.25,West,7349.0
3655,2024-12-07,24.0,Female,Home & Kitchen,Blender,3,1357.38,Central,4072.14
3656,2025-04-23,30.0,Female,Electronics,Laptop Sleeve,1,4040.49,West,4040.49
3657,2025-04-23,39.0,Male,Beauty,Hair Dryer,2,755.91,West,1511.82
3658,2024-04-15,48.0,Female,Sports,Yoga Mat,1,1298.27,West,1298.27
3659,2024-06-13,24.0,Female,Electronics,Smartwatch,1,2517.4,East,2517.4
3660,2024-12-19,32.0,Female,Electronics,Wireless Earbuds,1,3510.88,South,3510.88
3661,2025-02-18,30.0,Male,Electronics,Wireless Earbuds,1,2397.18,North,2397.18
3662,2025-10-21,19.0,Female,Sports,Yoga Mat,2,1950.24,West,3900.48
3663,2024-09-27,42.0,Male,Clothing,Running Shoes,1,1083.89,West,1083.89
3664,2025-09-12,28.0,Male,Electronics,Bluetooth Speaker,2,2900.52,East,5801.04
3665,2025-05-16,36.0,Male,Electronics,Laptop Sleeve,3,3048.95,North,9146.85
3666,2025-12-01,27.0,Female,Home & Kitchen,Blender,1,1145.33,North,1145.33
3667,2024-04-22,26.0,Female,Clothing,Winter Hoodie,3,850.19,West,2550.57
3668,2024-09-10,29.0,Male,Home & Kitchen,Non-stick Pan,1,1414.86,South,1414.86
3669,2024-12-04,36.0,Female,Sports,Yoga Mat,2,2102.06,Central,4204.12
3670,2025-11-10,36.0,Female,Beauty,Lipstick Set,1,760.21,North,760.21
3671,2024-11-30,43.0,Female,Clothing,Formal Shirt,1,1088.41,West,1088.41
3672,2024-08-19,38.0,Male,Sports,Dumbbell Set,1,1508.08,Central,1508.08
3673,2025-08-18,47.0,Male,Electronics,Wireless Earbuds,1,4317.77,North,4317.77
3674,2024-12-13,34.0,Female,Beauty,Lipstick Set,1,599.27,East,599.27
3675,2025-09-12,27.0,Male,Electronics,Laptop Sleeve,1,5058.98,East,5058.98
3676,2024-08-04,33.0,Male,Clothing,Running Shoes,2,660.59,East,1321.18
3677,2025-05-21,44.0,Female,Electronics,Wireless Earbuds,1,5019.01,South,5019.01
3678,2025-05-20,34.0,Female,Electronics,Laptop Sleeve,1,4836.66,North,4836.66
3679,2024-02-26,32.0,Male,Beauty,Hair Dryer,2,893.48,South,1786.96
3680,2024-01-21,36.0,Female,Beauty,Perfume,2,803.07,Central,1606.14
3681,2024-04-13,27.0,Male,Electronics,Power Bank,1,2500.47,North,2500.47
3682,2024-11-24,37.0,Female,Electronics,Laptop Sleeve,1,3220.07,North,3220.07
3683,2024-07-19,27.0,Male,Clothing,Running Shoes,1,760.89,West,760.89
3684,2025-03-02,31.0,Male,Electronics,Laptop Sleeve,1,2435.53,North,2435.53
3685,2025-03-12,39.0,Female,Electronics,Laptop Sleeve,2,2742.48,Central,5484.96
3686,2025-03-18,19.0,Female,Clothing,Winter Hoodie,1,1078.11,North,1078.11
3687,2024-06-23,16.0,Female,Sports,Dumbbell Set,3,1259.68,West,3779.04
3688,2024-04-11,38.0,Female,Electronics,Power Bank,2,4002.21,North,8004.42
3689,2024-05-19,33.0,Female,Home & Kitchen,Vacuum Flask,1,1095.5,East,1095.5
3690,2025-05-21,21.0,Female,Clothing,Winter Hoodie,2,504.53,West,1009.06
3691,2024-04-01,17.0,Female,Electronics,Bluetooth Speaker,1,2705.78,South,2705.78
3692,2025-01-02,42.0,Female,Home & Kitchen,Non-stick Pan,1,1226.59,North,1226.59
3693,2024-06-06,40.0,Female,Sports,Yoga Mat,1,1671.9,West,1671.9
3694,2024-03-05,17.0,Male,Clothing,Formal Shirt,4,1184.95,North,4739.8
3695,2024-06-27,55.0,Male,Clothing,Formal Shirt,1,840.69,Central,840.69
3696,2025-07-02,29.0,Female,Electronics,Bluetooth Speaker,1,2821.17,North,2821.17
3697,2025-03-08,16.0,Male,Sports,Dumbbell Set,1,2031.51,North,2031.51
3698,2025-06-02,51.0,Female,Sports,Dumbbell Set,1,1464.48,South,1464.48
3699,2024-03-11,19.0,Female,Beauty,Face Serum,1,580.7,Central,580.7
3700,2025-06-25,29.0,Male,Electronics,Power Bank,1,2338.41,South,2338.41
3701,2025-06-21,47.0,Female,Electronics,Smartwatch,3,2841.22,West,8523.66
3702,2025-07-01,28.0,Male,Electronics,Power Bank,2,2977.57,West,5955.14
3703,2025-04-02,16.0,Male,Sports,Dumbbell Set,2,1944.67,South,3889.34
3704,2024-11-25,34.0,Female,Beauty,Hair Dryer,1,761.64,East,761.64
3705,2025-07-17,27.0,Male,Electronics,Smartwatch,1,3136.62,East,3136.62
3706,2025-05-15,31.0,Male,Beauty,Face Serum,1,506.57,North,506.57
3707,2025-01-02,47.0,Male,Beauty,Hair Dryer,1,622.5,Central,622.5
3708,2025-01-02,35.0,Female,Sports,Yoga Mat,2,1237.64,East,2475.28
3709,2024-12-21,35.0,Male,Electronics,Laptop Sleeve,1,4040.89,North,4040.89
3710,2025-09-08,36.0,Male,Electronics,Bluetooth Speaker,3,2404.18,West,7212.54
3711,2024-05-09,25.0,Female,Sports,Football,3,2032.55,South,6097.65
3712,2024-08-29,24.0,Male,Home & Kitchen,Table Lamp,1,1520.93,West,1520.93
3713,2024-11-28,57.0,Female,Clothing,Running Shoes,1,987.24,East,987.24
3714,2024-03-19,35.0,Male,Clothing,Cotton T-Shirt,1,1133.18,South,1133.18
3715,2024-12-27,40.0,Male,Electronics,Wireless Earbuds,1,3607.81,West,3607.81
3716,2025-06-23,42.0,Male,Home & Kitchen,Vacuum Flask,1,855.2,South,855.2
3717,2024-08-26,20.0,Male,Electronics,Wireless Earbuds,1,2984.62,South,2984.62
3718,2024-04-20,24.0,Male,Clothing,Formal Shirt,1,670.91,East,670.91
3719,2024-03-07,35.0,Male,Clothing,Cotton T-Shirt,3,1128.89,West,3386.67
3720,2024-12-19,26.0,Female,Clothing,Cotton T-Shirt,3,890.92,West,2672.76
3721,2025-01-08,49.0,Male,Electronics,Wireless Earbuds,1,4326.13,Central,4326.13
3722,2025-01-27,30.0,Male,Clothing,Cotton T-Shirt,1,1038.18,North,1038.18
3723,2025-01-03,34.0,Female,Electronics,Power Bank,1,2879.24,East,2879.24
3724,2024-08-06,29.0,Male,Clothing,Running Shoes,2,940.94,West,1881.88
3725,2024-04-20,51.0,Male,Home & Kitchen,Vacuum Flask,1,1719.93,Central,1719.93
3726,2025-08-27,37.0,Male,Clothing,Winter Hoodie,1,1130.48,North,1130.48
3727,2025-01-10,28.0,Female,Clothing,Denim Jacket,1,895.78,West,895.78
3728,2024-03-27,49.0,Female,Sports,Yoga Mat,3,1170.76,North,3512.28
3729,2024-05-07,21.0,Male,Home & Kitchen,Vacuum Flask,1,942.14,East,942.14
3730,2024-09-07,35.0,Female,Clothing,Cotton T-Shirt,2,1083.09,North,2166.18
3731,2025-03-10,43.0,Female,Electronics,Laptop Sleeve,3,3787.99,Central,11363.97
3732,2025-08-23,28.0,Female,Clothing,Running Shoes,2,319.14,North,638.28
3733,2024-05-12,36.0,Female,Electronics,Smartwatch,2,3915.22,Central,7830.44
3734,2024-12-14,43.0,Female,Clothing,Denim Jacket,2,1168.91,West,2337.82
3735,2024-12-25,37.0,Female,Electronics,Wireless Earbuds,2,3465.85,Central,6931.7
3736,2025-05-18,42.0,Male,Home & Kitchen,Table Lamp,3,1108.47,East,3325.41
3737,2025-03-04,34.0,Male,Home & Kitchen,Table Lamp,4,854.87,North,3419.48
3738,2024-08-25,47.0,Female,Electronics,Smartwatch,3,3543.03,West,10629.09
3739,2025-08-28,32.0,Female,Beauty,Sunscreen,1,540.37,Central,540.37
3740,2025-04-10,41.0,Male,Home & Kitchen,Vacuum Flask,3,1353.44,North,4060.32
3741,2025-08-23,41.0,Female,Electronics,Smartwatch,2,2536.91,North,5073.82
3742,2024-09-21,38.0,Male,Electronics,Power Bank,3,2815.03,Central,8445.09
3743,2025-09-22,28.0,Female,Beauty,Sunscreen,1,578.82,East,578.82
3744,2025-02-14,33.0,Male,Beauty,Lipstick Set,1,493.62,Central,493.62
3745,2024-11-01,43.0,Female,Sports,Dumbbell Set,1,1236.15,Central,1236.15
3746,2025-04-30,22.0,Male,Sports,Cricket Bat,4,1470.96,North,5883.84
3747,2025-09-11,35.0,Female,Beauty,Perfume,2,260.42,West,520.84
3748,2025-07-02,56.0,Male,Beauty,Lipstick Set,2,818.44,North,1636.88
3749,2024-12-10,35.0,Female,Clothing,Denim Jacket,1,897.72,East,897.72
3750,2025-10-16,30.0,Male,Home & Kitchen,Blender,2,1283.72,West,2567.44
3751,2025-04-01,26.0,Female,Sports,Football,1,1600.6,West,1600.6
3752,2025-02-21,24.0,Female,Beauty,Hair Dryer,2,412.91,North,825.82
3753,2025-02-16,25.0,Male,Beauty,Perfume,1,701.3,East,701.3
3754,2024-08-21,54.0,Male,Electronics,Bluetooth Speaker,2,4094.88,Central,8189.76
3755,2025-03-12,23.0,Male,Clothing,Cotton T-Shirt,2,1119.83,West,2239.66
3756,2024-04-19,20.0,Male,Sports,Football,1,938.67,South,938.67
3757,2024-04-18,36.0,Male,Beauty,Hair Dryer,1,744.59,North,744.59
3758,2025-01-30,35.0,Female,Sports,Football,4,1300.64,East,5202.56
3759,2025-05-03,28.0,Male,Home & Kitchen,Table Lamp,1,1597.98,Central,1597.98
3760,2024-11-04,31.0,Male,Home & Kitchen,Storage Rack,2,1194.74,West,2389.48
3761,2025-01-05,31.0,Female,Home & Kitchen,Non-stick Pan,1,699.67,South,699.67
3762,2024-10-24,58.0,Male,Beauty,Face Serum,1,696.55,West,696.55
3763,2025-10-31,28.0,Female,Electronics,Laptop Sleeve,1,2281.75,West,2281.75
3764,2025-03-13,28.0,Female,Home & Kitchen,Table Lamp,3,1754.21,West,5262.63
3765,2025-05-24,28.0,Male,Clothing,Formal Shirt,2,909.56,South,1819.12
3766,2025-03-11,58.0,Female,Clothing,Formal Shirt,1,949.63,East,949.63
3767,2025-07-28,37.0,Female,Clothing,Running Shoes,2,1245.73,South,2491.46
3768,2024-12-10,37.0,Male,Home & Kitchen,Non-stick Pan,2,972.92,East,1945.84
3769,2024-09-06,21.0,Female,Electronics,Wireless Earbuds,1,3281.51,North,3281.51
3770,2025-04-01,30.0,Male,Electronics,Laptop Sleeve,1,3361.62,East,3361.62
3771,2025-10-07,40.0,Male,Sports,Cricket Bat,1,1401.18,West,1401.18
3772,2024-11-17,26.0,Female,Electronics,Wireless Earbuds,1,3671.81,West,3671.81
3773,2025-01-06,34.0,Female,Home & Kitchen,Vacuum Flask,3,1626.93,East,4880.79
3774,2025-03-18,41.0,Female,Clothing,Formal Shirt,4,727.29,North,2909.16
3775,2024-10-27,27.0,Female,Home & Kitchen,Table Lamp,1,761.85,Central,761.85
3776,2024-11-01,47.0,Male,Sports,Football,1,1712.08,Central,1712.08
3777,2025-01-03,32.0,Female,Home & Kitchen,Vacuum Flask,1,1688.88,South,1688.88
3778,2025-06-25,32.0,Male,Beauty,Hair Dryer,1,1005.27,South,1005.27
3779,2025-06-09,35.0,Female,Clothing,Cotton T-Shirt,1,1218.07,East,1218.07
3780,2024-09-29,30.0,Male,Sports,Cricket Bat,2,819.93,North,1639.86
3781,2025-02-07,28.0,Male,Clothing,Running Shoes,2,1131.38,West,2262.76
3782,2024-12-08,44.0,Female,Beauty,Lipstick Set,1,436.37,South,436.37
3783,2024-12-22,53.0,Female,Sports,Cricket Bat,1,1655.3,East,1655.3
3784,2024-08-06,29.0,Female,Clothing,Denim Jacket,1,717.33,North,717.33
3785,2025-11-17,33.0,Male,Clothing,Running Shoes,1,1164.13,East,1164.13
3786,2024-08-03,50.0,Female,Home & Kitchen,Storage Rack,1,1503.86,South,1503.86
3787,2024-12-20,53.0,Male,Clothing,Winter Hoodie,4,562.91,Central,2251.64
3788,2025-06-14,36.0,Female,Clothing,Winter Hoodie,1,1390.32,East,1390.32
3789,2025-03-16,16.0,Female,Electronics,Smartwatch,1,5057.47,West,5057.47
3790,2025-05-15,23.0,Male,Electronics,Wireless Earbuds,1,2871.06,West,2871.06
3791,2024-08-25,25.0,Female,Beauty,Sunscreen,1,678.6,West,678.6
3792,2024-11-23,43.0,Male,Beauty,Face Serum,3,991.21,West,2973.63
3793,2024-01-26,44.0,Female,Beauty,Face Serum,1,668.94,South,668.94
3794,2025-08-24,41.0,Male,Electronics,Laptop Sleeve,1,3324.12,West,3324.12
3795,2025-08-25,43.0,Male,Clothing,Running Shoes,3,1037.05,South,3111.15
3796,2025-04-09,51.0,Female,Home & Kitchen,Storage Rack,2,1398.44,West,2796.88
3797,2024-11-22,27.0,Male,Electronics,Bluetooth Speaker,1,4088.47,East,4088.47
3798,2025-04-07,37.0,Female,Electronics,Bluetooth Speaker,2,4244.89,Central,8489.78
3799,2025-06-08,21.0,Male,Home & Kitchen,Table Lamp,1,908.82,North,908.82
3800,2024-06-26,16.0,Female,Clothing,Cotton T-Shirt,1,1039.38,North,1039.38
3801,2025-09-15,33.0,Male,Sports,Yoga Mat,1,1785.23,East,1785.23
3802,2024-03-23,24.0,Female,Home & Kitchen,Table Lamp,4,1708.51,South,6834.04
3803,2025-03-18,40.0,Male,Sports,Dumbbell Set,1,2051.01,South,2051.01
3804,2024-07-27,45.0,Male,Electronics,Bluetooth Speaker,1,2167.94,South,2167.94
3805,2024-07-02,23.0,Female,Sports,Dumbbell Set,3,1599.63,South,4798.89
3806,2025-04-17,36.0,Male,Sports,Football,1,1526.77,East,1526.77
3807,2025-06-16,51.0,Female,Beauty,Perfume,1,673.02,East,673.02
3808,2024-10-31,22.0,Male,Beauty,Hair Dryer,1,819.96,East,819.96
3809,2024-09-01,44.0,Male,Electronics,Smartwatch,1,3556.98,North,3556.98
3810,2025-07-13,34.0,Female,Clothing,Denim Jacket,3,889.59,North,2668.77
3811,2025-03-08,22.0,Male,Electronics,Power Bank,2,2759.77,West,5519.54
3812,2025-06-01,45.0,Female,Sports,Cricket Bat,1,1484.56,West,1484.56
3813,2024-02-14,20.0,Male,Beauty,Hair Dryer,1,1047.47,North,1047.47
3814,2024-11-04,44.0,Male,Sports,Yoga Mat,1,1830.22,East,1830.22
3815,2025-06-29,37.0,Female,Clothing,Formal Shirt,1,970.19,West,970.19
3816,2025-07-15,25.0,Female,Clothing,Running Shoes,1,1087.2,South,1087.2
3817,2024-12-22,40.0,Female,Clothing,Denim Jacket,1,823.95,West,823.95
3818,2025-07-08,37.0,Male,Beauty,Sunscreen,2,516.07,South,1032.14
3819,2025-07-21,37.0,Female,Home & Kitchen,Vacuum Flask,1,1566.4,South,1566.4
3820,2024-05-16,34.0,Male,Sports,Cycling Helmet,1,1447.25,West,1447.25
3821,2024-11-05,,Female,Clothing,Formal Shirt,2,1142.66,East,2285.32
3822,2024-04-11,55.0,Female,Electronics,Laptop Sleeve,3,4097.99,North,12293.97
3823,2024-09-25,18.0,Male,Clothing,Cotton T-Shirt,1,791.68,West,791.68
3824,2024-08-15,40.0,Male,Clothing,Denim Jacket,1,1471.85,Central,1471.85
3825,2024-12-18,26.0,Male,Clothing,Cotton T-Shirt,2,1446.79,Central,2893.58
3826,2025-03-18,40.0,Female,Electronics,Power Bank,2,1685.14,West,3370.28
3827,2025-09-03,29.0,Male,Electronics,Power Bank,1,4074.55,West,4074.55
3828,2025-09-06,31.0,Male,Electronics,Smartwatch,2,4986.33,West,9972.66
3829,2025-01-26,33.0,Male,Beauty,Hair Dryer,1,504.6,West,504.6
3830,2024-09-01,39.0,Male,Clothing,Running Shoes,1,1125.29,East,1125.29
3831,2025-04-21,24.0,Male,Clothing,Formal Shirt,2,1032.21,East,2064.42
3832,2024-07-21,36.0,Female,Beauty,Face Serum,2,857.52,South,1715.04
3833,2025-04-04,44.0,Female,Home & Kitchen,Table Lamp,1,1640.38,North,1640.38
3834,2025-04-06,25.0,Female,Beauty,Sunscreen,1,712.59,South,712.59
3835,2024-02-29,24.0,Male,Home & Kitchen,Storage Rack,1,1695.87,North,1695.87
3836,2024-05-18,24.0,Male,Electronics,Bluetooth Speaker,1,2753.53,South,2753.53
3837,2025-07-23,21.0,Female,Electronics,Bluetooth Speaker,1,3181.09,South,3181.09
3838,2024-04-18,35.0,Female,Electronics,Laptop Sleeve,2,1932.49,North,3864.98
3839,2024-04-11,36.0,Male,Home & Kitchen,Non-stick Pan,2,1127.63,Central,2255.26
3840,2024-05-15,50.0,Female,Clothing,Winter Hoodie,3,731.22,Central,2193.66
3841,2025-01-21,42.0,Male,Clothing,Running Shoes,1,1116.17,North,1116.17
3842,2024-06-04,52.0,Male,Clothing,Formal Shirt,1,870.31,North,870.31
3843,2024-09-19,24.0,Male,Beauty,Hair Dryer,4,516.19,Central,2064.76
3844,2025-06-23,56.0,Female,Sports,Dumbbell Set,1,1154.41,South,1154.41
3845,2025-07-23,22.0,Female,Clothing,Denim Jacket,1,1244.82,South,1244.82
3846,2024-12-06,41.0,Female,Clothing,Running Shoes,1,957.91,West,957.91
3847,2024-04-21,44.0,Female,Electronics,Power Bank,1,3382.98,North,3382.98
3848,2024-10-01,38.0,Female,Clothing,Cotton T-Shirt,2,823.31,North,1646.62
3849,2024-10-12,16.0,Male,Clothing,Denim Jacket,3,917.68,East,2753.04
3850,2025-07-28,26.0,Female,Sports,Cycling Helmet,1,1559.79,North,1559.79
3851,2024-06-24,35.0,Male,Sports,Cricket Bat,4,1446.56,North,5786.24
3852,2025-10-17,32.0,Male,Electronics,Wireless Earbuds,2,3142.76,West,6285.52
3853,2024-07-12,40.0,Female,Clothing,Winter Hoodie,1,728.15,South,728.15
3854,2025-11-22,36.0,Female,Clothing,Denim Jacket,1,527.27,East,527.27
3855,2025-03-05,29.0,Female,Sports,Cycling Helmet,3,1623.16,West,4869.48
3856,2025-02-06,46.0,Male,Electronics,Wireless Earbuds,1,3181.61,West,3181.61
3857,2025-04-25,24.0,Female,Electronics,Laptop Sleeve,1,3558.64,South,3558.64
3858,2024-09-19,24.0,Male,Clothing,Winter Hoodie,3,1234.97,North,3704.91
3859,2025-08-10,43.0,Female,Home & Kitchen,Non-stick Pan,1,1151.83,Central,1151.83
3860,2025-07-01,27.0,Male,Home & Kitchen,Blender,1,990.76,East,990.76
3861,2024-05-19,52.0,Male,Clothing,Denim Jacket,4,1159.77,West,4639.08
3862,2025-09-28,54.0,Male,Sports,Cricket Bat,2,626.33,East,1252.66
3863,2025-03-07,25.0,Female,Clothing,Running Shoes,3,1096.56,Central,3289.68
3864,2024-11-03,55.0,Male,Clothing,Running Shoes,1,1358.56,Central,1358.56
3865,2025-08-16,27.0,Male,Electronics,Bluetooth Speaker,1,4331.03,West,4331.03
3866,2024-11-29,24.0,Female,Clothing,Winter Hoodie,1,972.1,South,972.1
3867,2024-06-10,58.0,Male,Clothing,Formal Shirt,2,840.83,West,1681.66
3868,2024-09-10,22.0,Male,Home & Kitchen,Table Lamp,4,1421.95,Central,5687.8
3869,2024-09-04,39.0,Female,Home & Kitchen,Table Lamp,1,2025.2,South,2025.2
3870,2024-07-23,39.0,Male,Home & Kitchen,Vacuum Flask,1,1254.2,South,1254.2
3871,2024-07-05,57.0,Female,Home & Kitchen,Storage Rack,1,1343.91,East,1343.91
3872,2025-09-24,46.0,Female,Clothing,Cotton T-Shirt,1,761.96,North,761.96
3873,2024-11-25,40.0,Male,Electronics,Bluetooth Speaker,1,2626.01,South,2626.01
3874,2024-05-07,38.0,Male,Home & Kitchen,Non-stick Pan,1,1867.63,South,1867.63
3875,2024-04-25,44.0,Female,Clothing,Formal Shirt,1,1091.43,West,1091.43
3876,2024-04-17,40.0,Female,Beauty,Hair Dryer,2,545.25,East,1090.5
3877,2025-02-12,49.0,Female,Electronics,Laptop Sleeve,2,3176.64,West,6353.28
3878,2024-09-12,16.0,Female,Electronics,Power Bank,2,3587.45,North,7174.9
3879,2025-01-13,26.0,Female,Clothing,Cotton T-Shirt,3,1050.16,Central,3150.48
3880,2024-05-03,44.0,Female,Electronics,Smartwatch,2,2727.22,North,5454.44
3881,2025-08-20,45.0,Male,Clothing,Denim Jacket,1,1152.14,Central,1152.14
3882,2024-04-18,36.0,Female,Beauty,Sunscreen,1,319.04,Central,319.04
3883,2025-04-14,56.0,Female,Home & Kitchen,Storage Rack,1,1749.78,South,1749.78
3884,2024-04-03,49.0,Male,Sports,Yoga Mat,1,1718.66,West,1718.66
3885,2025-05-12,28.0,Male,Beauty,Hair Dryer,1,710.9,South,710.9
3886,2024-12-23,38.0,Male,Sports,Dumbbell Set,1,1437.7,North,1437.7
3887,2025-03-05,49.0,Female,Clothing,Cotton T-Shirt,1,456.42,East,456.42
3888,2025-06-01,47.0,Male,Home & Kitchen,Table Lamp,1,1199.21,South,1199.21
3889,2024-08-22,41.0,Male,Electronics,Laptop Sleeve,1,2259.69,South,2259.69
3890,2024-11-10,35.0,Female,Beauty,Face Serum,1,518.59,North,518.59
3891,2024-12-05,16.0,Male,Sports,Yoga Mat,2,2408.5,South,4817.0
3892,2024-11-23,44.0,Female,Clothing,Winter Hoodie,3,932.69,North,2798.07
3893,2025-08-10,32.0,Male,Home & Kitchen,Blender,3,2006.5,Central,6019.5
3894,2024-11-24,36.0,Male,Beauty,Hair Dryer,1,460.22,South,460.22
3895,2024-08-15,38.0,Male,Clothing,Cotton T-Shirt,2,723.32,Central,1446.64
3896,2025-04-02,16.0,Male,Sports,Cricket Bat,1,2648.14,East,2648.14
3897,2025-04-23,42.0,Male,Home & Kitchen,Vacuum Flask,2,1558.15,North,3116.3
3898,2024-05-28,17.0,Male,Clothing,Running Shoes,1,701.16,North,701.16
3899,2024-03-03,39.0,Male,Electronics,Wireless Earbuds,1,2509.84,Central,2509.84
3900,2024-06-21,23.0,Female,Electronics,Smartwatch,1,3464.36,North,3464.36
3901,2025-06-24,41.0,Female,Clothing,Formal Shirt,2,680.3,West,1360.6
3902,2025-10-31,35.0,Female,Beauty,Sunscreen,1,910.37,North,910.37
3903,2025-03-22,28.0,Female,Clothing,Formal Shirt,2,1006.02,North,2012.04
3904,2025-05-03,16.0,Female,Beauty,Perfume,1,607.92,South,607.92
3905,2025-01-17,39.0,Male,Clothing,Running Shoes,1,1088.12,North,1088.12
3906,2025-04-07,49.0,Female,Electronics,Smartwatch,1,3317.94,Central,3317.94
3907,2024-10-18,45.0,Female,Clothing,Denim Jacket,2,1090.54,West,2181.08
3908,2025-05-15,37.0,Male,Clothing,Denim Jacket,1,1131.58,Central,1131.58
3909,2025-05-15,43.0,Female,Home & Kitchen,Blender,4,1641.94,West,6567.76
3910,2025-06-21,28.0,Female,Clothing,Winter Hoodie,4,719.91,North,2879.64
3911,2025-01-18,38.0,Female,Beauty,Face Serum,1,522.87,Central,522.87
3912,2024-08-07,38.0,Female,Home & Kitchen,Vacuum Flask,1,1502.42,West,1502.42
3913,2025-02-22,29.0,Male,Electronics,Laptop Sleeve,3,3233.73,East,9701.19
3914,2025-06-23,46.0,Female,Home & Kitchen,Blender,4,1257.34,West,5029.36
3915,2025-01-31,47.0,Female,Home & Kitchen,Vacuum Flask,1,1646.18,Central,1646.18
3916,2025-03-29,36.0,Male,Electronics,Bluetooth Speaker,1,2729.61,South,2729.61
3917,2025-08-25,36.0,Female,Clothing,Running Shoes,2,1109.48,West,2218.96
3918,2025-07-30,54.0,Female,Beauty,Face Serum,1,697.24,Central,697.24
3919,2025-01-02,26.0,Female,Electronics,Smartwatch,1,4229.0,South,4229.0
3920,2025-04-17,43.0,Female,Home & Kitchen,Storage Rack,1,1473.79,South,1473.79
3921,2024-02-16,41.0,Female,Sports,Yoga Mat,2,1681.84,North,3363.68
3922,2024-06-07,25.0,Female,Electronics,Laptop Sleeve,4,2730.85,Central,10923.4
3923,2024-06-19,28.0,Female,Home & Kitchen,Table Lamp,2,1058.99,North,2117.98
3924,2025-05-05,33.0,Male,Beauty,Sunscreen,1,436.4,East,436.4
3925,2024-10-09,29.0,Male,Home & Kitchen,Vacuum Flask,1,1106.19,West,1106.19
3926,2025-10-01,27.0,Male,Clothing,Winter Hoodie,1,1279.3,North,1279.3
3927,2025-05-23,16.0,Male,Home & Kitchen,Non-stick Pan,4,1329.62,West,5318.48
3928,2025-06-24,33.0,Male,Sports,Cricket Bat,1,1591.81,West,1591.81
3929,2024-10-21,46.0,Female,Clothing,Running Shoes,1,539.6,Central,539.6
3930,2024-12-05,45.0,Female,Home & Kitchen,Non-stick Pan,1,898.27,North,898.27
3931,2025-04-16,35.0,Female,Home & Kitchen,Table Lamp,2,1608.13,East,3216.26
3932,2025-07-27,23.0,Female,Beauty,Lipstick Set,1,644.81,South,644.81
3933,2025-11-05,37.0,Female,Beauty,Sunscreen,4,833.6,West,3334.4
3934,2024-10-05,37.0,Male,Electronics,Laptop Sleeve,2,3360.1,South,6720.2
3935,2025-08-09,41.0,Female,Sports,Cricket Bat,3,1425.24,East,4275.72
3936,2024-01-26,30.0,Female,Electronics,Bluetooth Speaker,2,4933.96,North,9867.92
3937,2024-10-03,44.0,Female,Clothing,Formal Shirt,3,868.51,North,2605.53
3938,2024-10-14,28.0,Female,Clothing,Cotton T-Shirt,2,657.01,East,1314.02
3939,2025-01-30,41.0,Female,Home & Kitchen,Table Lamp,3,1031.39,Central,3094.17
3940,2025-08-16,29.0,Female,Sports,Cycling Helmet,2,790.36,West,1580.72
3941,2025-08-15,19.0,Male,Home & Kitchen,Table Lamp,3,2003.08,West,6009.24
3942,2024-08-13,31.0,Male,Electronics,Power Bank,1,3540.51,West,3540.51
3943,2025-05-21,26.0,Female,Electronics,Power Bank,2,3645.61,North,7291.22
3944,2025-05-27,48.0,Female,Home & Kitchen,Storage Rack,1,2006.59,Central,2006.59
3945,2024-12-28,20.0,Female,Electronics,Laptop Sleeve,2,2478.1,West,4956.2
3946,2024-07-29,35.0,Male,Clothing,Denim Jacket,4,863.25,East,3453.0
3947,2025-03-29,38.0,Male,Beauty,Sunscreen,1,849.39,South,849.39
3948,2024-10-26,24.0,Female,Home & Kitchen,Blender,1,1825.06,North,1825.06
3949,2024-08-28,26.0,Male,Sports,Yoga Mat,1,1774.15,North,1774.15
3950,2025-10-11,51.0,Male,Sports,Yoga Mat,2,1768.26,North,3536.52
3951,2024-12-25,25.0,Male,Clothing,Winter Hoodie,3,549.33,West,1647.99
3952,2025-03-22,28.0,Male,Beauty,Hair Dryer,4,603.16,North,2412.64
3953,2025-04-07,42.0,Female,Clothing,Winter Hoodie,3,967.2,Central,2901.6
3954,2024-12-28,49.0,Male,Clothing,Formal Shirt,1,800.54,East,800.54
3955,2025-02-24,23.0,Female,Clothing,Denim Jacket,4,1126.82,East,4507.28
3956,2024-11-02,22.0,Female,Sports,Yoga Mat,1,2058.08,West,2058.08
3957,2025-02-16,25.0,Male,Sports,Dumbbell Set,1,1502.12,Central,1502.12
3958,2025-01-13,34.0,Male,Clothing,Running Shoes,3,1325.33,West,3975.99
3959,2025-02-06,29.0,Female,Clothing,Running Shoes,1,746.27,North,746.27
3960,2024-07-20,30.0,Female,Electronics,Bluetooth Speaker,1,3289.63,East,3289.63
3961,2025-02-20,28.0,Male,Electronics,Power Bank,1,3398.29,West,3398.29
3962,2024-11-23,45.0,Male,Electronics,Bluetooth Speaker,1,1537.49,South,1537.49
3963,2024-08-04,45.0,Male,Clothing,Denim Jacket,1,1259.54,South,1259.54
3964,2025-03-16,48.0,Female,Clothing,Winter Hoodie,2,576.42,East,1152.84
3965,2025-04-23,45.0,Male,Sports,Football,2,1516.97,Central,3033.94
3966,2025-08-16,37.0,Female,Electronics,Bluetooth Speaker,4,2777.55,North,11110.2
3967,2025-05-12,17.0,Male,Home & Kitchen,Non-stick Pan,1,1159.49,Central,1159.49
3968,2025-08-15,40.0,Male,Home & Kitchen,Storage Rack,4,1391.67,East,5566.68
3969,2025-01-06,41.0,Male,Sports,Football,1,1394.95,South,1394.95
3970,2024-08-16,21.0,Male,Electronics,Smartwatch,4,3559.53,West,14238.12
3971,2025-07-08,36.0,Female,Electronics,Smartwatch,1,1816.19,North,1816.19
3972,2025-02-05,36.0,Male,Clothing,Denim Jacket,1,1006.56,North,1006.56
3973,2024-11-14,26.0,Female,Electronics,Wireless Earbuds,3,2048.14,East,6144.42
3974,2024-06-16,38.0,Female,Beauty,Perfume,2,628.83,North,1257.66
3975,2025-02-16,28.0,Female,Clothing,Denim Jacket,1,882.78,North,882.78
3976,2024-07-11,28.0,Female,Electronics,Laptop Sleeve,2,2846.41,South,5692.82
3977,2025-01-29,29.0,Female,Sports,Cycling Helmet,2,1452.81,West,2905.62
3978,2025-04-16,21.0,Female,Beauty,Hair Dryer,2,522.31,North,1044.62
3979,2024-04-14,35.0,Male,Sports,Cricket Bat,2,1693.31,North,3386.62
3980,2024-10-15,38.0,Female,Sports,Cricket Bat,2,2217.17,South,4434.34
3981,2025-03-06,45.0,Male,Electronics,Smartwatch,1,2712.23,North,2712.23
3982,2024-10-19,16.0,Male,Clothing,Denim Jacket,2,1190.21,South,2380.42
3983,2024-09-03,26.0,Female,Home & Kitchen,Blender,1,1642.5,North,1642.5
3984,2024-09-03,50.0,Male,Beauty,Sunscreen,1,615.62,South,615.62
3985,2025-10-08,29.0,Male,Clothing,Formal Shirt,2,753.63,South,1507.26
3986,2024-11-19,16.0,Male,Clothing,Formal Shirt,1,1165.18,North,1165.18
3987,2025-01-23,49.0,Male,Sports,Dumbbell Set,1,1746.78,South,1746.78
3988,2024-09-13,38.0,Female,Home & Kitchen,Blender,2,1013.54,East,2027.08
3989,2025-06-11,45.0,Female,Beauty,Sunscreen,1,460.97,East,460.97
3990,2025-05-12,32.0,Female,Home & Kitchen,Non-stick Pan,2,1166.78,East,2333.56
3991,2025-09-28,26.0,Male,Clothing,Running Shoes,2,629.52,Central,1259.04
3992,2025-06-06,32.0,Female,Electronics,Bluetooth Speaker,1,1963.88,South,1963.88
3993,2025-03-19,43.0,Male,Electronics,Laptop Sleeve,1,1569.33,Central,1569.33
3994,2024-04-25,45.0,Female,Electronics,Power Bank,1,3027.95,West,3027.95
3995,2025-03-25,31.0,Female,Electronics,Bluetooth Speaker,4,4148.86,Central,16595.44
3996,2025-05-31,47.0,Male,Sports,Cricket Bat,1,328.05,West,328.05
3997,2024-03-26,52.0,Female,Clothing,Winter Hoodie,1,1363.61,West,1363.61
3998,2024-11-23,45.0,Female,Beauty,Perfume,1,741.77,Central,741.77
3999,2024-08-13,39.0,Female,Sports,Dumbbell Set,4,1741.58,Central,6966.32
4000,2024-05-18,33.0,Female,Home & Kitchen,Blender,1,1734.02,North,1734.02
4001,2025-03-18,24.0,Female,Beauty,Hair Dryer,3,766.08,North,2298.24
4002,2024-07-21,31.0,Male,Electronics,Bluetooth Speaker,1,2253.39,North,2253.39
4003,2025-09-23,29.0,Male,Clothing,Denim Jacket,1,1034.46,East,1034.46
4004,2025-07-25,31.0,Male,Clothing,Winter Hoodie,1,1021.19,West,1021.19
4005,2025-02-14,46.0,Male,Home & Kitchen,Storage Rack,2,1139.18,West,2278.36
4006,2025-05-15,48.0,Male,Sports,Dumbbell Set,1,1248.26,East,1248.26
4007,2024-03-24,27.0,Male,Clothing,Formal Shirt,3,950.03,Central,2850.09
4008,2025-01-17,35.0,Female,Clothing,Denim Jacket,1,805.64,North,805.64
4009,2024-12-26,45.0,Male,Electronics,Wireless Earbuds,4,3068.25,East,12273.0
4010,2025-03-28,41.0,Male,Beauty,Face Serum,4,678.76,West,2715.04
4011,2024-04-13,57.0,Female,Home & Kitchen,Vacuum Flask,1,1345.28,West,1345.28
4012,2025-08-25,34.0,Male,Beauty,Perfume,2,469.53,West,939.06
4013,2025-07-30,39.0,Male,Clothing,Running Shoes,2,716.84,South,1433.68
4014,2024-06-18,41.0,Female,Home & Kitchen,Storage Rack,2,1332.81,East,2665.62
4015,2025-02-23,30.0,Male,Beauty,Hair Dryer,2,636.13,South,1272.26
4016,2024-08-04,37.0,Female,Electronics,Laptop Sleeve,1,2986.02,East,2986.02
4017,2024-09-17,29.0,Female,Electronics,Laptop Sleeve,4,2831.28,West,11325.12
4018,2024-11-11,,Female,Beauty,Hair Dryer,2,481.49,West,962.98
4019,2024-06-16,33.0,Male,Electronics,Bluetooth Speaker,1,2567.44,North,2567.44
4020,2024-07-13,16.0,Male,Beauty,Sunscreen,1,358.77,West,358.77
4021,2025-06-21,16.0,Female,Electronics,Bluetooth Speaker,1,3998.85,South,3998.85
4022,2025-04-30,22.0,Female,Clothing,Cotton T-Shirt,3,1064.82,West,3194.46
4023,2024-07-18,35.0,Female,Electronics,Smartwatch,1,3022.29,South,3022.29
4024,2024-10-13,34.0,Female,Beauty,Sunscreen,1,706.68,North,706.68
4025,2024-05-16,49.0,Male,Clothing,Cotton T-Shirt,4,1110.75,Central,4443.0
4026,2025-09-04,28.0,Female,Electronics,Laptop Sleeve,2,1789.41,North,3578.82
4027,2024-11-06,37.0,Male,Sports,Yoga Mat,1,983.3,West,983.3
4028,2024-12-13,37.0,Male,Electronics,Laptop Sleeve,3,3241.35,East,9724.05
4029,2024-05-22,41.0,Female,Electronics,Smartwatch,3,5307.91,South,15923.73
4030,2024-05-14,19.0,Female,Clothing,Formal Shirt,1,1284.32,South,1284.32
4031,2025-08-28,44.0,Female,Beauty,Sunscreen,2,872.1,West,1744.2
4032,2025-01-11,33.0,Female,Home & Kitchen,Blender,1,1259.14,East,1259.14
4033,2025-08-23,26.0,Female,Electronics,Bluetooth Speaker,3,2478.08,South,7434.24
4034,2024-11-12,52.0,Male,Home & Kitchen,Blender,1,1059.24,Central,1059.24
4035,2024-06-03,35.0,Female,Home & Kitchen,Vacuum Flask,1,1035.66,South,1035.66
4036,2024-04-16,33.0,Male,Sports,Cycling Helmet,1,2387.37,South,2387.37
4037,2025-04-12,58.0,Female,Home & Kitchen,Storage Rack,1,1867.25,South,1867.25
4038,2024-06-29,32.0,Male,Electronics,Smartwatch,1,2196.59,South,2196.59
4039,2024-11-10,52.0,Female,Beauty,Lipstick Set,1,526.22,East,526.22
4040,2024-06-01,38.0,Male,Electronics,Power Bank,1,2953.13,East,2953.13
4041,2025-03-27,49.0,Male,Clothing,Cotton T-Shirt,2,1451.85,West,2903.7
4042,2024-02-11,44.0,Male,Beauty,Lipstick Set,1,435.0,West,435.0
4043,2025-07-23,28.0,Female,Clothing,Denim Jacket,2,858.06,West,1716.12
4044,2024-12-19,35.0,Female,Clothing,Running Shoes,3,1149.87,South,3449.61
4045,2024-08-11,25.0,Male,Beauty,Lipstick Set,1,733.07,West,733.07
4046,2025-06-13,43.0,Female,Clothing,Formal Shirt,2,727.9,South,1455.8
4047,2024-03-20,43.0,Female,Electronics,Laptop Sleeve,3,3070.48,East,9211.44
4048,2024-12-01,40.0,Female,Electronics,Laptop Sleeve,2,3605.89,Central,7211.78
4049,2025-01-10,28.0,Female,Clothing,Running Shoes,1,800.48,West,800.48
4050,2024-08-23,24.0,Male,Beauty,Perfume,4,632.54,South,2530.16
4051,2025-11-01,39.0,Male,Clothing,Winter Hoodie,1,983.93,West,983.93
4052,2025-03-07,19.0,Male,Beauty,Sunscreen,1,626.53,North,626.53
4053,2024-05-08,33.0,Male,Electronics,Wireless Earbuds,1,2475.11,North,2475.11
4054,2024-05-19,21.0,Female,Beauty,Sunscreen,1,548.03,East,548.03
4055,2024-09-04,16.0,Male,Clothing,Denim Jacket,1,768.65,North,768.65
4056,2024-08-29,26.0,Female,Beauty,Hair Dryer,1,578.54,North,578.54
4057,2024-08-05,47.0,Male,Clothing,Winter Hoodie,3,738.78,West,2216.34
4058,2025-03-09,23.0,Male,Sports,Yoga Mat,1,1487.38,West,1487.38
4059,2025-01-12,31.0,Male,Electronics,Wireless Earbuds,1,2151.65,South,2151.65
4060,2024-09-21,22.0,Male,Electronics,Laptop Sleeve,1,3188.45,West,3188.45
4061,2025-01-25,16.0,Male,Sports,Cycling Helmet,4,1311.66,South,5246.64
4062,2024-08-20,52.0,Female,Clothing,Cotton T-Shirt,2,714.25,North,1428.5
4063,2024-11-09,41.0,Male,Beauty,Hair Dryer,1,323.9,East,323.9
4064,2025-04-27,20.0,Female,Clothing,Cotton T-Shirt,1,1268.6,East,1268.6
4065,2024-12-23,54.0,Male,Electronics,Wireless Earbuds,2,2000.3,West,4000.6
4066,2024-10-07,20.0,Female,Home & Kitchen,Storage Rack,1,1343.95,Central,1343.95
4067,2024-07-24,25.0,Male,Clothing,Formal Shirt,1,885.37,West,885.37
4068,2025-02-01,38.0,Male,Clothing,Winter Hoodie,1,667.05,West,667.05
4069,2024-02-08,41.0,Female,Home & Kitchen,Table Lamp,1,1097.93,East,1097.93
4070,2024-09-05,34.0,Female,Electronics,Power Bank,1,4111.59,West,4111.59
4071,2025-02-02,51.0,Female,Home & Kitchen,Storage Rack,1,1170.67,East,1170.67
4072,2025-06-08,37.0,Female,Clothing,Cotton T-Shirt,3,1233.59,East,3700.77
4073,2025-01-01,38.0,Male,Electronics,Bluetooth Speaker,2,3481.5,South,6963.0
4074,2025-05-23,43.0,Female,Electronics,Bluetooth Speaker,2,3171.03,West,6342.06
4075,2024-10-12,48.0,Male,Clothing,Formal Shirt,1,870.5,West,870.5
4076,2024-12-14,30.0,Male,Beauty,Lipstick Set,2,754.23,West,1508.46
4077,2025-02-15,35.0,Female,Beauty,Sunscreen,1,522.85,West,522.85
4078,2025-02-20,53.0,Male,Sports,Football,1,998.74,North,998.74
4079,2025-05-22,23.0,Female,Clothing,Formal Shirt,3,1380.34,East,4141.02
4080,2025-02-01,30.0,Male,Electronics,Power Bank,2,4449.88,South,8899.76
4081,2024-10-20,44.0,Male,Clothing,Denim Jacket,4,1261.15,East,5044.6
4082,2024-12-07,45.0,Female,Electronics,Wireless Earbuds,2,4688.07,Central,9376.14
4083,2024-10-21,33.0,Male,Clothing,Cotton T-Shirt,1,1142.0,North,1142.0
4084,2025-07-15,36.0,Male,Electronics,Power Bank,2,3841.38,North,7682.76
4085,2024-06-29,21.0,Male,Beauty,Face Serum,3,563.94,South,1691.82
4086,2025-02-01,30.0,Female,Sports,Yoga Mat,1,1175.93,North,1175.93
4087,2025-04-07,26.0,Female,Clothing,Running Shoes,1,889.71,West,889.71
4088,2024-07-16,52.0,Male,Electronics,Power Bank,2,3220.89,South,6441.78
4089,2025-02-04,33.0,Female,Electronics,Smartwatch,1,4530.22,East,4530.22
4090,2025-07-17,55.0,Male,Electronics,Bluetooth Speaker,2,3300.09,South,6600.18
4091,2024-07-05,28.0,Male,Clothing,Winter Hoodie,2,1137.4,Central,2274.8
4092,2024-12-31,35.0,Male,Clothing,Formal Shirt,3,639.38,West,1918.14
4093,2024-11-01,29.0,Male,Home & Kitchen,Storage Rack,1,1771.74,Central,1771.74
4094,2025-03-04,28.0,Female,Clothing,Formal Shirt,1,1067.52,West,1067.52
4095,2024-11-10,33.0,Male,Sports,Cycling Helmet,1,2166.06,Central,2166.06
4096,2024-05-23,45.0,Female,Clothing,Denim Jacket,2,783.52,North,1567.04
4097,2025-03-25,31.0,Female,Sports,Cricket Bat,1,1852.08,East,1852.08
4098,2025-08-20,32.0,Male,Beauty,Lipstick Set,3,686.25,East,2058.75
4099,2025-08-16,41.0,Female,Clothing,Denim Jacket,1,326.18,West,326.18
4100,2025-01-24,16.0,Female,Clothing,Cotton T-Shirt,1,892.51,North,892.51
4101,2024-09-23,24.0,Female,Electronics,Wireless Earbuds,2,2702.06,East,5404.12
4102,2025-06-22,36.0,Male,Clothing,Running Shoes,2,1111.69,South,2223.38
4103,2025-02-05,16.0,Female,Home & Kitchen,Storage Rack,1,1585.69,West,1585.69
4104,2024-11-21,27.0,Female,Sports,Cycling Helmet,2,1872.05,West,3744.1
4105,2025-08-24,32.0,Female,Electronics,Power Bank,2,3415.3,East,6830.6
4106,2025-10-13,38.0,Female,Clothing,Formal Shirt,1,669.37,West,669.37
4107,2025-06-17,32.0,Female,Home & Kitchen,Table Lamp,1,1265.04,South,1265.04
4108,2024-11-12,25.0,Female,Beauty,Sunscreen,3,771.58,West,2314.74
4109,2024-12-25,26.0,Male,Electronics,Smartwatch,1,3667.92,East,3667.92
4110,2025-03-11,52.0,Male,Home & Kitchen,Blender,1,1208.07,Central,1208.07
4111,2025-05-30,37.0,Female,Electronics,Wireless Earbuds,3,2404.87,East,7214.61
4112,2024-07-13,39.0,Female,Clothing,Formal Shirt,2,760.02,Central,1520.04
4113,2025-05-21,34.0,Female,Home & Kitchen,Table Lamp,3,1200.56,West,3601.68
4114,2025-07-11,26.0,Female,Clothing,Cotton T-Shirt,1,1087.42,East,1087.42
4115,2025-03-25,41.0,Female,Electronics,Wireless Earbuds,3,2375.92,North,7127.76
4116,2024-08-14,37.0,Female,Clothing,Formal Shirt,1,860.35,South,860.35
4117,2025-06-16,49.0,Female,Sports,Yoga Mat,1,1921.02,North,1921.02
4118,2024-09-02,30.0,Female,Clothing,Winter Hoodie,4,502.68,East,2010.72
4119,2025-09-17,16.0,Female,Clothing,Cotton T-Shirt,1,847.85,South,847.85
4120,2024-07-01,27.0,Male,Electronics,Wireless Earbuds,1,4225.85,West,4225.85
4121,2025-08-31,31.0,Male,Home & Kitchen,Blender,1,1634.74,West,1634.74
4122,2025-01-24,51.0,Female,Clothing,Denim Jacket,1,826.45,West,826.45
4123,2025-04-05,28.0,Male,Home & Kitchen,Blender,2,904.6,West,1809.2
4124,2025-11-27,43.0,Female,Clothing,Cotton T-Shirt,1,528.67,East,528.67
4125,2024-02-27,45.0,Male,Beauty,Perfume,2,378.93,Central,757.86
4126,2025-09-06,61.0,Female,Home & Kitchen,Non-stick Pan,2,1449.69,North,2899.38
4127,2024-10-14,24.0,Male,Home & Kitchen,Table Lamp,4,1479.17,East,5916.68
4128,2025-03-09,26.0,Male,Clothing,Formal Shirt,2,926.68,Central,1853.36
4129,2025-04-01,24.0,Male,Clothing,Running Shoes,2,1341.54,South,2683.08
4130,2025-08-02,48.0,Female,Electronics,Smartwatch,1,1984.03,East,1984.03
4131,2024-06-03,16.0,Female,Electronics,Wireless Earbuds,2,2625.79,Central,5251.58
4132,2025-10-21,54.0,Male,Beauty,Face Serum,1,946.71,West,946.71
4133,2025-09-14,23.0,Female,Clothing,Cotton T-Shirt,2,1169.82,West,2339.64
4134,2024-04-11,24.0,Female,Sports,Cycling Helmet,1,1389.94,West,1389.94
4135,2025-02-08,19.0,Female,Sports,Cycling Helmet,1,2018.51,West,2018.51
4136,2024-08-10,25.0,Male,Electronics,Wireless Earbuds,1,4015.13,North,4015.13
4137,2025-01-14,53.0,Male,Electronics,Wireless Earbuds,2,3729.09,Central,7458.18
4138,2024-12-15,46.0,Female,Clothing,Cotton T-Shirt,2,1361.4,North,2722.8
4139,2025-10-13,46.0,Male,Electronics,Bluetooth Speaker,4,3990.5,North,15962.0
4140,2024-12-27,19.0,Male,Clothing,Denim Jacket,2,808.76,North,1617.52
4141,2025-02-02,34.0,Male,Electronics,Laptop Sleeve,1,3492.51,East,3492.51
4142,2025-09-03,42.0,Male,Clothing,Denim Jacket,1,1234.66,West,1234.66
4143,2025-08-17,33.0,Male,Home & Kitchen,Table Lamp,1,1225.61,Central,1225.61
4144,2024-04-05,39.0,Male,Beauty,Hair Dryer,3,369.26,North,1107.78
4145,2025-02-01,22.0,Male,Beauty,Sunscreen,1,824.6,Central,824.6
4146,2024-10-15,47.0,Female,Clothing,Formal Shirt,1,1476.77,North,1476.77
4147,2024-08-20,22.0,Female,Clothing,Cotton T-Shirt,1,939.36,Central,939.36
4148,2024-08-11,47.0,Male,Clothing,Cotton T-Shirt,1,1235.75,West,1235.75
4149,2025-03-24,23.0,Male,Sports,Yoga Mat,2,1879.56,East,3759.12
4150,2024-10-18,38.0,Male,Electronics,Wireless Earbuds,1,1919.1,South,1919.1
4151,2025-07-15,31.0,Male,Home & Kitchen,Non-stick Pan,1,1676.61,South,1676.61
4152,2024-08-23,16.0,Male,Sports,Football,1,1392.69,West,1392.69
4153,2024-06-22,22.0,Male,Home & Kitchen,Table Lamp,2,1621.0,West,3242.0
4154,2024-10-13,42.0,Male,Beauty,Lipstick Set,1,503.95,South,503.95
4155,2024-06-11,39.0,Male,Sports,Yoga Mat,1,1497.58,West,1497.58
4156,2025-11-12,33.0,Male,Electronics,Smartwatch,1,3112.05,South,3112.05
4157,2025-06-12,43.0,Female,Electronics,Power Bank,3,3621.47,West,10864.41
4158,2025-06-12,41.0,Female,Clothing,Cotton T-Shirt,3,607.76,West,1823.28
4159,2024-09-02,42.0,Female,Sports,Football,2,1735.76,North,3471.52
4160,2024-04-20,16.0,Female,Electronics,Laptop Sleeve,2,2617.13,East,5234.26
4161,2024-11-30,40.0,Female,Home & Kitchen,Blender,3,1429.07,North,4287.21
4162,2024-09-02,41.0,Male,Home & Kitchen,Non-stick Pan,1,1864.33,East,1864.33
4163,2025-02-17,29.0,Male,Electronics,Power Bank,1,2944.05,East,2944.05
4164,2025-02-25,23.0,Female,Beauty,Face Serum,1,566.58,West,566.58
4165,2025-06-01,18.0,Female,Electronics,Bluetooth Speaker,2,3805.34,North,7610.68
4166,2024-07-13,31.0,Female,Clothing,Running Shoes,1,876.43,East,876.43
4167,2024-04-05,16.0,Male,Clothing,Winter Hoodie,1,906.55,South,906.55
4168,2025-01-18,23.0,Male,Electronics,Smartwatch,3,2064.56,South,6193.68
4169,2024-12-10,16.0,Female,Home & Kitchen,Blender,2,1038.42,East,2076.84
4170,2025-06-21,49.0,Male,Clothing,Cotton T-Shirt,1,671.17,Central,671.17
4171,2024-03-31,47.0,Male,Clothing,Formal Shirt,2,1108.96,West,2217.92
4172,2024-12-03,22.0,Female,Electronics,Power Bank,1,3792.09,East,3792.09
4173,2025-07-28,40.0,Male,Clothing,Formal Shirt,1,770.16,East,770.16
4174,2025-12-09,19.0,Female,Clothing,Formal Shirt,3,1060.2,West,3180.6
4175,2025-06-16,18.0,Female,Sports,Cricket Bat,1,1364.36,South,1364.36
4176,2024-11-22,47.0,Female,Beauty,Perfume,2,514.95,West,1029.9
4177,2024-02-25,39.0,Female,Clothing,Running Shoes,1,537.42,East,537.42
4178,2024-08-16,16.0,Female,Electronics,Smartwatch,2,4181.06,East,8362.12
4179,2025-11-17,42.0,Female,Clothing,Cotton T-Shirt,2,387.83,South,775.66
4180,2024-08-05,34.0,Male,Clothing,Winter Hoodie,3,775.24,Central,2325.72
4181,2025-06-06,26.0,Female,Electronics,Bluetooth Speaker,4,4669.73,North,18678.92
4182,2025-03-20,21.0,Female,Beauty,Sunscreen,1,567.78,Central,567.78
4183,2024-11-02,40.0,Female,Sports,Dumbbell Set,2,1470.24,East,2940.48
4184,2024-07-07,42.0,Male,Beauty,Face Serum,1,805.99,West,805.99
4185,2024-10-31,39.0,Female,Electronics,Power Bank,2,1432.02,West,2864.04
4186,2025-01-19,35.0,Male,Clothing,Denim Jacket,4,766.0,Central,3064.0
4187,2025-04-20,43.0,Female,Sports,Cycling Helmet,1,1760.65,Central,1760.65
4188,2024-08-12,34.0,Male,Sports,Cricket Bat,1,1966.72,East,1966.72
4189,2024-05-28,37.0,Male,Home & Kitchen,Vacuum Flask,4,464.34,South,1857.36
4190,2024-03-17,57.0,Male,Home & Kitchen,Storage Rack,1,1670.78,North,1670.78
4191,2024-08-26,27.0,Male,Sports,Yoga Mat,1,1371.67,West,1371.67
4192,2024-10-02,41.0,Male,Sports,Cricket Bat,2,1189.91,Central,2379.82
4193,2025-09-28,41.0,Female,Clothing,Running Shoes,1,670.33,North,670.33
4194,2025-08-02,40.0,Female,Sports,Cricket Bat,3,1560.3,West,4680.9
4195,2025-04-16,29.0,Female,Sports,Football,1,1672.75,East,1672.75
4196,2024-09-25,16.0,Female,Clothing,Denim Jacket,1,1381.34,South,1381.34
4197,2025-01-06,20.0,Female,Sports,Football,2,1922.72,Central,3845.44
4198,2025-06-12,41.0,Male,Electronics,Bluetooth Speaker,1,1870.76,South,1870.76
4199,2025-03-19,32.0,Female,Sports,Cycling Helmet,1,1575.67,South,1575.67
4200,2025-04-13,22.0,Male,Sports,Yoga Mat,1,1471.93,West,1471.93
4201,2025-02-06,17.0,Male,Beauty,Perfume,2,731.69,West,1463.38
4202,2025-10-18,48.0,Female,Sports,Cycling Helmet,2,1877.46,North,3754.92
4203,2024-09-01,19.0,Female,Beauty,Lipstick Set,2,763.89,Central,1527.78
4204,2024-11-07,35.0,Male,Clothing,Formal Shirt,1,697.66,South,697.66
4205,2025-05-20,32.0,Male,Beauty,Perfume,1,650.36,South,650.36
4206,2025-03-22,30.0,Male,Beauty,Hair Dryer,1,539.53,North,539.53
4207,2025-05-27,54.0,Female,Electronics,Laptop Sleeve,1,3043.81,South,3043.81
4208,2024-05-17,35.0,Male,Beauty,Sunscreen,4,400.31,East,1601.24
4209,2025-05-21,51.0,Male,Beauty,Hair Dryer,1,616.53,East,616.53
4210,2025-01-24,33.0,Female,Electronics,Smartwatch,1,3500.56,East,3500.56
4211,2024-08-09,33.0,Male,Sports,Dumbbell Set,1,1282.23,East,1282.23
4212,2024-11-22,22.0,Female,Beauty,Sunscreen,3,348.09,South,1044.27
4213,2024-07-03,16.0,Female,Sports,Cycling Helmet,1,1860.87,West,1860.87
4214,2024-10-19,32.0,Female,Clothing,Denim Jacket,1,1294.79,South,1294.79
4215,2025-02-16,62.0,Female,Electronics,Wireless Earbuds,1,2163.97,Central,2163.97
4216,2025-01-21,38.0,Female,Beauty,Sunscreen,1,721.09,South,721.09
4217,2024-04-17,29.0,Male,Beauty,Face Serum,2,782.25,East,1564.5
4218,2024-06-22,30.0,Male,Electronics,Wireless Earbuds,1,2606.88,Central,2606.88
4219,2024-09-30,38.0,Female,Sports,Yoga Mat,1,1575.12,Central,1575.12
4220,2025-03-27,26.0,Female,Clothing,Formal Shirt,2,1147.26,West,2294.52
4221,2025-05-24,29.0,Male,Clothing,Formal Shirt,3,1219.28,West,3657.84
4222,2024-10-11,16.0,Female,Home & Kitchen,Blender,3,1402.07,East,4206.21
4223,2024-12-03,43.0,Male,Home & Kitchen,Storage Rack,2,1233.16,South,2466.32
4224,2024-12-07,46.0,Male,Electronics,Wireless Earbuds,1,3982.26,East,3982.26
4225,2025-01-06,16.0,Female,Home & Kitchen,Non-stick Pan,1,1481.11,Central,1481.11
4226,2024-07-04,26.0,Male,Sports,Cycling Helmet,3,1260.38,West,3781.14
4227,2025-07-10,22.0,Male,Sports,Football,1,1718.67,East,1718.67
4228,2024-12-16,31.0,Female,Beauty,Hair Dryer,1,609.63,Central,609.63
4229,2024-08-28,25.0,Female,Electronics,Power Bank,3,2358.4,North,7075.2
4230,2025-09-23,40.0,Female,Beauty,Perfume,2,754.3,West,1508.6
4231,2025-10-24,39.0,Male,Sports,Football,1,2064.23,West,2064.23
4232,2025-02-15,21.0,Male,Electronics,Laptop Sleeve,2,3222.75,South,6445.5
4233,2025-01-10,25.0,Male,Electronics,Smartwatch,1,2804.83,West,2804.83
4234,2024-11-24,26.0,Female,Sports,Yoga Mat,3,1096.32,West,3288.96
4235,2024-08-22,41.0,Male,Electronics,Wireless Earbuds,2,3962.42,West,7924.84
4236,2025-02-06,43.0,Female,Electronics,Power Bank,1,3089.64,South,3089.64
4237,2024-11-22,29.0,Female,Home & Kitchen,Table Lamp,1,1243.15,North,1243.15
4238,2025-03-18,45.0,Female,Beauty,Perfume,1,652.2,West,652.2
4239,2025-01-01,30.0,Female,Home & Kitchen,Blender,1,1642.99,North,1642.99
4240,2024-07-12,37.0,Female,Beauty,Face Serum,1,866.61,North,866.61
4241,2024-04-21,35.0,Female,Electronics,Bluetooth Speaker,1,3557.22,North,3557.22
4242,2025-06-10,53.0,Female,Sports,Football,4,1414.58,West,5658.32
4243,2024-12-22,32.0,Female,Sports,Football,3,1875.41,West,5626.23
4244,2024-08-02,26.0,Male,Clothing,Running Shoes,1,1212.93,West,1212.93
4245,2025-06-20,40.0,Female,Clothing,Running Shoes,3,800.07,East,2400.21
4246,2025-05-07,55.0,Female,Electronics,Power Bank,1,3027.62,South,3027.62
4247,2025-03-27,26.0,Male,Electronics,Smartwatch,1,2761.91,North,2761.91
4248,2025-01-24,24.0,Male,Sports,Cycling Helmet,3,1363.69,West,4091.07
4249,2025-06-22,18.0,Male,Clothing,Cotton T-Shirt,2,1251.42,East,2502.84
4250,2025-04-16,16.0,Female,Home & Kitchen,Table Lamp,2,714.48,South,1428.96
4251,2024-11-16,16.0,Female,Electronics,Laptop Sleeve,1,4066.01,West,4066.01
4252,2024-12-08,24.0,Female,Home & Kitchen,Blender,1,2060.4,Central,2060.4
4253,2025-03-29,30.0,Female,Beauty,Sunscreen,2,555.46,West,1110.92
4254,2025-01-26,30.0,Male,Clothing,Running Shoes,2,1066.83,Central,2133.66
4255,2024-06-30,16.0,Female,Beauty,Face Serum,2,714.77,West,1429.54
4256,2024-12-21,34.0,Male,Electronics,Smartwatch,1,3041.45,Central,3041.45
4257,2024-05-28,17.0,Male,Electronics,Power Bank,1,3914.73,Central,3914.73
4258,2025-08-29,36.0,Female,Clothing,Running Shoes,1,922.54,West,922.54
4259,2024-05-30,30.0,Male,Home & Kitchen,Storage Rack,1,2055.31,Central,2055.31
4260,2024-09-08,24.0,Male,Clothing,Denim Jacket,1,720.03,Central,720.03
4261,2024-10-21,53.0,Male,Clothing,Running Shoes,1,588.61,West,588.61
4262,2024-07-26,41.0,Male,Sports,Dumbbell Set,1,1634.63,East,1634.63
4263,2024-07-16,37.0,Male,Beauty,Perfume,4,627.3,East,2509.2
4264,2024-11-05,29.0,Male,Electronics,Power Bank,3,4001.0,West,12003.0
4265,2024-10-24,36.0,Male,Home & Kitchen,Non-stick Pan,1,997.49,South,997.49
4266,2025-01-23,20.0,Female,Electronics,Laptop Sleeve,1,3796.57,South,3796.57
4267,2025-06-14,31.0,Male,Beauty,Hair Dryer,2,741.01,North,1482.02
4268,2025-01-22,23.0,Female,Home & Kitchen,Storage Rack,1,1164.11,West,1164.11
4269,2024-07-03,28.0,Female,Home & Kitchen,Vacuum Flask,2,1526.93,North,3053.86
4270,2025-02-09,16.0,Female,Home & Kitchen,Vacuum Flask,4,1271.11,South,5084.44
4271,2024-12-20,28.0,Male,Electronics,Bluetooth Speaker,2,3193.67,Central,6387.34
4272,2025-02-15,39.0,Female,Electronics,Smartwatch,4,4124.91,South,16499.64
4273,2024-11-30,28.0,Female,Clothing,Denim Jacket,2,950.61,North,1901.22
4274,2025-12-28,27.0,Female,Clothing,Formal Shirt,3,499.17,East,1497.51
4275,2024-11-25,33.0,Male,Electronics,Bluetooth Speaker,1,3569.06,East,3569.06
4276,2025-04-19,37.0,Female,Electronics,Wireless Earbuds,1,4195.79,North,4195.79
4277,2024-08-19,59.0,Female,Sports,Cycling Helmet,4,1649.69,North,6598.76
4278,2025-04-15,29.0,Female,Home & Kitchen,Vacuum Flask,1,1605.39,South,1605.39
4279,2024-11-14,16.0,Female,Electronics,Bluetooth Speaker,1,3568.94,North,3568.94
4280,2025-03-05,45.0,Female,Electronics,Wireless Earbuds,3,2925.04,South,8775.12
4281,2025-08-05,34.0,Male,Sports,Football,2,2647.29,South,5294.58
4282,2025-09-28,35.0,Female,Clothing,Cotton T-Shirt,1,631.33,South,631.33
4283,2024-02-04,53.0,Male,Clothing,Winter Hoodie,2,1164.84,West,2329.68
4284,2025-06-05,40.0,Female,Sports,Yoga Mat,3,1958.71,South,5876.13
4285,2024-07-24,41.0,Male,Clothing,Formal Shirt,2,1218.18,West,2436.36
4286,2024-07-05,19.0,Female,Sports,Cricket Bat,3,1732.7,East,5198.1
4287,2024-08-24,32.0,Male,Beauty,Lipstick Set,2,486.72,North,973.44
4288,2025-08-20,28.0,Female,Electronics,Bluetooth Speaker,1,4418.51,East,4418.51
4289,2024-12-16,24.0,Female,Electronics,Laptop Sleeve,2,3965.88,North,7931.76
4290,2024-05-10,38.0,Female,Electronics,Wireless Earbuds,2,2910.09,West,5820.18
4291,2025-02-02,31.0,Female,Electronics,Bluetooth Speaker,4,3723.9,East,14895.6
4292,2024-09-10,28.0,Male,Electronics,Bluetooth Speaker,2,3233.34,Central,6466.68
4293,2024-11-10,36.0,Male,Clothing,Cotton T-Shirt,4,777.6,East,3110.4
4294,2025-10-01,45.0,Female,Electronics,Bluetooth Speaker,3,3056.69,West,9170.07
4295,2024-02-12,32.0,Male,Home & Kitchen,Non-stick Pan,1,1329.17,West,1329.17
4296,2024-07-05,16.0,Female,Sports,Cycling Helmet,2,1266.72,Central,2533.44
4297,2025-09-12,46.0,Female,Sports,Cricket Bat,1,1718.9,West,1718.9
4298,2024-11-07,23.0,Female,Beauty,Lipstick Set,3,535.38,South,1606.14
4299,2024-05-29,31.0,Female,Clothing,Cotton T-Shirt,2,871.14,West,1742.28
4300,2025-05-31,49.0,Female,Clothing,Winter Hoodie,4,968.97,West,3875.88
4301,2024-04-04,30.0,Female,Home & Kitchen,Table Lamp,1,1670.99,North,1670.99
4302,2025-10-28,32.0,Female,Home & Kitchen,Table Lamp,1,1893.74,Central,1893.74
4303,2024-06-10,46.0,Female,Electronics,Bluetooth Speaker,1,2955.21,North,2955.21
4304,2024-07-26,30.0,Female,Sports,Dumbbell Set,3,1308.14,Central,3924.42
4305,2024-08-12,45.0,Female,Home & Kitchen,Storage Rack,2,1710.37,Central,3420.74
4306,2024-11-05,26.0,Female,Sports,Football,2,1783.91,East,3567.82
4307,2025-02-08,38.0,Female,Clothing,Winter Hoodie,1,693.79,North,693.79
4308,2024-04-27,26.0,Female,Sports,Cricket Bat,1,1801.67,West,1801.67
4309,2025-06-07,29.0,Female,Beauty,Face Serum,1,904.75,North,904.75
4310,2024-08-03,42.0,Male,Clothing,Winter Hoodie,4,903.99,South,3615.96
4311,2024-11-25,26.0,Male,Electronics,Bluetooth Speaker,3,3362.04,West,10086.12
4312,2025-03-09,20.0,Female,Electronics,Laptop Sleeve,2,2373.76,West,4747.52
4313,2025-03-01,46.0,Female,Home & Kitchen,Storage Rack,1,1567.92,Central,1567.92
4314,2024-10-09,30.0,Female,Beauty,Lipstick Set,3,397.78,East,1193.34
4315,2025-03-25,41.0,Male,Electronics,Wireless Earbuds,1,3078.46,North,3078.46
4316,2025-01-19,50.0,Male,Sports,Football,2,1730.6,Central,3461.2
4317,2024-10-14,28.0,Male,Clothing,Cotton T-Shirt,4,995.65,East,3982.6
4318,2024-12-28,31.0,Female,Electronics,Smartwatch,2,3541.04,North,7082.08
4319,2024-12-26,39.0,Female,Sports,Cricket Bat,1,1857.94,East,1857.94
4320,2025-08-06,16.0,Female,Home & Kitchen,Non-stick Pan,1,1291.46,East,1291.46
4321,2024-11-03,36.0,Male,Home & Kitchen,Vacuum Flask,3,1556.37,Central,4669.11
4322,2025-02-26,57.0,Female,Clothing,Denim Jacket,2,1033.21,East,2066.42
4323,2024-09-27,46.0,Male,Home & Kitchen,Table Lamp,3,1522.34,North,4567.02
4324,2024-10-09,16.0,Male,Sports,Cricket Bat,1,1363.7,North,1363.7
4325,2025-11-20,16.0,Male,Clothing,Formal Shirt,1,1216.21,North,1216.21
4326,2024-09-08,30.0,Female,Home & Kitchen,Non-stick Pan,2,1542.59,South,3085.18
4327,2025-05-31,31.0,Male,Home & Kitchen,Blender,4,1746.45,North,6985.8
4328,2024-12-09,52.0,Female,Electronics,Wireless Earbuds,4,2547.54,East,10190.16
4329,2025-02-13,57.0,Female,Sports,Football,1,1530.7,South,1530.7
4330,2025-01-05,25.0,Female,Beauty,Sunscreen,3,708.54,East,2125.62
4331,2025-06-12,30.0,Male,Home & Kitchen,Vacuum Flask,1,1364.55,North,1364.55
4332,2025-03-05,16.0,Female,Clothing,Cotton T-Shirt,1,1067.41,Central,1067.41
4333,2024-10-17,35.0,Male,Clothing,Denim Jacket,1,827.09,East,827.09
4334,2025-07-15,39.0,Female,Clothing,Denim Jacket,2,1031.45,Central,2062.9
4335,2025-05-28,36.0,Male,Home & Kitchen,Storage Rack,2,1834.56,East,3669.12
4336,2025-01-23,31.0,Male,Clothing,Cotton T-Shirt,1,1196.37,East,1196.37
4337,2025-02-03,20.0,Male,Electronics,Bluetooth Speaker,3,1705.62,North,5116.86
4338,2025-01-30,33.0,Male,Clothing,Formal Shirt,1,1048.58,East,1048.58
4339,2025-06-22,40.0,Female,Clothing,Formal Shirt,2,993.59,West,1987.18
4340,2024-05-06,21.0,Male,Clothing,Winter Hoodie,1,947.4,North,947.4
4341,2024-12-25,36.0,Male,Sports,Yoga Mat,1,1725.5,East,1725.5
4342,2025-03-29,44.0,Female,Sports,Football,1,1906.24,Central,1906.24
4343,2025-11-14,43.0,Female,Clothing,Winter Hoodie,1,1117.79,South,1117.79
4344,2024-12-27,,Male,Electronics,Power Bank,2,4054.71,South,8109.42
4345,2024-10-16,22.0,Male,Home & Kitchen,Storage Rack,1,1333.77,South,1333.77
4346,2025-07-18,23.0,Female,Electronics,Wireless Earbuds,4,2514.1,North,10056.4
4347,2025-09-24,27.0,Female,Clothing,Running Shoes,1,1171.25,West,1171.25
4348,2025-06-21,41.0,Female,Beauty,Sunscreen,1,630.27,North,630.27
4349,2024-12-14,20.0,Female,Beauty,Face Serum,4,855.62,West,3422.48
4350,2024-10-28,23.0,Male,Electronics,Smartwatch,1,2790.4,East,2790.4
4351,2025-01-04,16.0,Male,Home & Kitchen,Vacuum Flask,1,2216.18,North,2216.18
4352,2024-05-28,16.0,Female,Beauty,Hair Dryer,1,715.71,South,715.71
4353,2024-11-07,16.0,Male,Clothing,Cotton T-Shirt,1,725.17,South,725.17
4354,2025-05-13,45.0,Male,Beauty,Sunscreen,3,870.93,South,2612.79
4355,2024-04-27,18.0,Female,Home & Kitchen,Vacuum Flask,4,1762.28,North,7049.12
4356,2025-02-13,56.0,Male,Beauty,Sunscreen,1,800.46,Central,800.46
4357,2025-09-15,31.0,Male,Beauty,Perfume,2,650.5,Central,1301.0
4358,2024-08-31,27.0,Female,Clothing,Running Shoes,1,848.15,East,848.15
4359,2025-02-11,40.0,Male,Home & Kitchen,Storage Rack,1,1394.26,West,1394.26
4360,2025-05-18,25.0,Male,Sports,Yoga Mat,4,1558.43,South,6233.72
4361,2024-03-06,34.0,Male,Electronics,Laptop Sleeve,3,4644.52,West,13933.56
4362,2025-02-12,21.0,Female,Clothing,Winter Hoodie,1,551.12,North,551.12
4363,2024-12-04,42.0,Male,Home & Kitchen,Table Lamp,2,1365.93,West,2731.86
4364,2024-11-08,49.0,Female,Home & Kitchen,Non-stick Pan,1,1479.52,West,1479.52
4365,2025-01-05,53.0,Female,Sports,Cricket Bat,1,1389.14,Central,1389.14
4366,2024-12-08,35.0,Female,Sports,Cricket Bat,4,1318.71,South,5274.84
4367,2024-10-11,50.0,Male,Clothing,Running Shoes,2,863.84,West,1727.68
4368,2024-05-31,51.0,Male,Clothing,Formal Shirt,1,1037.56,Central,1037.56
4369,2024-12-21,35.0,Male,Beauty,Sunscreen,1,653.96,North,653.96
4370,2025-07-17,42.0,Female,Clothing,Denim Jacket,1,1079.33,East,1079.33
4371,2024-10-17,,Male,Electronics,Laptop Sleeve,2,3430.28,East,6860.56
4372,2025-01-14,28.0,Female,Home & Kitchen,Storage Rack,4,1001.27,North,4005.08
4373,2024-09-30,35.0,Female,Clothing,Cotton T-Shirt,1,1277.24,North,1277.24
4374,2024-07-06,32.0,Female,Electronics,Wireless Earbuds,1,3304.96,North,3304.96
4375,2025-03-09,47.0,Male,Clothing,Cotton T-Shirt,1,971.12,West,971.12
4376,2025-02-27,37.0,Female,Home & Kitchen,Non-stick Pan,1,1680.25,North,1680.25
4377,2025-06-18,37.0,Male,Clothing,Cotton T-Shirt,1,1304.04,West,1304.04
4378,2025-03-13,19.0,Male,Electronics,Smartwatch,1,3526.52,East,3526.52
4379,2024-08-07,38.0,Male,Clothing,Winter Hoodie,3,873.3,North,2619.9
4380,2025-01-26,33.0,Female,Electronics,Wireless Earbuds,2,2787.69,South,5575.38
4381,2025-06-06,20.0,Male,Clothing,Denim Jacket,2,626.44,Central,1252.88
4382,2024-05-27,34.0,Female,Beauty,Face Serum,1,679.22,South,679.22
4383,2024-04-17,39.0,Female,Clothing,Denim Jacket,1,773.6,West,773.6
4384,2024-12-29,36.0,Male,Clothing,Formal Shirt,1,1036.56,East,1036.56
4385,2025-02-06,18.0,Female,Beauty,Perfume,3,743.31,East,2229.93
4386,2025-01-27,31.0,Male,Clothing,Running Shoes,2,1013.92,South,2027.84
4387,2024-12-13,38.0,Female,Electronics,Laptop Sleeve,3,2283.63,West,6850.89
4388,2024-10-16,42.0,Male,Sports,Yoga Mat,3,1419.33,Central,4257.99
4389,2024-07-24,48.0,Female,Home & Kitchen,Storage Rack,1,1350.03,East,1350.03
4390,2025-06-23,32.0,Female,Sports,Cricket Bat,1,1688.96,East,1688.96
4391,2025-06-29,40.0,Male,Home & Kitchen,Non-stick Pan,2,1610.19,East,3220.38
4392,2024-11-20,18.0,Female,Clothing,Running Shoes,1,1331.03,West,1331.03
4393,2025-07-06,38.0,Male,Beauty,Face Serum,1,456.99,North,456.99
4394,2024-05-29,45.0,Female,Electronics,Laptop Sleeve,1,2552.31,South,2552.31
4395,2025-01-10,62.0,Male,Home & Kitchen,Storage Rack,1,1404.13,East,1404.13
4396,2024-06-14,42.0,Male,Home & Kitchen,Blender,1,1169.02,South,1169.02
4397,2025-04-18,37.0,Female,Beauty,Face Serum,2,671.68,West,1343.36
4398,2024-10-07,44.0,Male,Electronics,Bluetooth Speaker,1,3135.79,West,3135.79
4399,2024-03-10,28.0,Female,Home & Kitchen,Vacuum Flask,1,1303.2,West,1303.2
4400,2025-08-25,46.0,Female,Home & Kitchen,Storage Rack,3,1022.33,South,3066.99
4401,2024-08-31,52.0,Female,Home & Kitchen,Non-stick Pan,1,1190.73,East,1190.73
4402,2025-04-24,33.0,Male,Electronics,Power Bank,3,3124.04,East,9372.12
4403,2024-04-05,25.0,Male,Electronics,Power Bank,1,3258.89,South,3258.89
4404,2025-06-03,16.0,Female,Clothing,Formal Shirt,1,847.35,Central,847.35
4405,2025-02-27,28.0,Male,Home & Kitchen,Blender,3,1179.57,East,3538.71
4406,2024-12-26,39.0,Male,Beauty,Perfume,1,621.0,East,621.0
4407,2025-06-15,38.0,Female,Electronics,Bluetooth Speaker,1,4296.28,North,4296.28
4408,2025-05-03,26.0,Male,Beauty,Sunscreen,1,951.71,East,951.71
4409,2025-10-18,56.0,Female,Sports,Yoga Mat,1,1905.41,Central,1905.41
4410,2024-04-11,39.0,Male,Beauty,Perfume,2,402.93,East,805.86
4411,2025-05-05,32.0,Male,Sports,Cricket Bat,2,1429.35,North,2858.7
4412,2025-09-21,28.0,Female,Clothing,Running Shoes,1,1283.45,Central,1283.45
4413,2025-07-28,23.0,Female,Electronics,Laptop Sleeve,1,4290.25,South,4290.25
4414,2025-07-19,45.0,Male,Electronics,Laptop Sleeve,1,3487.82,East,3487.82
4415,2025-04-29,24.0,Male,Home & Kitchen,Table Lamp,1,1675.01,North,1675.01
4416,2024-05-10,33.0,Female,Electronics,Wireless Earbuds,1,2163.84,Central,2163.84
4417,2024-09-13,49.0,Male,Home & Kitchen,Non-stick Pan,1,1421.68,South,1421.68
4418,2025-04-07,55.0,Female,Sports,Dumbbell Set,2,1421.47,Central,2842.94
4419,2025-09-19,28.0,Male,Electronics,Bluetooth Speaker,1,2295.82,West,2295.82
4420,2024-05-01,24.0,Male,Sports,Cricket Bat,1,2365.3,South,2365.3
4421,2025-02-21,35.0,Female,Electronics,Wireless Earbuds,1,3153.79,West,3153.79
4422,2024-04-26,26.0,Female,Electronics,Power Bank,2,2638.27,West,5276.54
4423,2025-09-14,35.0,Male,Electronics,Power Bank,1,3713.05,Central,3713.05
4424,2024-07-24,48.0,Female,Home & Kitchen,Non-stick Pan,2,1044.47,Central,2088.94
4425,2025-02-24,45.0,Male,Home & Kitchen,Table Lamp,2,1193.62,East,2387.24
4426,2024-05-19,26.0,Male,Electronics,Power Bank,1,4580.68,West,4580.68
4427,2024-07-22,26.0,Male,Electronics,Wireless Earbuds,1,3423.68,East,3423.68
4428,2024-11-11,27.0,Male,Electronics,Smartwatch,4,2594.59,North,10378.36
4429,2025-03-18,37.0,Female,Electronics,Bluetooth Speaker,3,2523.15,South,7569.45
4430,2025-05-08,43.0,Male,Clothing,Formal Shirt,1,1258.32,North,1258.32
4431,2025-05-10,30.0,Female,Clothing,Cotton T-Shirt,2,1097.64,South,2195.28
4432,2025-01-16,54.0,Female,Electronics,Bluetooth Speaker,2,1816.16,North,3632.32
4433,2025-05-08,44.0,Female,Electronics,Bluetooth Speaker,1,3250.53,West,3250.53
4434,2025-04-27,46.0,Female,Electronics,Power Bank,4,3385.9,South,13543.6
4435,2025-08-02,42.0,Female,Home & Kitchen,Table Lamp,1,1942.63,East,1942.63
4436,2025-03-31,49.0,Female,Clothing,Running Shoes,4,943.2,East,3772.8
4437,2024-06-07,26.0,Male,Sports,Yoga Mat,2,1952.9,West,3905.8
4438,2025-04-21,16.0,Male,Home & Kitchen,Blender,3,1533.91,North,4601.73
4439,2024-10-18,19.0,Male,Clothing,Formal Shirt,1,536.16,Central,536.16
4440,2025-09-21,22.0,Male,Home & Kitchen,Blender,1,1681.3,West,1681.3
4441,2024-03-16,34.0,Female,Clothing,Formal Shirt,1,922.02,Central,922.02
4442,2025-08-04,43.0,Male,Clothing,Denim Jacket,1,660.04,South,660.04
4443,2025-02-23,24.0,Male,Clothing,Running Shoes,4,1097.08,Central,4388.32
4444,2025-03-26,41.0,Female,Clothing,Cotton T-Shirt,1,509.1,East,509.1
4445,2024-07-11,48.0,Male,Clothing,Cotton T-Shirt,1,894.75,East,894.75
4446,2025-05-24,31.0,Female,Clothing,Denim Jacket,1,850.83,East,850.83
4447,2024-09-07,43.0,Female,Sports,Football,3,1930.96,West,5792.88
4448,2024-11-20,23.0,Male,Clothing,Formal Shirt,2,998.97,West,1997.94
4449,2024-10-21,43.0,Female,Clothing,Formal Shirt,2,1581.39,East,3162.78
4450,2025-01-19,21.0,Female,Beauty,Hair Dryer,2,521.61,East,1043.22
4451,2024-06-17,38.0,Male,Sports,Dumbbell Set,1,1398.6,North,1398.6
4452,2024-05-28,16.0,Female,Sports,Yoga Mat,1,1558.99,West,1558.99
4453,2025-06-28,44.0,Female,Electronics,Smartwatch,3,2865.74,East,8597.22
4454,2025-04-21,38.0,Male,Sports,Dumbbell Set,1,1579.73,North,1579.73
4455,2025-07-18,70.0,Female,Clothing,Denim Jacket,1,901.54,North,901.54
4456,2025-01-22,24.0,Male,Beauty,Perfume,2,706.1,West,1412.2
4457,2024-02-14,59.0,Male,Electronics,Power Bank,1,3408.67,East,3408.67
4458,2024-05-23,32.0,Female,Electronics,Bluetooth Speaker,1,1313.4,West,1313.4
4459,2024-03-04,43.0,Male,Electronics,Bluetooth Speaker,4,3248.94,North,12995.76
4460,2025-03-10,28.0,Male,Sports,Yoga Mat,1,2128.42,South,2128.42
4461,2025-05-07,48.0,Male,Sports,Dumbbell Set,3,1532.21,East,4596.63
4462,2024-06-05,39.0,Male,Electronics,Wireless Earbuds,1,3408.44,East,3408.44
4463,2025-03-15,40.0,Female,Home & Kitchen,Storage Rack,1,829.19,North,829.19
4464,2024-11-09,18.0,Male,Sports,Cycling Helmet,4,1291.66,North,5166.64
4465,2025-05-06,29.0,Male,Electronics,Smartwatch,1,3179.71,East,3179.71
4466,2024-04-27,37.0,Male,Clothing,Running Shoes,1,805.36,West,805.36
4467,2025-09-03,42.0,Male,Beauty,Hair Dryer,1,485.75,East,485.75
4468,2025-07-09,22.0,Male,Electronics,Laptop Sleeve,2,1309.89,West,2619.78
4469,2025-10-20,56.0,Male,Home & Kitchen,Vacuum Flask,1,1144.19,Central,1144.19
4470,2024-06-17,36.0,Female,Beauty,Perfume,3,920.82,North,2762.46
4471,2025-01-19,26.0,Female,Electronics,Power Bank,4,1679.92,North,6719.68
4472,2025-04-23,35.0,Male,Clothing,Denim Jacket,3,878.03,East,2634.09
4473,2024-10-06,38.0,Male,Electronics,Wireless Earbuds,2,2112.85,East,4225.7
4474,2025-06-24,30.0,Female,Home & Kitchen,Table Lamp,1,1299.84,Central,1299.84
4475,2025-05-25,28.0,Male,Beauty,Lipstick Set,4,819.21,South,3276.84
4476,2024-04-29,33.0,Female,Beauty,Lipstick Set,2,648.93,East,1297.86
4477,2024-05-09,19.0,Female,Home & Kitchen,Non-stick Pan,2,1321.86,West,2643.72
4478,2025-10-13,46.0,Female,Clothing,Winter Hoodie,1,894.37,South,894.37
4479,2024-07-06,27.0,Male,Electronics,Power Bank,3,3026.99,North,9080.97
4480,2025-03-18,40.0,Female,Sports,Football,1,1212.52,South,1212.52
4481,2025-03-28,40.0,Male,Home & Kitchen,Vacuum Flask,3,1985.03,Central,5955.09
4482,2025-05-05,46.0,Female,Clothing,Denim Jacket,3,888.54,North,2665.62
4483,2024-11-04,34.0,Female,Electronics,Bluetooth Speaker,3,2886.53,Central,8659.59
4484,2024-11-21,24.0,Male,Clothing,Winter Hoodie,1,1101.06,South,1101.06
4485,2024-12-23,28.0,Female,Electronics,Laptop Sleeve,2,3208.24,South,6416.48
4486,2025-02-01,16.0,Female,Clothing,Winter Hoodie,1,1045.23,East,1045.23
4487,2024-12-04,45.0,Female,Beauty,Perfume,1,868.24,East,868.24
4488,2024-10-14,33.0,Female,Clothing,Formal Shirt,3,672.18,West,2016.54
4489,2024-07-31,54.0,Male,Electronics,Laptop Sleeve,2,2100.2,South,4200.4
4490,2025-06-26,38.0,Male,Clothing,Winter Hoodie,1,933.35,West,933.35
4491,2024-08-22,32.0,Female,Clothing,Running Shoes,1,680.77,East,680.77
4492,2024-09-18,36.0,Female,Home & Kitchen,Non-stick Pan,3,813.77,East,2441.31
4493,2025-04-03,29.0,Female,Clothing,Winter Hoodie,3,1232.81,North,3698.43
4494,2024-06-04,30.0,Male,Beauty,Perfume,1,590.9,West,590.9
4495,2025-11-13,34.0,Female,Electronics,Laptop Sleeve,3,3826.54,West,11479.62
4496,2025-04-01,30.0,Male,Home & Kitchen,Table Lamp,1,1318.26,North,1318.26
4497,2024-07-26,50.0,Female,Sports,Dumbbell Set,1,1395.92,West,1395.92
4498,2025-03-09,24.0,Female,Clothing,Denim Jacket,2,632.09,West,1264.18
4499,2025-06-29,20.0,Male,Beauty,Face Serum,2,532.87,East,1065.74
4500,2025-03-14,26.0,Female,Clothing,Winter Hoodie,1,1204.82,West,1204.82
4501,2025-03-31,32.0,Female,Clothing,Winter Hoodie,1,1364.1,East,1364.1
4502,2025-06-11,16.0,Male,Beauty,Perfume,3,735.85,West,2207.55
4503,2025-04-28,17.0,Female,Clothing,Formal Shirt,2,1060.44,Central,2120.88
4504,2025-03-13,22.0,Male,Clothing,Running Shoes,1,714.6,West,714.6
4505,2025-06-26,44.0,Male,Beauty,Face Serum,1,517.89,East,517.89
4506,2024-08-31,23.0,Female,Electronics,Smartwatch,1,4502.94,South,4502.94
4507,2024-12-16,50.0,Male,Electronics,Smartwatch,1,2511.67,West,2511.67
4508,2025-07-21,43.0,Male,Home & Kitchen,Non-stick Pan,1,996.61,West,996.61
4509,2025-07-26,21.0,Female,Beauty,Perfume,2,776.89,Central,1553.78
4510,2025-05-01,30.0,Female,Clothing,Running Shoes,4,906.39,East,3625.56
4511,2025-07-21,23.0,Female,Home & Kitchen,Blender,4,1255.18,East,5020.72
4512,2024-07-17,27.0,Female,Home & Kitchen,Table Lamp,1,999.11,Central,999.11
4513,2025-03-10,47.0,Male,Electronics,Smartwatch,2,3131.46,North,6262.92
4514,2025-03-28,40.0,Female,Electronics,Laptop Sleeve,2,2364.7,North,4729.4
4515,2024-07-02,24.0,Female,Beauty,Perfume,2,708.88,East,1417.76
4516,2025-03-19,25.0,Female,Electronics,Smartwatch,3,3229.47,North,9688.41
4517,2024-10-23,38.0,Female,Electronics,Bluetooth Speaker,4,1593.57,North,6374.28
4518,2024-03-13,36.0,Female,Electronics,Smartwatch,1,3631.3,North,3631.3
4519,2024-05-23,41.0,Male,Electronics,Power Bank,1,1308.31,West,1308.31
4520,2025-06-26,58.0,Female,Sports,Football,3,2109.64,North,6328.92
4521,2025-03-24,36.0,Female,Electronics,Wireless Earbuds,1,3081.1,East,3081.1
4522,2025-09-11,35.0,Female,Clothing,Formal Shirt,4,1150.96,West,4603.84
4523,2025-06-22,43.0,Female,Clothing,Formal Shirt,2,1069.04,North,2138.08
4524,2025-06-24,47.0,Female,Clothing,Formal Shirt,2,468.61,South,937.22
4525,2025-01-29,24.0,Male,Electronics,Power Bank,1,2895.34,East,2895.34
4526,2024-08-29,24.0,Female,Clothing,Winter Hoodie,1,790.75,South,790.75
4527,2024-06-27,35.0,Male,Clothing,Cotton T-Shirt,2,858.44,West,1716.88
4528,2024-12-23,46.0,Male,Electronics,Bluetooth Speaker,3,4208.12,West,12624.36
4529,2024-03-19,43.0,Female,Electronics,Laptop Sleeve,4,3050.43,South,12201.72
4530,2025-02-03,21.0,Female,Sports,Dumbbell Set,2,1795.29,West,3590.58
4531,2024-03-25,18.0,Female,Clothing,Cotton T-Shirt,2,1111.41,West,2222.82
4532,2024-07-04,33.0,Female,Clothing,Running Shoes,2,1043.55,West,2087.1
4533,2025-02-06,33.0,Female,Beauty,Lipstick Set,4,929.63,West,3718.52
4534,2025-06-29,33.0,Male,Clothing,Formal Shirt,1,444.27,North,444.27
4535,2025-07-12,42.0,Female,Sports,Dumbbell Set,1,1975.8,North,1975.8
4536,2025-02-27,33.0,Female,Electronics,Laptop Sleeve,1,3279.0,West,3279.0
4537,2025-11-15,34.0,Male,Electronics,Wireless Earbuds,1,4313.33,South,4313.33
4538,2025-08-23,39.0,Male,Clothing,Running Shoes,1,550.96,West,550.96
4539,2024-12-29,54.0,Male,Clothing,Cotton T-Shirt,1,1188.46,South,1188.46
4540,2025-09-15,29.0,Male,Clothing,Formal Shirt,3,1091.27,South,3273.81
4541,2024-07-30,29.0,Male,Electronics,Smartwatch,2,3770.99,Central,7541.98
4542,2025-07-01,43.0,Male,Beauty,Perfume,1,601.57,Central,601.57
4543,2025-07-24,24.0,Male,Beauty,Hair Dryer,1,487.7,East,487.7
4544,2025-02-24,30.0,Male,Clothing,Cotton T-Shirt,1,932.17,South,932.17
4545,2025-03-20,43.0,Male,Electronics,Power Bank,3,3502.84,South,10508.52
4546,2024-10-28,34.0,Female,Beauty,Sunscreen,3,715.27,East,2145.81
4547,2024-11-01,52.0,Male,Clothing,Cotton T-Shirt,1,315.36,Central,315.36
4548,2024-10-26,22.0,Male,Clothing,Cotton T-Shirt,1,1417.04,South,1417.04
4549,2024-02-06,44.0,Male,Sports,Dumbbell Set,1,1384.78,East,1384.78
4550,2025-08-30,43.0,Male,Beauty,Perfume,2,564.78,South,1129.56
4551,2024-09-20,47.0,Male,Sports,Dumbbell Set,1,2230.28,Central,2230.28
4552,2025-05-28,47.0,Male,Electronics,Laptop Sleeve,2,1533.31,Central,3066.62
4553,2025-08-15,18.0,Female,Beauty,Face Serum,2,644.41,Central,1288.82
4554,2025-10-29,40.0,Female,Sports,Cycling Helmet,3,1518.27,East,4554.81
4555,2024-05-23,27.0,Female,Beauty,Sunscreen,1,692.45,West,692.45
4556,2024-10-22,41.0,Female,Electronics,Smartwatch,1,4069.23,South,4069.23
4557,2025-04-06,35.0,Female,Beauty,Lipstick Set,3,460.2,West,1380.6
4558,2024-06-12,20.0,Female,Home & Kitchen,Table Lamp,1,1217.94,West,1217.94
4559,2024-12-11,47.0,Male,Electronics,Smartwatch,1,2962.22,East,2962.22
4560,2025-02-09,44.0,Female,Electronics,Laptop Sleeve,1,2957.34,East,2957.34
4561,2025-02-10,45.0,Female,Clothing,Winter Hoodie,1,851.75,North,851.75
4562,2025-07-29,16.0,Male,Clothing,Denim Jacket,1,1079.53,North,1079.53
4563,2025-06-05,37.0,Female,Electronics,Power Bank,3,1969.61,South,5908.83
4564,2025-01-06,33.0,Male,Beauty,Hair Dryer,2,558.85,East,1117.7
4565,2025-03-14,38.0,Male,Sports,Cricket Bat,1,755.78,South,755.78
4566,2025-10-22,30.0,Male,Clothing,Cotton T-Shirt,1,1008.3,Central,1008.3
4567,2024-06-03,26.0,Female,Electronics,Bluetooth Speaker,1,4252.93,West,4252.93
4568,2024-10-11,32.0,Male,Beauty,Lipstick Set,1,703.41,Central,703.41
4569,2025-01-28,24.0,Male,Electronics,Laptop Sleeve,2,1948.3,West,3896.6
4570,2025-02-23,47.0,Male,Home & Kitchen,Non-stick Pan,1,1555.03,West,1555.03
4571,2024-09-03,27.0,Female,Home & Kitchen,Non-stick Pan,2,1008.26,East,2016.52
4572,2024-09-27,41.0,Female,Electronics,Bluetooth Speaker,1,3938.07,Central,3938.07
4573,2024-03-11,29.0,Male,Sports,Football,3,1970.74,South,5912.22
4574,2025-04-17,20.0,Male,Sports,Dumbbell Set,3,2530.53,Central,7591.59
4575,2025-05-16,40.0,Female,Beauty,Lipstick Set,1,922.63,North,922.63
4576,2025-07-04,16.0,Female,Clothing,Formal Shirt,3,1242.59,Central,3727.77
4577,2024-11-16,51.0,Female,Beauty,Face Serum,2,668.93,South,1337.86
4578,2025-07-12,30.0,Male,Clothing,Denim Jacket,1,1295.01,Central,1295.01
4579,2024-11-27,30.0,Male,Electronics,Power Bank,1,4391.03,West,4391.03
4580,2024-09-29,40.0,Male,Electronics,Smartwatch,2,3676.51,Central,7353.02
4581,2025-07-06,33.0,Male,Home & Kitchen,Blender,1,1161.19,East,1161.19
4582,2024-12-26,56.0,Female,Home & Kitchen,Blender,3,1087.23,North,3261.69
4583,2025-08-14,29.0,Female,Home & Kitchen,Blender,2,1677.35,South,3354.7
4584,2025-09-04,19.0,Female,Electronics,Wireless Earbuds,3,3002.67,South,9008.01
4585,2025-03-08,32.0,Female,Electronics,Laptop Sleeve,2,4120.1,East,8240.2
4586,2025-07-24,25.0,Female,Home & Kitchen,Storage Rack,2,1695.18,East,3390.36
4587,2025-01-02,22.0,Female,Sports,Football,4,1153.13,North,4612.52
4588,2025-04-19,44.0,Male,Clothing,Winter Hoodie,1,936.57,West,936.57
4589,2025-10-28,17.0,Male,Home & Kitchen,Storage Rack,1,1580.59,West,1580.59
4590,2025-02-27,34.0,Male,Sports,Yoga Mat,1,1531.1,North,1531.1
4591,2024-08-03,34.0,Female,Home & Kitchen,Non-stick Pan,1,1419.77,West,1419.77
4592,2024-07-06,47.0,Male,Sports,Cycling Helmet,3,1842.81,South,5528.43
4593,2024-09-09,38.0,Female,Sports,Cycling Helmet,1,1466.27,South,1466.27
4594,2024-12-20,25.0,Female,Electronics,Smartwatch,3,3915.43,South,11746.29
4595,2025-03-27,41.0,Male,Clothing,Formal Shirt,2,582.44,South,1164.88
4596,2024-07-18,44.0,Male,Home & Kitchen,Blender,1,1162.23,West,1162.23
4597,2024-06-02,44.0,Female,Beauty,Lipstick Set,4,611.75,Central,2447.0
4598,2024-11-19,17.0,Female,Clothing,Running Shoes,2,886.42,West,1772.84
4599,2024-06-10,24.0,Female,Electronics,Smartwatch,1,3339.34,North,3339.34
4600,2024-06-06,35.0,Male,Clothing,Cotton T-Shirt,4,742.58,West,2970.32
4601,2024-06-28,33.0,Male,Electronics,Wireless Earbuds,2,2186.7,Central,4373.4
4602,2025-01-29,29.0,Female,Beauty,Sunscreen,3,910.97,Central,2732.91
4603,2025-01-06,41.0,Female,Beauty,Perfume,1,855.37,East,855.37
4604,2024-08-24,47.0,Female,Electronics,Smartwatch,1,3342.61,West,3342.61
4605,2025-05-11,21.0,Female,Electronics,Smartwatch,1,3582.28,Central,3582.28
4606,2024-10-23,29.0,Female,Beauty,Perfume,2,568.1,West,1136.2
4607,2025-01-12,22.0,Female,Beauty,Lipstick Set,1,612.85,North,612.85
4608,2025-05-31,40.0,Male,Electronics,Power Bank,2,2944.79,East,5889.58
4609,2024-02-07,49.0,Female,Home & Kitchen,Vacuum Flask,1,1687.53,South,1687.53
4610,2025-08-06,26.0,Male,Sports,Football,1,1859.73,West,1859.73
4611,2024-03-21,21.0,Male,Home & Kitchen,Table Lamp,1,1015.03,West,1015.03
4612,2025-03-26,30.0,Male,Clothing,Cotton T-Shirt,1,513.96,North,513.96
4613,2024-12-11,42.0,Female,Clothing,Running Shoes,2,943.73,South,1887.46
4614,2025-02-20,16.0,Male,Electronics,Laptop Sleeve,1,3827.72,East,3827.72
4615,2025-07-27,56.0,Female,Clothing,Denim Jacket,1,1327.21,Central,1327.21
4616,2024-12-20,27.0,Female,Clothing,Cotton T-Shirt,1,711.23,East,711.23
4617,2025-03-01,28.0,Female,Sports,Yoga Mat,3,1200.26,East,3600.78
4618,2024-02-22,39.0,Male,Sports,Cricket Bat,2,927.45,Central,1854.9
4619,2024-09-11,39.0,Male,Electronics,Bluetooth Speaker,1,4769.98,South,4769.98
4620,2025-04-23,40.0,Male,Electronics,Laptop Sleeve,1,3260.93,North,3260.93
4621,2024-08-30,38.0,Female,Electronics,Power Bank,1,3848.89,East,3848.89
4622,2024-09-06,30.0,Male,Electronics,Power Bank,4,4340.31,North,17361.24
4623,2025-01-30,35.0,Male,Beauty,Sunscreen,1,755.02,North,755.02
4624,2024-04-17,41.0,Male,Beauty,Lipstick Set,1,487.2,Central,487.2
4625,2024-02-21,35.0,Male,Electronics,Bluetooth Speaker,1,2954.83,South,2954.83
4626,2024-05-03,23.0,Male,Clothing,Denim Jacket,2,758.6,North,1517.2
4627,2024-08-20,32.0,Female,Clothing,Running Shoes,1,1126.78,West,1126.78
4628,2025-03-22,44.0,Female,Sports,Football,1,1674.43,Central,1674.43
4629,2025-09-27,19.0,Male,Clothing,Winter Hoodie,2,344.73,East,689.46
4630,2024-07-31,16.0,Male,Beauty,Lipstick Set,3,712.6,North,2137.8
4631,2024-05-12,50.0,Female,Home & Kitchen,Vacuum Flask,1,1686.19,East,1686.19
4632,2025-01-08,49.0,Male,Sports,Cricket Bat,2,1586.29,South,3172.58
4633,2025-06-29,29.0,Male,Clothing,Cotton T-Shirt,2,981.57,South,1963.14
4634,2024-12-02,32.0,Female,Home & Kitchen,Table Lamp,1,1195.15,Central,1195.15
4635,2024-02-18,49.0,Female,Home & Kitchen,Non-stick Pan,4,1914.51,Central,7658.04
4636,2024-12-30,45.0,Female,Electronics,Wireless Earbuds,4,1967.71,West,7870.84
4637,2025-03-31,17.0,Female,Home & Kitchen,Vacuum Flask,1,1210.89,Central,1210.89
4638,2024-07-27,30.0,Female,Sports,Yoga Mat,1,1259.56,West,1259.56
4639,2024-06-30,51.0,Female,Clothing,Cotton T-Shirt,1,809.68,Central,809.68
4640,2025-07-05,28.0,Male,Beauty,Sunscreen,1,485.35,South,485.35
4641,2025-01-01,32.0,Female,Clothing,Denim Jacket,3,1503.18,North,4509.54
4642,2025-04-13,53.0,Female,Home & Kitchen,Blender,1,1521.97,North,1521.97
4643,2025-08-04,33.0,Female,Sports,Cycling Helmet,1,1378.0,West,1378.0
4644,2024-09-12,35.0,Male,Home & Kitchen,Storage Rack,2,1396.71,East,2793.42
4645,2025-12-01,16.0,Male,Beauty,Hair Dryer,1,312.61,East,312.61
4646,2025-01-20,40.0,Male,Beauty,Lipstick Set,1,762.41,West,762.41
4647,2025-03-04,33.0,Male,Home & Kitchen,Storage Rack,1,1617.94,West,1617.94
4648,2025-07-14,30.0,Male,Sports,Yoga Mat,1,2288.22,South,2288.22
4649,2025-04-15,24.0,Female,Electronics,Wireless Earbuds,3,3263.68,North,9791.04
4650,2025-07-18,29.0,Male,Clothing,Denim Jacket,1,956.57,West,956.57
4651,2025-01-06,23.0,Female,Clothing,Running Shoes,2,816.64,East,1633.28
4652,2025-01-06,24.0,Male,Clothing,Cotton T-Shirt,1,532.04,Central,532.04
4653,2025-01-07,44.0,Female,Sports,Dumbbell Set,4,1969.81,East,7879.24
4654,2024-11-07,64.0,Male,Home & Kitchen,Storage Rack,1,1766.7,North,1766.7
4655,2024-11-29,20.0,Female,Beauty,Sunscreen,1,818.39,Central,818.39
4656,2025-05-11,29.0,Female,Home & Kitchen,Table Lamp,3,1311.75,North,3935.25
4657,2025-01-03,22.0,Female,Home & Kitchen,Table Lamp,2,1439.91,West,2879.82
4658,2025-05-24,,Male,Electronics,Power Bank,2,2900.76,South,5801.52
4659,2024-10-23,50.0,Male,Clothing,Cotton T-Shirt,1,1107.47,West,1107.47
4660,2024-12-18,49.0,Female,Beauty,Perfume,3,844.34,South,2533.02
4661,2025-05-19,35.0,Male,Clothing,Formal Shirt,1,1105.92,North,1105.92
4662,2024-11-04,46.0,Female,Electronics,Wireless Earbuds,2,2990.41,East,5980.82
4663,2024-12-16,27.0,Female,Sports,Yoga Mat,1,1221.94,North,1221.94
4664,2024-06-24,56.0,Female,Electronics,Smartwatch,1,3721.12,West,3721.12
4665,2024-11-07,28.0,Female,Beauty,Perfume,1,597.22,West,597.22
4666,2025-02-19,24.0,Female,Electronics,Laptop Sleeve,1,4329.07,East,4329.07
4667,2025-08-27,38.0,Male,Home & Kitchen,Table Lamp,2,1673.18,East,3346.36
4668,2024-10-02,33.0,Female,Home & Kitchen,Non-stick Pan,1,1538.67,East,1538.67
4669,2025-09-22,46.0,Male,Home & Kitchen,Blender,1,1456.99,West,1456.99
4670,2024-10-11,25.0,Female,Electronics,Wireless Earbuds,2,2773.77,South,5547.54
4671,2025-01-10,44.0,Female,Beauty,Hair Dryer,2,631.17,South,1262.34
4672,2025-03-14,38.0,Male,Electronics,Wireless Earbuds,1,3100.43,Central,3100.43
4673,2024-06-20,31.0,Male,Home & Kitchen,Non-stick Pan,1,1644.6,North,1644.6
4674,2025-03-07,27.0,Female,Electronics,Power Bank,1,3347.18,South,3347.18
4675,2025-01-30,30.0,Male,Clothing,Winter Hoodie,1,1075.77,North,1075.77
4676,2024-07-21,31.0,Female,Electronics,Power Bank,2,2851.02,West,5702.04
4677,2024-10-31,33.0,Male,Home & Kitchen,Vacuum Flask,4,1426.69,South,5706.76
4678,2024-10-01,28.0,Female,Home & Kitchen,Vacuum Flask,3,1216.87,East,3650.61
4679,2024-03-05,34.0,Female,Sports,Cricket Bat,4,1147.24,East,4588.96
4680,2024-09-12,41.0,Male,Beauty,Hair Dryer,1,845.21,North,845.21
4681,2025-01-07,28.0,Male,Sports,Football,1,1665.35,Central,1665.35
4682,2025-01-02,43.0,Female,Clothing,Formal Shirt,1,896.12,South,896.12
4683,2025-08-12,40.0,Male,Home & Kitchen,Vacuum Flask,2,1159.38,West,2318.76
4684,2025-07-13,33.0,Male,Clothing,Running Shoes,1,862.22,East,862.22
4685,2025-01-04,44.0,Female,Electronics,Bluetooth Speaker,4,4290.8,East,17163.2
4686,2025-04-02,45.0,Male,Clothing,Cotton T-Shirt,1,1103.06,North,1103.06
4687,2024-07-18,39.0,Female,Home & Kitchen,Vacuum Flask,2,146.6,West,293.2
4688,2024-06-22,39.0,Female,Sports,Cycling Helmet,2,1536.04,Central,3072.08
4689,2024-04-07,24.0,Female,Clothing,Formal Shirt,3,1087.13,West,3261.39
4690,2024-08-15,29.0,Female,Electronics,Power Bank,1,2901.64,North,2901.64
4691,2024-11-24,48.0,Female,Home & Kitchen,Storage Rack,1,1182.45,East,1182.45
4692,2025-08-09,34.0,Male,Electronics,Power Bank,2,2939.53,South,5879.06
4693,2025-09-11,29.0,Male,Beauty,Perfume,2,865.25,West,1730.5
4694,2024-06-12,42.0,Female,Clothing,Running Shoes,3,682.37,North,2047.11
4695,2024-12-26,37.0,Female,Home & Kitchen,Table Lamp,2,1688.01,North,3376.02
4696,2024-07-07,46.0,Female,Sports,Cycling Helmet,3,1659.49,West,4978.47
4697,2024-11-26,32.0,Female,Beauty,Sunscreen,3,606.86,West,1820.58
4698,2025-05-26,52.0,Male,Beauty,Hair Dryer,4,634.68,North,2538.72
4699,2024-10-25,36.0,Female,Clothing,Denim Jacket,1,849.82,West,849.82
4700,2025-07-14,45.0,Male,Sports,Cycling Helmet,1,1330.46,West,1330.46
4701,2025-03-01,43.0,Female,Sports,Cricket Bat,1,1683.63,West,1683.63
4702,2025-01-11,16.0,Female,Home & Kitchen,Vacuum Flask,1,1627.59,Central,1627.59
4703,2025-01-08,18.0,Male,Electronics,Laptop Sleeve,1,2876.86,Central,2876.86
4704,2024-10-02,51.0,Female,Electronics,Bluetooth Speaker,1,3518.19,North,3518.19
4705,2025-07-22,34.0,Male,Electronics,Wireless Earbuds,1,1420.65,West,1420.65
4706,2025-02-21,16.0,Male,Sports,Dumbbell Set,2,1569.66,North,3139.32
4707,2025-10-25,25.0,Male,Beauty,Face Serum,1,633.92,West,633.92
4708,2025-10-06,43.0,Female,Clothing,Denim Jacket,2,1366.34,North,2732.68
4709,2025-05-12,43.0,Male,Home & Kitchen,Storage Rack,3,1117.93,North,3353.79
4710,2024-06-19,51.0,Female,Clothing,Winter Hoodie,1,848.6,Central,848.6
4711,2025-02-02,50.0,Male,Electronics,Laptop Sleeve,4,3427.24,South,13708.96
4712,2025-05-01,44.0,Male,Electronics,Wireless Earbuds,3,3244.18,East,9732.54
4713,2025-07-07,29.0,Male,Clothing,Formal Shirt,4,1173.66,West,4694.64
4714,2024-03-02,28.0,Female,Sports,Cricket Bat,2,1422.65,Central,2845.3
4715,2024-11-25,29.0,Male,Beauty,Perfume,2,561.13,East,1122.26
4716,2025-10-07,30.0,Male,Home & Kitchen,Storage Rack,1,1486.34,Central,1486.34
4717,2024-09-25,41.0,Female,Clothing,Denim Jacket,2,1012.28,East,2024.56
4718,2024-08-07,41.0,Male,Sports,Cricket Bat,1,1596.2,South,1596.2
4719,2024-09-28,16.0,Male,Sports,Cricket Bat,1,1932.15,West,1932.15
4720,2024-08-24,31.0,Male,Beauty,Lipstick Set,1,769.03,West,769.03
4721,2024-02-25,37.0,Male,Home & Kitchen,Storage Rack,3,1321.88,West,3965.64
4722,2024-11-01,38.0,Female,Sports,Dumbbell Set,1,1361.83,North,1361.83
4723,2025-01-29,42.0,Male,Clothing,Denim Jacket,2,1058.59,West,2117.18
4724,2025-01-27,44.0,Male,Sports,Cricket Bat,3,1599.13,South,4797.39
4725,2025-01-20,25.0,Female,Electronics,Laptop Sleeve,1,4658.8,North,4658.8
4726,2024-11-26,29.0,Female,Home & Kitchen,Vacuum Flask,3,1452.28,North,4356.84
4727,2024-11-23,21.0,Female,Sports,Dumbbell Set,2,831.86,East,1663.72
4728,2024-09-04,36.0,Male,Home & Kitchen,Non-stick Pan,1,2028.87,North,2028.87
4729,2025-01-17,70.0,Male,Electronics,Smartwatch,1,3846.37,West,3846.37
4730,2025-06-25,35.0,Male,Electronics,Power Bank,2,5012.28,East,10024.56
4731,2024-07-04,27.0,Female,Beauty,Hair Dryer,4,237.73,East,950.92
4732,2025-03-15,42.0,Male,Sports,Dumbbell Set,2,2204.63,South,4409.26
4733,2024-12-28,43.0,Male,Electronics,Smartwatch,2,2449.68,West,4899.36
4734,2025-04-20,34.0,Female,Clothing,Denim Jacket,4,978.92,Central,3915.68
4735,2025-01-27,28.0,Female,Clothing,Winter Hoodie,1,863.67,West,863.67
4736,2024-07-11,38.0,Female,Sports,Cycling Helmet,2,1202.43,East,2404.86
4737,2025-07-01,43.0,Male,Clothing,Winter Hoodie,1,960.45,East,960.45
4738,2025-04-24,24.0,Male,Electronics,Smartwatch,1,1676.48,North,1676.48
4739,2024-10-13,21.0,Male,Home & Kitchen,Non-stick Pan,1,1244.13,West,1244.13
4740,2025-11-13,35.0,Female,Beauty,Lipstick Set,1,581.62,West,581.62
4741,2024-12-25,54.0,Female,Sports,Cricket Bat,1,2162.2,North,2162.2
4742,2025-09-06,30.0,Male,Sports,Cricket Bat,4,1777.49,West,7109.96
4743,2025-08-27,23.0,Male,Sports,Football,2,1515.34,West,3030.68
4744,2024-06-22,43.0,Male,Sports,Cycling Helmet,1,1623.69,West,1623.69
4745,2024-12-15,50.0,Male,Home & Kitchen,Non-stick Pan,1,991.57,West,991.57
4746,2025-08-18,51.0,Female,Sports,Cycling Helmet,1,2203.83,West,2203.83
4747,2024-07-04,37.0,Female,Sports,Cricket Bat,1,2292.57,North,2292.57
4748,2024-03-17,38.0,Male,Clothing,Denim Jacket,1,1143.75,West,1143.75
4749,2025-01-25,51.0,Female,Clothing,Formal Shirt,4,1187.12,East,4748.48
4750,2025-05-03,24.0,Male,Electronics,Laptop Sleeve,2,2958.4,Central,5916.8
4751,2024-09-09,31.0,Female,Clothing,Winter Hoodie,2,722.79,North,1445.58
4752,2025-02-24,34.0,Male,Home & Kitchen,Table Lamp,1,1988.65,East,1988.65
4753,2025-03-10,49.0,Female,Clothing,Winter Hoodie,1,1038.45,West,1038.45
4754,2025-05-03,32.0,Female,Electronics,Wireless Earbuds,1,3635.97,West,3635.97
4755,2024-08-31,38.0,Female,Home & Kitchen,Blender,1,1523.83,South,1523.83
4756,2025-06-14,21.0,Female,Beauty,Perfume,2,448.6,North,897.2
4757,2024-06-26,35.0,Female,Clothing,Winter Hoodie,3,1325.2,North,3975.6
4758,2024-09-05,45.0,Male,Clothing,Denim Jacket,3,1253.91,Central,3761.73
4759,2024-10-16,56.0,Female,Clothing,Denim Jacket,1,1235.28,North,1235.28
4760,2025-03-29,40.0,Female,Beauty,Lipstick Set,1,855.78,West,855.78
4761,2024-05-25,41.0,Male,Beauty,Sunscreen,2,856.51,South,1713.02
4762,2024-12-22,31.0,Male,Home & Kitchen,Storage Rack,1,1446.28,East,1446.28
4763,2024-11-13,34.0,Female,Electronics,Wireless Earbuds,1,2976.25,West,2976.25
4764,2025-01-29,34.0,Male,Home & Kitchen,Non-stick Pan,3,1540.66,West,4621.98
4765,2024-11-28,32.0,Male,Clothing,Running Shoes,2,881.68,Central,1763.36
4766,2024-10-24,53.0,Female,Sports,Yoga Mat,1,2514.41,South,2514.41
4767,2024-07-12,55.0,Male,Home & Kitchen,Storage Rack,1,1631.05,North,1631.05
4768,2024-06-21,50.0,Male,Electronics,Bluetooth Speaker,1,2158.77,North,2158.77
4769,2024-12-31,41.0,Male,Clothing,Cotton T-Shirt,2,1143.55,South,2287.1
4770,2025-06-23,34.0,Female,Clothing,Formal Shirt,2,1093.45,West,2186.9
4771,2025-01-08,47.0,Female,Beauty,Face Serum,3,636.7,South,1910.1
4772,2024-11-03,29.0,Male,Sports,Dumbbell Set,2,1705.25,West,3410.5
4773,2025-05-12,31.0,Male,Electronics,Power Bank,1,3098.76,East,3098.76
4774,2025-05-19,26.0,Female,Sports,Cycling Helmet,2,2373.01,East,4746.02
4775,2025-06-05,21.0,Female,Beauty,Lipstick Set,3,391.11,East,1173.33
4776,2024-08-07,28.0,Male,Home & Kitchen,Storage Rack,1,1298.93,South,1298.93
4777,2024-05-09,44.0,Female,Clothing,Formal Shirt,1,843.28,South,843.28
4778,2024-12-11,40.0,Female,Beauty,Hair Dryer,1,697.5,North,697.5
4779,2024-08-11,32.0,Male,Clothing,Winter Hoodie,1,963.86,West,963.86
4780,2025-10-04,41.0,Male,Electronics,Power Bank,1,3343.58,South,3343.58
4781,2025-02-10,60.0,Male,Beauty,Sunscreen,3,906.21,South,2718.63
4782,2025-01-30,31.0,Female,Beauty,Sunscreen,3,854.26,North,2562.78
4783,2024-01-10,39.0,Female,Clothing,Winter Hoodie,2,1212.36,South,2424.72
4784,2025-01-08,42.0,Male,Clothing,Running Shoes,2,856.82,South,1713.64
4785,2024-09-05,23.0,Female,Sports,Football,1,1513.7,South,1513.7
4786,2025-10-16,46.0,Male,Clothing,Formal Shirt,1,1289.55,East,1289.55
4787,2025-06-20,21.0,Male,Clothing,Winter Hoodie,3,1169.75,East,3509.25
4788,2024-08-27,33.0,Female,Home & Kitchen,Vacuum Flask,1,1866.18,West,1866.18
4789,2025-03-12,32.0,Female,Sports,Dumbbell Set,1,1338.8,Central,1338.8
4790,2024-03-05,39.0,Female,Clothing,Formal Shirt,3,1127.21,East,3381.63
4791,2024-09-26,35.0,Male,Sports,Yoga Mat,2,1425.2,West,2850.4
4792,2025-06-20,19.0,Female,Sports,Football,3,2038.46,West,6115.38
4793,2025-09-27,25.0,Female,Sports,Football,2,2555.87,West,5111.74
4794,2025-01-02,18.0,Female,Home & Kitchen,Vacuum Flask,1,1437.22,Central,1437.22
4795,2024-07-29,52.0,Female,Clothing,Cotton T-Shirt,4,871.98,South,3487.92
4796,2024-12-14,38.0,Female,Electronics,Power Bank,1,4782.87,South,4782.87
4797,2024-02-23,51.0,Male,Electronics,Wireless Earbuds,2,3642.32,East,7284.64
4798,2024-10-11,28.0,Female,Sports,Dumbbell Set,3,1554.74,West,4664.22
4799,2025-02-19,37.0,Male,Home & Kitchen,Vacuum Flask,4,1969.21,Central,7876.84
4800,2024-10-31,28.0,Male,Sports,Dumbbell Set,3,1290.39,North,3871.17
4801,2025-08-20,16.0,Female,Clothing,Cotton T-Shirt,2,890.1,West,1780.2
4802,2024-09-09,53.0,Male,Clothing,Running Shoes,1,825.42,North,825.42
4803,2025-03-04,53.0,Male,Sports,Dumbbell Set,1,1382.25,South,1382.25
4804,2024-10-13,37.0,Female,Electronics,Smartwatch,2,4090.97,North,8181.94
4805,2025-09-09,42.0,Female,Home & Kitchen,Non-stick Pan,1,1242.4,South,1242.4
4806,2025-02-08,30.0,Female,Beauty,Perfume,2,650.91,North,1301.82
4807,2024-09-24,34.0,Male,Electronics,Power Bank,1,4412.46,South,4412.46
4808,2025-09-05,29.0,Female,Home & Kitchen,Non-stick Pan,1,1395.9,Central,1395.9
4809,2025-12-16,22.0,Male,Electronics,Power Bank,1,1935.41,North,1935.41
4810,2024-01-31,36.0,Male,Beauty,Perfume,1,694.0,West,694.0
4811,2025-04-18,25.0,Female,Electronics,Laptop Sleeve,4,3219.73,East,12878.92
4812,2024-09-17,33.0,Male,Sports,Yoga Mat,1,862.32,North,862.32
4813,2025-03-01,28.0,Male,Clothing,Running Shoes,1,956.66,North,956.66
4814,2024-12-25,42.0,Female,Clothing,Cotton T-Shirt,1,1579.75,North,1579.75
4815,2024-12-16,28.0,Male,Home & Kitchen,Vacuum Flask,2,1230.99,West,2461.98
4816,2024-06-06,25.0,Female,Home & Kitchen,Non-stick Pan,1,1582.16,South,1582.16
4817,2025-01-08,26.0,Female,Clothing,Winter Hoodie,3,724.63,Central,2173.89
4818,2025-11-06,16.0,Male,Electronics,Power Bank,1,2475.48,East,2475.48
4819,2024-10-03,34.0,Female,Beauty,Sunscreen,1,474.7,South,474.7
4820,2025-01-16,,Male,Home & Kitchen,Storage Rack,1,933.13,North,933.13
4821,2025-04-15,25.0,Female,Electronics,Laptop Sleeve,3,4252.59,Central,12757.77
4822,2024-06-24,43.0,Male,Clothing,Denim Jacket,1,895.94,North,895.94
4823,2024-11-04,35.0,Female,Beauty,Face Serum,3,782.17,West,2346.51
4824,2025-05-10,34.0,Female,Beauty,Face Serum,1,534.2,East,534.2
4825,2025-03-15,38.0,Female,Sports,Dumbbell Set,1,1346.41,West,1346.41
4826,2024-10-20,52.0,Female,Electronics,Smartwatch,2,4135.7,Central,8271.4
4827,2024-10-11,44.0,Female,Home & Kitchen,Vacuum Flask,2,1265.67,Central,2531.34
4828,2025-01-02,18.0,Female,Sports,Cycling Helmet,3,1037.97,South,3113.91
4829,2025-07-08,33.0,Female,Clothing,Denim Jacket,2,813.59,East,1627.18
4830,2025-01-03,26.0,Female,Clothing,Formal Shirt,1,1126.25,East,1126.25
4831,2025-01-04,38.0,Male,Clothing,Denim Jacket,4,1031.66,North,4126.64
4832,2024-12-14,21.0,Female,Clothing,Formal Shirt,2,821.16,South,1642.32
4833,2025-07-25,16.0,Male,Clothing,Winter Hoodie,1,881.61,West,881.61
4834,2025-07-30,36.0,Male,Clothing,Running Shoes,4,1073.17,East,4292.68
4835,2025-01-11,31.0,Male,Clothing,Cotton T-Shirt,2,944.07,East,1888.14
4836,2024-06-03,34.0,Female,Clothing,Formal Shirt,2,892.95,North,1785.9
4837,2024-12-27,28.0,Male,Clothing,Winter Hoodie,1,744.48,South,744.48
4838,2024-12-28,16.0,Female,Home & Kitchen,Blender,1,1608.41,South,1608.41
4839,2025-05-06,41.0,Male,Home & Kitchen,Table Lamp,1,1241.25,South,1241.25
4840,2025-07-27,52.0,Male,Electronics,Power Bank,4,1851.83,North,7407.32
4841,2024-12-26,51.0,Female,Home & Kitchen,Vacuum Flask,3,1367.26,East,4101.78
4842,2025-04-01,24.0,Male,Clothing,Running Shoes,1,913.16,North,913.16
4843,2024-11-01,24.0,Female,Clothing,Cotton T-Shirt,1,774.86,North,774.86
4844,2024-11-08,31.0,Female,Electronics,Smartwatch,1,3464.63,North,3464.63
4845,2025-05-23,16.0,Female,Home & Kitchen,Non-stick Pan,1,1625.55,South,1625.55
4846,2024-03-05,51.0,Female,Electronics,Laptop Sleeve,1,3996.46,South,3996.46
4847,2025-05-08,20.0,Male,Clothing,Winter Hoodie,2,737.83,Central,1475.66
4848,2025-04-05,25.0,Male,Home & Kitchen,Non-stick Pan,2,854.17,South,1708.34
4849,2025-03-08,35.0,Female,Sports,Cricket Bat,2,1898.73,North,3797.46
4850,2024-11-22,47.0,Male,Electronics,Bluetooth Speaker,2,2876.2,West,5752.4
4851,2025-03-25,22.0,Female,Beauty,Perfume,3,856.48,Central,2569.44
4852,2024-10-17,60.0,Female,Sports,Cricket Bat,2,1991.03,South,3982.06
4853,2024-10-17,35.0,Male,Electronics,Bluetooth Speaker,1,2853.36,South,2853.36
4854,2025-08-14,18.0,Male,Home & Kitchen,Blender,3,1579.3,South,4737.9
4855,2025-02-23,21.0,Female,Clothing,Cotton T-Shirt,1,776.01,South,776.01
4856,2024-11-20,38.0,Male,Sports,Dumbbell Set,1,1420.53,East,1420.53
4857,2025-06-28,31.0,Female,Clothing,Winter Hoodie,2,1181.51,East,2363.02
4858,2025-04-14,25.0,Female,Electronics,Bluetooth Speaker,1,3473.99,North,3473.99
4859,2024-12-29,38.0,Female,Home & Kitchen,Table Lamp,1,1945.29,West,1945.29
4860,2024-04-12,26.0,Female,Home & Kitchen,Storage Rack,1,928.02,East,928.02
4861,2024-05-25,44.0,Male,Beauty,Perfume,1,391.69,South,391.69
4862,2024-07-10,44.0,Female,Electronics,Power Bank,1,2627.03,South,2627.03
4863,2025-03-01,36.0,Male,Home & Kitchen,Table Lamp,4,1224.35,West,4897.4
4864,2024-11-22,31.0,Male,Electronics,Bluetooth Speaker,4,2176.73,Central,8706.92
4865,2024-11-18,23.0,Female,Clothing,Running Shoes,2,884.18,East,1768.36
4866,2025-02-02,38.0,Male,Electronics,Wireless Earbuds,2,3509.35,Central,7018.7
4867,2025-05-04,39.0,Male,Home & Kitchen,Storage Rack,3,1709.8,South,5129.4
4868,2025-02-12,35.0,Female,Electronics,Wireless Earbuds,1,4082.08,Central,4082.08
4869,2024-10-24,41.0,Female,Sports,Cricket Bat,1,1946.72,East,1946.72
4870,2024-02-11,47.0,Male,Home & Kitchen,Vacuum Flask,2,923.93,East,1847.86
4871,2024-03-21,28.0,Male,Home & Kitchen,Storage Rack,1,1300.28,North,1300.28
4872,2025-06-28,37.0,Female,Home & Kitchen,Vacuum Flask,1,1514.95,West,1514.95
4873,2024-09-27,16.0,Female,Electronics,Power Bank,3,4338.71,North,13016.13
4874,2024-11-09,24.0,Male,Clothing,Cotton T-Shirt,2,1035.79,West,2071.58
4875,2024-06-11,32.0,Female,Home & Kitchen,Non-stick Pan,1,1486.2,North,1486.2
4876,2024-11-20,31.0,Female,Home & Kitchen,Table Lamp,1,1772.5,North,1772.5
4877,2024-10-02,38.0,Male,Electronics,Wireless Earbuds,3,2400.32,West,7200.96
4878,2025-07-03,35.0,Female,Electronics,Bluetooth Speaker,1,3553.01,South,3553.01
4879,2025-09-14,38.0,Female,Electronics,Smartwatch,2,4728.4,North,9456.8
4880,2024-05-06,30.0,Female,Home & Kitchen,Blender,2,1159.06,North,2318.12
4881,2024-10-29,30.0,Female,Clothing,Denim Jacket,1,1036.32,West,1036.32
4882,2024-10-31,60.0,Male,Electronics,Power Bank,1,3195.81,Central,3195.81
4883,2025-04-18,51.0,Male,Electronics,Power Bank,4,3614.5,South,14458.0
4884,2024-05-10,40.0,Female,Electronics,Smartwatch,4,3581.65,East,14326.6
4885,2025-02-09,38.0,Male,Electronics,Laptop Sleeve,2,2721.76,West,5443.52
4886,2025-02-11,23.0,Female,Electronics,Wireless Earbuds,2,3587.8,West,7175.6
4887,2025-08-13,27.0,Male,Beauty,Face Serum,1,497.63,North,497.63
4888,2025-05-25,36.0,Female,Home & Kitchen,Vacuum Flask,4,1201.22,West,4804.88
4889,2025-08-05,34.0,Male,Clothing,Winter Hoodie,2,1232.33,North,2464.66
4890,2024-07-22,38.0,Male,Electronics,Laptop Sleeve,1,2515.04,Central,2515.04
4891,2025-05-27,27.0,Female,Electronics,Smartwatch,1,3110.07,West,3110.07
4892,2025-01-19,30.0,Male,Electronics,Bluetooth Speaker,2,2700.77,East,5401.54
4893,2024-09-30,42.0,Female,Clothing,Running Shoes,1,682.86,South,682.86
4894,2024-11-15,32.0,Male,Electronics,Smartwatch,2,3926.44,West,7852.88
4895,2025-03-20,22.0,Female,Beauty,Perfume,1,517.9,West,517.9
4896,2025-08-26,38.0,Male,Clothing,Formal Shirt,1,756.55,North,756.55
4897,2025-09-12,41.0,Female,Beauty,Face Serum,2,693.06,West,1386.12
4898,2024-09-04,40.0,Female,Sports,Cricket Bat,2,1711.76,South,3423.52
4899,2025-02-09,24.0,Female,Clothing,Winter Hoodie,1,906.07,North,906.07
4900,2025-03-24,16.0,Male,Electronics,Laptop Sleeve,1,4333.58,West,4333.58
4901,2024-09-06,29.0,Male,Clothing,Cotton T-Shirt,1,1023.86,West,1023.86
4902,2025-04-22,16.0,Female,Sports,Football,1,626.1,South,626.1
4903,2024-12-20,27.0,Male,Electronics,Laptop Sleeve,4,2376.32,South,9505.28
4904,2024-07-24,33.0,Male,Electronics,Laptop Sleeve,1,3815.48,South,3815.48
4905,2025-06-16,47.0,Female,Beauty,Sunscreen,3,798.34,South,2395.02
4906,2025-07-27,33.0,Female,Electronics,Laptop Sleeve,3,5148.26,East,15444.78
4907,2024-12-16,25.0,Male,Beauty,Hair Dryer,2,881.31,West,1762.62
4908,2025-11-19,29.0,Female,Sports,Yoga Mat,1,1318.64,South,1318.64
4909,2024-11-04,29.0,Male,Beauty,Perfume,1,587.95,West,587.95
4910,2024-01-13,51.0,Male,Sports,Cycling Helmet,4,1647.76,Central,6591.04
4911,2024-03-11,36.0,Female,Home & Kitchen,Storage Rack,2,1452.85,North,2905.7
4912,2025-10-19,30.0,Male,Beauty,Face Serum,1,272.08,North,272.08
4913,2025-01-10,33.0,Female,Clothing,Denim Jacket,1,763.59,South,763.59
4914,2025-09-04,21.0,Male,Home & Kitchen,Non-stick Pan,2,1469.72,East,2939.44
4915,2024-09-24,32.0,Female,Home & Kitchen,Table Lamp,3,1891.94,East,5675.82
4916,2025-09-07,40.0,Female,Electronics,Smartwatch,1,4310.89,Central,4310.89
4917,2024-12-31,33.0,Female,Electronics,Laptop Sleeve,1,3366.89,West,3366.89
4918,2025-02-23,40.0,Male,Electronics,Bluetooth Speaker,2,3773.66,South,7547.32
4919,2025-03-26,45.0,Female,Beauty,Perfume,1,445.73,West,445.73
4920,2024-04-08,40.0,Female,Beauty,Hair Dryer,1,991.14,Central,991.14
4921,2024-12-05,26.0,Female,Electronics,Bluetooth Speaker,1,3843.26,South,3843.26
4922,2024-07-10,,Male,Electronics,Smartwatch,4,4073.9,North,16295.6
4923,2025-02-14,41.0,Female,Electronics,Wireless Earbuds,2,3557.23,Central,7114.46
4924,2025-06-07,32.0,Male,Beauty,Perfume,1,734.06,North,734.06
4925,2025-05-07,30.0,Female,Electronics,Smartwatch,4,3062.44,East,12249.76
4926,2025-02-09,22.0,Female,Clothing,Winter Hoodie,2,875.4,South,1750.8
4927,2025-04-21,33.0,Male,Clothing,Winter Hoodie,2,1080.43,North,2160.86
4928,2024-09-03,37.0,Female,Home & Kitchen,Vacuum Flask,1,1717.19,West,1717.19
4929,2025-06-09,33.0,Female,Sports,Cricket Bat,1,1552.78,East,1552.78
4930,2024-10-05,29.0,Male,Electronics,Power Bank,1,3335.02,West,3335.02
4931,2024-05-29,29.0,Male,Electronics,Laptop Sleeve,3,3769.86,East,11309.58
4932,2024-10-16,19.0,Male,Electronics,Bluetooth Speaker,1,2317.71,North,2317.71
4933,2024-09-14,32.0,Male,Clothing,Running Shoes,3,1040.99,South,3122.97
4934,2025-06-20,30.0,Female,Home & Kitchen,Vacuum Flask,1,1467.73,North,1467.73
4935,2024-09-15,21.0,Male,Clothing,Cotton T-Shirt,1,1094.02,West,1094.02
4936,2025-02-05,35.0,Male,Electronics,Wireless Earbuds,1,1869.63,West,1869.63
4937,2024-07-11,37.0,Female,Home & Kitchen,Vacuum Flask,1,1317.71,West,1317.71
4938,2024-12-18,30.0,Female,Sports,Dumbbell Set,1,1787.73,South,1787.73
4939,2025-08-10,25.0,Male,Sports,Dumbbell Set,1,1330.12,East,1330.12
4940,2025-02-25,36.0,Female,Clothing,Winter Hoodie,2,940.83,West,1881.66
4941,2025-04-12,43.0,Female,Clothing,Running Shoes,1,754.39,North,754.39
4942,2025-04-29,53.0,Male,Home & Kitchen,Blender,3,1378.66,Central,4135.98
4943,2025-08-20,20.0,Female,Home & Kitchen,Vacuum Flask,1,1061.69,West,1061.69
4944,2024-07-31,53.0,Male,Clothing,Formal Shirt,2,888.46,Central,1776.92
4945,2024-10-10,40.0,Female,Sports,Yoga Mat,4,1571.35,West,6285.4
4946,2024-11-17,43.0,Male,Beauty,Hair Dryer,1,265.76,North,265.76
4947,2025-06-18,37.0,Female,Home & Kitchen,Vacuum Flask,1,1303.67,North,1303.67
4948,2025-02-17,30.0,Male,Clothing,Formal Shirt,1,931.35,West,931.35
4949,2024-10-21,40.0,Female,Sports,Dumbbell Set,1,2150.09,Central,2150.09
4950,2024-12-18,39.0,Male,Clothing,Formal Shirt,1,1451.46,East,1451.46
4951,2024-08-24,39.0,Female,Electronics,Laptop Sleeve,1,1844.8,East,1844.8
4952,2024-10-29,25.0,Female,Electronics,Power Bank,2,569.47,West,1138.94
4953,2024-06-26,47.0,Female,Electronics,Power Bank,3,3202.61,East,9607.83
4954,2024-06-08,44.0,Male,Clothing,Formal Shirt,3,561.21,West,1683.63
4955,2025-05-01,34.0,Male,Beauty,Lipstick Set,2,369.94,North,739.88
4956,2024-12-23,16.0,Female,Electronics,Laptop Sleeve,1,3809.54,North,3809.54
4957,2024-09-29,67.0,Male,Home & Kitchen,Vacuum Flask,2,1140.77,West,2281.54
4958,2024-03-08,37.0,Female,Electronics,Wireless Earbuds,1,3902.36,East,3902.36
4959,2025-08-14,28.0,Female,Electronics,Laptop Sleeve,2,3173.27,South,6346.54
4960,2025-06-04,54.0,Male,Clothing,Denim Jacket,1,964.93,Central,964.93
4961,2025-01-09,23.0,Male,Electronics,Bluetooth Speaker,1,3741.86,North,3741.86
4962,2025-02-12,43.0,Female,Beauty,Sunscreen,1,760.61,South,760.61
4963,2024-03-26,43.0,Female,Sports,Yoga Mat,1,1319.65,North,1319.65
4964,2024-10-22,17.0,Female,Beauty,Sunscreen,2,493.79,South,987.58
4965,2024-11-29,16.0,Female,Clothing,Formal Shirt,1,681.66,North,681.66
4966,2025-02-14,44.0,Male,Sports,Football,2,891.14,North,1782.28
4967,2025-05-25,22.0,Female,Electronics,Wireless Earbuds,1,3274.48,South,3274.48
4968,2025-05-29,40.0,Male,Clothing,Denim Jacket,1,1095.98,East,1095.98
4969,2025-06-16,45.0,Female,Home & Kitchen,Storage Rack,1,1026.14,East,1026.14
4970,2025-04-07,55.0,Male,Home & Kitchen,Table Lamp,1,957.92,North,957.92
4971,2024-12-06,23.0,Male,Electronics,Wireless Earbuds,1,4263.18,North,4263.18
4972,2025-02-26,40.0,Female,Sports,Cricket Bat,1,1290.78,East,1290.78
4973,2024-08-01,30.0,Female,Home & Kitchen,Vacuum Flask,1,1420.42,West,1420.42
4974,2025-11-16,16.0,Male,Electronics,Wireless Earbuds,2,4329.16,South,8658.32
4975,2025-04-29,42.0,Female,Sports,Cycling Helmet,2,1873.15,East,3746.3
4976,2024-11-20,52.0,Female,Beauty,Lipstick Set,1,764.68,East,764.68
4977,2025-12-12,39.0,Female,Home & Kitchen,Blender,1,1225.37,South,1225.37
4978,2025-10-05,48.0,Male,Clothing,Winter Hoodie,1,619.38,South,619.38
4979,2024-07-23,29.0,Male,Beauty,Perfume,3,593.84,East,1781.52
4980,2024-03-26,42.0,Male,Beauty,Sunscreen,1,709.14,West,709.14
4981,2025-03-13,42.0,Female,Home & Kitchen,Vacuum Flask,1,1781.63,Central,1781.63
4982,2024-08-21,23.0,Male,Clothing,Cotton T-Shirt,2,1129.9,North,2259.8
4983,2025-02-04,32.0,Female,Electronics,Smartwatch,3,4769.94,North,14309.82
4984,2025-04-14,29.0,Male,Electronics,Power Bank,2,2963.64,North,5927.28
4985,2025-09-28,49.0,Female,Electronics,Smartwatch,2,3321.12,West,6642.24
4986,2024-08-14,46.0,Female,Clothing,Denim Jacket,1,845.25,South,845.25
4987,2025-01-03,35.0,Female,Electronics,Bluetooth Speaker,4,2713.31,Central,10853.24
4988,2024-06-19,,Male,Clothing,Running Shoes,4,1039.39,Central,4157.56
4989,2024-09-12,37.0,Female,Electronics,Laptop Sleeve,3,3539.31,West,10617.93
4990,2025-01-19,26.0,Female,Home & Kitchen,Storage Rack,1,1943.4,West,1943.4
4991,2024-06-04,40.0,Male,Sports,Cycling Helmet,3,854.9,West,2564.7
4992,2025-09-24,26.0,Female,Home & Kitchen,Vacuum Flask,1,1338.32,North,1338.32
4993,2025-02-26,34.0,Female,Beauty,Sunscreen,2,758.9,West,1517.8
4994,2024-05-10,46.0,Female,Electronics,Bluetooth Speaker,4,4056.25,East,16225.0
4995,2024-06-29,33.0,Female,Clothing,Formal Shirt,1,621.78,South,621.78
4996,2025-02-16,33.0,Male,Clothing,Cotton T-Shirt,3,1419.05,Central,4257.15
4997,2024-08-28,26.0,Female,Home & Kitchen,Vacuum Flask,1,1524.45,Central,1524.45
4998,2025-01-07,28.0,Male,Clothing,Denim Jacket,1,521.21,North,521.21
4999,2024-12-02,39.0,Female,Clothing,Formal Shirt,2,1409.0,North,2818.0
5000,2025-02-20,23.0,Male,Electronics,Smartwatch,2,3506.08,East,7012.16
5001,2025-03-19,22.0,Male,Home & Kitchen,Vacuum Flask,2,1057.45,West,2114.9
5002,2025-02-08,33.0,Female,Electronics,Bluetooth Speaker,2,3941.17,South,7882.34
5003,2024-06-26,41.0,Female,Sports,Yoga Mat,2,1502.29,Central,3004.58
5004,2025-05-23,55.0,Male,Sports,Football,1,933.62,North,933.62
5005,2024-08-04,26.0,Male,Electronics,Bluetooth Speaker,2,3160.35,South,6320.7
5006,2025-01-25,46.0,Male,Clothing,Cotton T-Shirt,1,843.19,South,843.19
5007,2025-06-26,32.0,Female,Clothing,Running Shoes,4,869.01,West,3476.04
5008,2025-04-28,42.0,Female,Home & Kitchen,Vacuum Flask,1,1886.29,South,1886.29
5009,2024-07-30,39.0,Male,Electronics,Smartwatch,1,4211.22,East,4211.22
5010,2024-07-06,20.0,Female,Home & Kitchen,Storage Rack,2,1311.64,South,2623.28
5011,2025-03-03,16.0,Female,Electronics,Bluetooth Speaker,2,3159.7,South,6319.4
5012,2024-09-28,34.0,Female,Beauty,Lipstick Set,4,515.22,South,2060.88
5013,2024-09-09,38.0,Male,Sports,Cricket Bat,1,1422.98,East,1422.98
5014,2025-05-27,36.0,Female,Sports,Football,1,1914.89,East,1914.89
5015,2024-04-22,25.0,Male,Electronics,Bluetooth Speaker,2,3416.72,Central,6833.44
5016,2025-08-21,36.0,Female,Electronics,Wireless Earbuds,1,2188.59,East,2188.59
5017,2024-10-14,35.0,Male,Clothing,Formal Shirt,3,1243.68,South,3731.04
5018,2024-06-24,27.0,Female,Clothing,Winter Hoodie,2,1196.1,South,2392.2
5019,2024-09-11,35.0,Male,Electronics,Wireless Earbuds,2,3671.91,East,7343.82
5020,2025-07-26,23.0,Female,Beauty,Hair Dryer,4,580.73,East,2322.92
5021,2024-12-25,48.0,Male,Home & Kitchen,Storage Rack,2,1272.63,South,2545.26
5022,2025-05-11,21.0,Female,Clothing,Cotton T-Shirt,1,967.29,East,967.29
5023,2025-06-03,38.0,Male,Sports,Cycling Helmet,1,1414.76,East,1414.76
5024,2024-12-14,28.0,Female,Sports,Cricket Bat,2,1855.71,South,3711.42
5025,2025-06-25,49.0,Male,Beauty,Perfume,4,919.24,Central,3676.96
5026,2024-08-29,25.0,Male,Clothing,Winter Hoodie,3,671.72,Central,2015.16
5027,2024-07-10,61.0,Female,Home & Kitchen,Storage Rack,1,1273.26,East,1273.26
5028,2024-10-25,32.0,Female,Clothing,Formal Shirt,1,815.78,Central,815.78
5029,2024-05-26,24.0,Male,Beauty,Hair Dryer,1,720.86,East,720.86
5030,2025-04-09,24.0,Male,Clothing,Running Shoes,4,965.79,South,3863.16
5031,2025-08-09,46.0,Female,Clothing,Cotton T-Shirt,1,1032.78,North,1032.78
5032,2025-04-16,33.0,Female,Electronics,Wireless Earbuds,1,3339.9,Central,3339.9
5033,2025-10-25,40.0,Female,Home & Kitchen,Storage Rack,2,1431.81,East,2863.62
5034,2025-02-25,42.0,Male,Beauty,Sunscreen,3,824.1,South,2472.3
5035,2024-09-08,30.0,Female,Sports,Football,1,2318.8,West,2318.8
5036,2025-03-13,40.0,Female,Beauty,Sunscreen,2,458.54,South,917.08
5037,2024-11-02,41.0,Male,Sports,Dumbbell Set,2,1478.54,East,2957.08
5038,2025-02-18,23.0,Male,Electronics,Laptop Sleeve,4,3213.49,South,12853.96
5039,2025-11-08,46.0,Female,Electronics,Laptop Sleeve,1,2181.56,West,2181.56
5040,2025-07-15,41.0,Female,Beauty,Lipstick Set,2,589.45,West,1178.9
5041,2025-03-21,17.0,Male,Electronics,Smartwatch,4,4001.64,North,16006.56
5042,2025-05-16,32.0,Male,Beauty,Hair Dryer,1,830.87,Central,830.87
5043,2024-03-05,42.0,Female,Electronics,Power Bank,1,2699.34,South,2699.34
5044,2025-03-29,53.0,Female,Beauty,Lipstick Set,1,350.58,East,350.58
5045,2024-03-27,27.0,Male,Home & Kitchen,Storage Rack,1,1438.65,East,1438.65
5046,2024-05-25,36.0,Female,Home & Kitchen,Vacuum Flask,3,1299.02,West,3897.06
5047,2025-02-04,37.0,Female,Electronics,Bluetooth Speaker,1,2980.3,South,2980.3
5048,2024-11-02,35.0,Female,Clothing,Winter Hoodie,2,921.76,Central,1843.52
5049,2025-02-28,21.0,Female,Clothing,Running Shoes,1,1085.28,West,1085.28
5050,2025-06-26,33.0,Male,Beauty,Hair Dryer,1,820.17,East,820.17
5051,2025-04-04,30.0,Male,Sports,Dumbbell Set,1,1948.29,North,1948.29
5052,2025-02-11,23.0,Male,Electronics,Laptop Sleeve,2,4068.65,West,8137.3
5053,2024-07-29,52.0,Female,Home & Kitchen,Table Lamp,3,1683.7,South,5051.1
5054,2025-06-18,46.0,Male,Sports,Dumbbell Set,1,2025.2,Central,2025.2
5055,2024-12-11,30.0,Male,Home & Kitchen,Table Lamp,1,1774.09,South,1774.09
5056,2024-12-13,58.0,Male,Electronics,Power Bank,1,3451.88,East,3451.88
5057,2025-03-15,53.0,Male,Clothing,Formal Shirt,1,705.41,North,705.41
5058,2025-02-08,39.0,Male,Home & Kitchen,Non-stick Pan,1,1508.2,East,1508.2
5059,2025-12-13,34.0,Female,Electronics,Power Bank,1,2466.59,South,2466.59
5060,2024-11-03,41.0,Female,Beauty,Lipstick Set,3,516.24,North,1548.72
5061,2024-10-08,22.0,Male,Clothing,Denim Jacket,4,1118.22,East,4472.88
5062,2025-03-12,26.0,Female,Beauty,Sunscreen,1,802.06,East,802.06
5063,2025-08-21,23.0,Male,Home & Kitchen,Storage Rack,2,1557.88,West,3115.76
5064,2025-03-27,16.0,Female,Sports,Football,2,1195.53,East,2391.06
5065,2024-12-03,39.0,Female,Beauty,Sunscreen,2,714.82,West,1429.64
5066,2025-02-21,18.0,Male,Clothing,Denim Jacket,1,1353.37,Central,1353.37
5067,2025-08-05,17.0,Male,Sports,Football,1,2122.58,Central,2122.58
5068,2025-03-11,21.0,Male,Beauty,Hair Dryer,2,590.13,Central,1180.26
5069,2024-05-16,21.0,Female,Electronics,Wireless Earbuds,2,4573.76,East,9147.52
5070,2024-12-12,56.0,Female,Sports,Cycling Helmet,2,1905.33,North,3810.66
5071,2025-03-02,33.0,Female,Sports,Cycling Helmet,1,1096.27,North,1096.27
5072,2025-05-30,26.0,Male,Home & Kitchen,Vacuum Flask,1,1788.3,South,1788.3
5073,2024-03-14,25.0,Female,Electronics,Smartwatch,2,4148.68,East,8297.36
5074,2024-02-20,41.0,Female,Beauty,Face Serum,1,686.73,West,686.73
5075,2024-06-04,42.0,Male,Clothing,Denim Jacket,1,1121.88,West,1121.88
5076,2024-09-21,22.0,Male,Electronics,Smartwatch,3,3114.95,Central,9344.85
5077,2024-12-30,41.0,Male,Clothing,Running Shoes,1,743.67,West,743.67
5078,2024-09-30,35.0,Male,Clothing,Formal Shirt,1,1133.41,Central,1133.41
5079,2024-06-15,47.0,Female,Beauty,Hair Dryer,1,394.64,North,394.64
5080,2025-04-15,18.0,Female,Home & Kitchen,Blender,3,1364.39,North,4093.17
5081,2025-10-05,30.0,Male,Clothing,Formal Shirt,1,841.41,Central,841.41
5082,2024-11-12,26.0,Male,Clothing,Cotton T-Shirt,1,727.15,South,727.15
5083,2025-06-01,29.0,Female,Clothing,Denim Jacket,1,1168.61,North,1168.61
5084,2025-07-20,19.0,Male,Home & Kitchen,Vacuum Flask,2,1360.84,West,2721.68
5085,2024-08-12,16.0,Female,Home & Kitchen,Blender,1,1059.4,North,1059.4
5086,2025-06-15,23.0,Male,Beauty,Face Serum,2,701.9,East,1403.8
5087,2025-09-17,58.0,Female,Electronics,Wireless Earbuds,1,2376.2,South,2376.2
5088,2025-08-19,27.0,Male,Home & Kitchen,Blender,2,1577.4,North,3154.8
5089,2025-02-12,42.0,Male,Sports,Football,1,1729.59,West,1729.59
5090,2025-07-13,37.0,Male,Beauty,Hair Dryer,4,637.52,East,2550.08
5091,2024-10-14,36.0,Male,Beauty,Lipstick Set,1,731.0,East,731.0
5092,2024-12-07,32.0,Male,Beauty,Hair Dryer,2,636.0,South,1272.0
5093,2024-05-31,18.0,Female,Electronics,Smartwatch,2,3100.08,Central,6200.16
5094,2025-04-29,51.0,Male,Beauty,Sunscreen,1,514.8,North,514.8
5095,2024-08-25,32.0,Female,Clothing,Denim Jacket,1,926.77,North,926.77
5096,2024-03-04,34.0,Female,Clothing,Running Shoes,1,589.9,West,589.9
5097,2025-02-20,31.0,Female,Beauty,Perfume,1,805.75,West,805.75
5098,2025-03-09,17.0,Male,Electronics,Laptop Sleeve,3,3295.59,East,9886.77
5099,2024-05-10,30.0,Male,Sports,Cricket Bat,1,1672.56,South,1672.56
5100,2024-05-23,18.0,Female,Home & Kitchen,Table Lamp,1,1156.62,East,1156.62
5101,2024-06-13,33.0,Male,Electronics,Wireless Earbuds,1,4185.77,South,4185.77
5102,2025-05-10,30.0,Female,Electronics,Power Bank,1,4128.33,East,4128.33
5103,2025-07-20,45.0,Female,Clothing,Winter Hoodie,2,1007.26,South,2014.52
5104,2025-02-27,37.0,Female,Electronics,Power Bank,3,1807.01,Central,5421.03
5105,2024-11-01,20.0,Male,Beauty,Lipstick Set,1,713.23,West,713.23
5106,2024-12-02,29.0,Male,Sports,Dumbbell Set,1,1290.3,North,1290.3
5107,2025-03-25,44.0,Male,Clothing,Running Shoes,2,974.52,West,1949.04
5108,2024-02-06,46.0,Female,Home & Kitchen,Storage Rack,1,1103.09,North,1103.09
5109,2025-02-17,34.0,Female,Beauty,Face Serum,3,100.01,South,300.03
5110,2024-05-09,51.0,Female,Clothing,Formal Shirt,2,585.03,North,1170.06
5111,2025-02-14,23.0,Female,Home & Kitchen,Blender,3,1437.57,Central,4312.71
5112,2024-08-23,16.0,Female,Home & Kitchen,Vacuum Flask,3,1889.07,Central,5667.21
5113,2025-01-11,37.0,Male,Sports,Football,1,1322.76,North,1322.76
5114,2024-07-04,29.0,Male,Home & Kitchen,Table Lamp,2,1680.38,Central,3360.76
5115,2024-08-29,35.0,Male,Home & Kitchen,Table Lamp,4,1495.45,North,5981.8
5116,2024-08-03,31.0,Female,Home & Kitchen,Non-stick Pan,1,1333.36,West,1333.36
5117,2024-08-01,32.0,Male,Sports,Football,1,1620.98,West,1620.98
5118,2025-04-25,47.0,Male,Electronics,Bluetooth Speaker,2,3495.53,Central,6991.06
5119,2025-02-09,35.0,Female,Electronics,Smartwatch,1,3755.21,Central,3755.21
5120,2024-12-12,43.0,Female,Clothing,Formal Shirt,3,965.49,North,2896.47
5121,2024-11-23,46.0,Male,Clothing,Winter Hoodie,1,849.48,West,849.48
5122,2025-07-17,16.0,Male,Clothing,Formal Shirt,1,821.49,Central,821.49
5123,2025-07-02,25.0,Female,Beauty,Hair Dryer,2,381.18,East,762.36
5124,2024-11-24,28.0,Female,Sports,Yoga Mat,4,1455.69,East,5822.76
5125,2025-01-26,16.0,Female,Electronics,Wireless Earbuds,1,2893.93,North,2893.93
5126,2025-03-24,54.0,Male,Sports,Cricket Bat,2,1653.97,South,3307.94
5127,2024-08-11,25.0,Female,Sports,Football,1,1829.61,East,1829.61
5128,2024-05-30,50.0,Female,Clothing,Running Shoes,1,754.24,West,754.24
5129,2025-01-15,22.0,Female,Electronics,Bluetooth Speaker,3,2530.62,East,7591.86
5130,2025-01-20,34.0,Male,Home & Kitchen,Blender,1,1482.6,North,1482.6
5131,2025-06-24,40.0,Female,Home & Kitchen,Storage Rack,1,1202.47,West,1202.47
5132,2024-08-26,29.0,Male,Electronics,Laptop Sleeve,4,3805.36,West,15221.44
5133,2025-04-05,36.0,Male,Beauty,Face Serum,2,943.73,South,1887.46
5134,2024-11-23,40.0,Male,Clothing,Cotton T-Shirt,1,607.95,West,607.95
5135,2024-03-15,39.0,Male,Beauty,Sunscreen,4,542.81,East,2171.24
5136,2024-06-05,16.0,Female,Electronics,Power Bank,1,3819.49,North,3819.49
5137,2024-06-26,16.0,Male,Electronics,Power Bank,2,2697.74,North,5395.48
5138,2024-12-06,31.0,Male,Electronics,Wireless Earbuds,1,1956.28,West,1956.28
5139,2024-04-08,32.0,Male,Electronics,Smartwatch,1,2882.43,Central,2882.43
5140,2025-08-13,26.0,Male,Electronics,Smartwatch,2,1807.67,North,3615.34
5141,2024-12-17,29.0,Female,Sports,Cycling Helmet,2,1330.07,East,2660.14
5142,2025-03-09,25.0,Female,Sports,Cycling Helmet,2,1765.85,West,3531.7
5143,2025-08-22,44.0,Male,Home & Kitchen,Table Lamp,2,1010.81,South,2021.62
5144,2025-01-26,40.0,Male,Electronics,Power Bank,2,2441.9,Central,4883.8
5145,2024-04-02,37.0,Female,Home & Kitchen,Table Lamp,1,1293.19,West,1293.19
5146,2024-09-26,30.0,Male,Electronics,Bluetooth Speaker,3,4437.03,West,13311.09
5147,2025-02-12,16.0,Male,Electronics,Bluetooth Speaker,1,1218.0,South,1218.0
5148,2025-04-13,50.0,Female,Beauty,Hair Dryer,4,485.9,South,1943.6
5149,2025-07-23,16.0,Male,Electronics,Smartwatch,1,2283.14,West,2283.14
5150,2024-07-29,44.0,Male,Beauty,Perfume,1,968.76,East,968.76
5151,2024-05-01,40.0,Female,Home & Kitchen,Blender,2,2059.42,North,4118.84
5152,2024-04-15,20.0,Female,Beauty,Lipstick Set,1,808.01,North,808.01
5153,2024-10-11,21.0,Male,Beauty,Face Serum,1,555.48,Central,555.48
5154,2024-12-07,30.0,Male,Electronics,Power Bank,1,1755.56,Central,1755.56
5155,2025-05-25,38.0,Female,Home & Kitchen,Blender,2,1404.02,West,2808.04
5156,2024-05-11,17.0,Female,Electronics,Power Bank,1,2436.49,South,2436.49
5157,2025-06-14,48.0,Female,Sports,Cricket Bat,1,1406.83,South,1406.83
5158,2024-11-15,35.0,Male,Electronics,Wireless Earbuds,1,2212.46,West,2212.46
5159,2025-04-23,31.0,Male,Clothing,Winter Hoodie,1,324.59,South,324.59
5160,2025-09-09,51.0,Female,Sports,Dumbbell Set,1,1463.96,South,1463.96
5161,2024-09-16,37.0,Male,Clothing,Winter Hoodie,2,1068.75,North,2137.5
5162,2024-09-27,49.0,Female,Beauty,Sunscreen,3,725.09,East,2175.27
5163,2025-03-03,20.0,Female,Sports,Cricket Bat,1,1972.41,West,1972.41
5164,2024-07-25,41.0,Female,Beauty,Perfume,2,581.63,East,1163.26
5165,2025-08-28,36.0,Male,Electronics,Laptop Sleeve,2,4018.3,North,8036.6
5166,2024-12-26,38.0,Female,Electronics,Power Bank,2,3080.67,North,6161.34
5167,2024-07-22,44.0,Female,Beauty,Lipstick Set,1,855.87,Central,855.87
5168,2024-03-20,24.0,Female,Clothing,Formal Shirt,3,1168.2,South,3504.6
5169,2024-06-12,,Male,Sports,Cricket Bat,1,1301.73,North,1301.73
5170,2024-07-19,29.0,Female,Beauty,Lipstick Set,4,848.21,East,3392.84
5171,2024-07-23,42.0,Female,Electronics,Wireless Earbuds,1,2737.35,South,2737.35
5172,2024-06-29,21.0,Female,Home & Kitchen,Table Lamp,1,2158.26,Central,2158.26
5173,2025-09-18,34.0,Male,Clothing,Cotton T-Shirt,1,1007.54,South,1007.54
5174,2024-07-12,46.0,Female,Sports,Cricket Bat,1,2531.71,West,2531.71
5175,2024-06-27,33.0,Female,Clothing,Winter Hoodie,2,1021.29,North,2042.58
5176,2025-05-12,51.0,Male,Beauty,Lipstick Set,1,600.5,North,600.5
5177,2024-06-10,37.0,Female,Home & Kitchen,Blender,1,1636.3,West,1636.3
5178,2024-12-24,28.0,Male,Electronics,Smartwatch,1,4694.34,North,4694.34
5179,2025-02-15,22.0,Male,Clothing,Formal Shirt,2,1046.88,West,2093.76
5180,2025-05-03,18.0,Male,Sports,Yoga Mat,2,1095.35,Central,2190.7
5181,2025-02-25,27.0,Female,Clothing,Denim Jacket,2,1135.6,North,2271.2
5182,2024-12-02,33.0,Female,Sports,Football,3,2172.39,West,6517.17
5183,2025-09-13,22.0,Female,Electronics,Power Bank,4,3434.31,West,13737.24
5184,2024-11-28,43.0,Male,Clothing,Running Shoes,1,1324.07,South,1324.07
5185,2025-04-17,16.0,Male,Clothing,Winter Hoodie,3,991.69,Central,2975.07
5186,2025-06-08,16.0,Male,Clothing,Winter Hoodie,4,906.79,South,3627.16
5187,2025-06-05,35.0,Male,Clothing,Formal Shirt,2,981.19,North,1962.38
5188,2024-03-26,29.0,Male,Home & Kitchen,Storage Rack,2,1650.52,East,3301.04
5189,2025-04-07,26.0,Female,Home & Kitchen,Table Lamp,1,1457.52,West,1457.52
5190,2025-06-03,30.0,Male,Clothing,Cotton T-Shirt,1,1176.78,Central,1176.78
5191,2024-05-23,56.0,Female,Beauty,Sunscreen,1,358.57,North,358.57
5192,2024-07-13,43.0,Male,Beauty,Lipstick Set,4,714.09,Central,2856.36
5193,2025-07-05,47.0,Female,Clothing,Formal Shirt,2,450.58,North,901.16
5194,2024-11-06,53.0,Male,Electronics,Wireless Earbuds,1,3173.58,South,3173.58
5195,2024-04-02,54.0,Male,Sports,Football,2,1241.71,East,2483.42
5196,2024-09-14,33.0,Female,Electronics,Smartwatch,1,2608.75,West,2608.75
5197,2024-09-10,39.0,Female,Beauty,Face Serum,1,809.82,South,809.82
5198,2024-10-14,30.0,Female,Home & Kitchen,Table Lamp,1,1370.32,East,1370.32
5199,2024-02-06,27.0,Male,Beauty,Hair Dryer,2,642.94,West,1285.88
5200,2024-10-13,34.0,Male,Clothing,Winter Hoodie,1,994.63,Central,994.63
5201,2024-07-22,16.0,Male,Clothing,Running Shoes,2,1046.35,South,2092.7
5202,2025-01-25,40.0,Female,Electronics,Wireless Earbuds,1,2729.12,East,2729.12
5203,2024-06-22,26.0,Male,Clothing,Winter Hoodie,1,616.39,South,616.39
5204,2024-12-29,37.0,Male,Electronics,Smartwatch,1,3631.85,South,3631.85
5205,2024-11-11,23.0,Male,Electronics,Wireless Earbuds,1,3090.31,South,3090.31
5206,2025-01-23,16.0,Female,Sports,Dumbbell Set,2,1496.63,North,2993.26
5207,2025-01-17,34.0,Female,Electronics,Power Bank,1,3481.39,North,3481.39
5208,2025-03-07,40.0,Male,Home & Kitchen,Non-stick Pan,4,599.97,West,2399.88
5209,2025-02-05,37.0,Female,Home & Kitchen,Table Lamp,2,1615.21,North,3230.42
5210,2024-05-13,45.0,Female,Clothing,Formal Shirt,1,1117.45,West,1117.45
5211,2024-05-10,53.0,Male,Beauty,Lipstick Set,1,217.65,West,217.65
5212,2024-11-17,35.0,Female,Electronics,Bluetooth Speaker,2,4308.66,South,8617.32
5213,2025-02-08,46.0,Female,Home & Kitchen,Blender,1,1511.57,North,1511.57
5214,2024-12-22,30.0,Female,Electronics,Smartwatch,1,4085.77,Central,4085.77
5215,2024-07-07,30.0,Female,Home & Kitchen,Vacuum Flask,2,1503.68,North,3007.36
5216,2024-09-30,33.0,Female,Electronics,Smartwatch,1,3130.19,East,3130.19
5217,2025-07-11,27.0,Female,Electronics,Bluetooth Speaker,1,3483.96,South,3483.96
5218,2025-08-11,30.0,Male,Clothing,Running Shoes,4,945.17,North,3780.68
5219,2025-04-26,26.0,Female,Clothing,Winter Hoodie,2,964.72,East,1929.44
5220,2025-06-03,47.0,Male,Clothing,Formal Shirt,1,1130.16,North,1130.16
5221,2025-08-28,23.0,Female,Sports,Dumbbell Set,1,2304.0,West,2304.0
5222,2024-06-04,29.0,Male,Electronics,Wireless Earbuds,2,3099.07,West,6198.14
5223,2025-04-03,62.0,Female,Electronics,Bluetooth Speaker,2,3603.16,North,7206.32
5224,2024-05-23,42.0,Female,Electronics,Smartwatch,2,2968.57,Central,5937.14
5225,2024-11-28,38.0,Female,Electronics,Wireless Earbuds,2,2889.1,South,5778.2
5226,2024-09-13,38.0,Female,Electronics,Bluetooth Speaker,3,3316.31,East,9948.93
5227,2024-07-15,23.0,Female,Clothing,Running Shoes,1,746.08,East,746.08
5228,2024-12-20,40.0,Male,Electronics,Wireless Earbuds,2,3150.09,North,6300.18
5229,2024-07-10,40.0,Male,Electronics,Wireless Earbuds,1,3310.88,West,3310.88
5230,2025-08-18,51.0,Male,Clothing,Running Shoes,1,964.18,West,964.18
5231,2025-04-05,22.0,Male,Electronics,Bluetooth Speaker,1,4369.7,North,4369.7
5232,2025-01-27,38.0,Female,Home & Kitchen,Storage Rack,3,985.21,West,2955.63
5233,2024-12-11,28.0,Female,Home & Kitchen,Non-stick Pan,3,1446.14,South,4338.42
5234,2024-08-13,23.0,Female,Clothing,Cotton T-Shirt,1,795.44,South,795.44
5235,2024-12-20,35.0,Female,Sports,Yoga Mat,3,1211.79,Central,3635.37
5236,2024-09-10,28.0,Male,Sports,Yoga Mat,1,1772.32,West,1772.32
5237,2024-12-24,46.0,Male,Beauty,Face Serum,1,490.04,Central,490.04
5238,2024-06-19,21.0,Male,Clothing,Formal Shirt,1,572.17,East,572.17
5239,2024-09-03,51.0,Male,Beauty,Lipstick Set,4,753.47,Central,3013.88
5240,2024-08-01,43.0,Male,Sports,Cricket Bat,1,844.34,West,844.34
5241,2024-06-11,26.0,Female,Sports,Cricket Bat,1,1585.63,South,1585.63
5242,2025-02-27,31.0,Female,Electronics,Wireless Earbuds,1,3744.53,North,3744.53
5243,2025-01-01,38.0,Female,Sports,Yoga Mat,1,1687.89,Central,1687.89
5244,2025-07-30,29.0,Male,Sports,Dumbbell Set,1,1045.88,West,1045.88
5245,2024-04-16,40.0,Male,Sports,Cricket Bat,1,1834.93,North,1834.93
5246,2024-12-23,16.0,Male,Electronics,Smartwatch,2,4023.59,South,8047.18
5247,2024-10-19,36.0,Male,Home & Kitchen,Blender,3,960.08,South,2880.24
5248,2024-12-07,54.0,Female,Home & Kitchen,Non-stick Pan,2,2158.04,East,4316.08
5249,2024-07-18,34.0,Female,Sports,Football,1,1597.22,West,1597.22
5250,2025-04-12,36.0,Male,Clothing,Denim Jacket,3,605.16,South,1815.48
5251,2024-07-31,40.0,Male,Sports,Cycling Helmet,2,1874.03,West,3748.06
5252,2025-10-06,35.0,Female,Sports,Football,2,1798.32,West,3596.64
5253,2025-04-07,27.0,Male,Electronics,Smartwatch,1,3303.73,East,3303.73
5254,2025-08-11,54.0,Female,Clothing,Winter Hoodie,2,1191.44,West,2382.88
5255,2025-06-13,58.0,Male,Electronics,Smartwatch,1,1978.17,Central,1978.17
5256,2024-09-06,39.0,Female,Sports,Cricket Bat,4,1273.13,Central,5092.52
5257,2025-03-09,33.0,Female,Beauty,Lipstick Set,1,539.11,North,539.11
5258,2024-04-02,17.0,Female,Clothing,Winter Hoodie,1,581.08,East,581.08
5259,2024-09-24,43.0,Male,Electronics,Laptop Sleeve,1,3134.82,South,3134.82
5260,2024-10-25,23.0,Male,Beauty,Face Serum,1,400.48,North,400.48
5261,2025-07-30,45.0,Female,Clothing,Cotton T-Shirt,1,770.43,South,770.43
5262,2025-01-22,21.0,Male,Clothing,Denim Jacket,3,724.72,West,2174.16
5263,2025-04-19,,Female,Electronics,Power Bank,1,2386.5,South,2386.5
5264,2024-11-02,52.0,Male,Beauty,Sunscreen,1,917.6,Central,917.6
5265,2025-01-15,39.0,Female,Electronics,Wireless Earbuds,1,3232.05,West,3232.05
5266,2025-01-20,48.0,Female,Clothing,Cotton T-Shirt,1,1033.96,South,1033.96
5267,2025-11-07,21.0,Female,Clothing,Running Shoes,1,868.15,Central,868.15
5268,2025-11-03,37.0,Male,Beauty,Face Serum,3,612.97,South,1838.91
5269,2025-04-28,36.0,Female,Sports,Dumbbell Set,2,1342.91,East,2685.82
5270,2024-07-28,17.0,Female,Home & Kitchen,Non-stick Pan,1,1862.26,West,1862.26
5271,2024-11-02,32.0,Female,Clothing,Running Shoes,1,1026.16,South,1026.16
5272,2024-09-01,21.0,Female,Electronics,Power Bank,1,3394.67,Central,3394.67
5273,2024-11-13,38.0,Male,Clothing,Cotton T-Shirt,2,1347.78,South,2695.56
5274,2025-10-03,47.0,Male,Electronics,Wireless Earbuds,2,3219.18,East,6438.36
5275,2024-04-06,42.0,Female,Home & Kitchen,Vacuum Flask,1,1452.65,South,1452.65
5276,2024-05-05,25.0,Female,Clothing,Running Shoes,2,547.17,West,1094.34
5277,2024-09-03,45.0,Male,Sports,Dumbbell Set,1,1195.07,North,1195.07
5278,2025-06-12,18.0,Female,Clothing,Running Shoes,1,983.07,West,983.07
5279,2024-08-10,34.0,Female,Home & Kitchen,Storage Rack,1,1181.32,West,1181.32
5280,2025-04-12,34.0,Female,Electronics,Smartwatch,1,2348.6,East,2348.6
5281,2025-06-26,47.0,Male,Clothing,Winter Hoodie,3,430.63,South,1291.89
5282,2025-05-07,47.0,Male,Sports,Cycling Helmet,2,1275.8,East,2551.6
5283,2024-11-07,24.0,Male,Electronics,Smartwatch,1,1687.38,West,1687.38
5284,2025-07-04,44.0,Female,Home & Kitchen,Table Lamp,2,1420.87,North,2841.74
5285,2024-08-12,54.0,Male,Electronics,Power Bank,2,3879.86,North,7759.72
5286,2024-07-07,48.0,Male,Sports,Football,2,1496.44,South,2992.88
5287,2024-06-20,23.0,Male,Home & Kitchen,Storage Rack,1,1315.32,East,1315.32
5288,2025-02-06,34.0,Female,Electronics,Bluetooth Speaker,1,2416.04,Central,2416.04
5289,2024-04-22,41.0,Male,Electronics,Wireless Earbuds,2,3147.06,East,6294.12
5290,2024-12-06,34.0,Female,Clothing,Denim Jacket,2,916.39,East,1832.78
5291,2024-10-03,41.0,Female,Home & Kitchen,Blender,1,1630.93,Central,1630.93
5292,2025-11-14,38.0,Male,Home & Kitchen,Vacuum Flask,1,2045.66,West,2045.66
5293,2024-07-31,16.0,Male,Home & Kitchen,Non-stick Pan,3,1355.78,North,4067.34
5294,2025-10-30,40.0,Male,Electronics,Bluetooth Speaker,3,3870.09,North,11610.27
5295,2024-10-15,24.0,Male,Clothing,Denim Jacket,1,920.58,Central,920.58
5296,2025-07-15,24.0,Male,Electronics,Laptop Sleeve,3,3111.89,West,9335.67
5297,2024-03-13,32.0,Male,Sports,Football,2,1529.92,North,3059.84
5298,2025-02-07,52.0,Female,Home & Kitchen,Vacuum Flask,1,1044.02,North,1044.02
5299,2024-08-13,26.0,Male,Electronics,Smartwatch,4,2759.86,South,11039.44
5300,2024-12-03,46.0,Female,Electronics,Bluetooth Speaker,1,2824.39,East,2824.39
5301,2025-04-26,38.0,Male,Clothing,Denim Jacket,1,1287.01,West,1287.01
5302,2024-03-03,40.0,Male,Electronics,Bluetooth Speaker,1,3568.6,South,3568.6
5303,2025-03-04,48.0,Female,Sports,Yoga Mat,3,1675.84,Central,5027.52
5304,2025-09-08,43.0,Male,Clothing,Formal Shirt,2,769.58,North,1539.16
5305,2025-11-21,60.0,Female,Home & Kitchen,Table Lamp,1,2128.09,South,2128.09
5306,2025-03-25,25.0,Male,Home & Kitchen,Vacuum Flask,2,1542.34,South,3084.68
5307,2025-01-11,22.0,Male,Home & Kitchen,Blender,3,1425.65,West,4276.95
5308,2024-05-12,32.0,Female,Home & Kitchen,Table Lamp,4,1212.57,East,4850.28
5309,2024-11-21,43.0,Male,Home & Kitchen,Blender,3,1544.64,East,4633.92
5310,2024-06-07,53.0,Female,Beauty,Perfume,2,789.81,Central,1579.62
5311,2024-09-08,33.0,Female,Beauty,Lipstick Set,3,785.18,North,2355.54
5312,2024-12-16,24.0,Male,Home & Kitchen,Storage Rack,2,1134.3,South,2268.6
5313,2025-01-01,34.0,Female,Clothing,Formal Shirt,2,910.56,South,1821.12
5314,2024-06-25,60.0,Male,Home & Kitchen,Blender,4,1408.75,West,5635.0
5315,2025-03-28,18.0,Male,Clothing,Winter Hoodie,1,1024.55,Central,1024.55
5316,2024-09-20,51.0,Male,Clothing,Winter Hoodie,1,834.11,South,834.11
5317,2025-04-15,16.0,Female,Sports,Cycling Helmet,1,1304.75,East,1304.75
5318,2024-07-22,44.0,Female,Electronics,Wireless Earbuds,1,3446.08,West,3446.08
5319,2025-01-16,45.0,Female,Electronics,Bluetooth Speaker,2,3749.48,North,7498.96
5320,2025-01-05,58.0,Female,Home & Kitchen,Table Lamp,3,1474.26,South,4422.78
5321,2025-06-28,27.0,Male,Home & Kitchen,Storage Rack,1,882.08,South,882.08
5322,2024-10-26,36.0,Male,Electronics,Bluetooth Speaker,1,4114.26,East,4114.26
5323,2025-05-05,19.0,Female,Electronics,Bluetooth Speaker,2,5204.68,South,10409.36
5324,2025-01-20,49.0,Male,Electronics,Wireless Earbuds,3,3191.64,East,9574.92
5325,2024-09-29,44.0,Male,Clothing,Winter Hoodie,1,1062.22,North,1062.22
5326,2025-09-06,41.0,Female,Electronics,Power Bank,1,3011.49,East,3011.49
5327,2024-12-09,31.0,Male,Sports,Cycling Helmet,1,1930.51,West,1930.51
5328,2024-08-15,31.0,Male,Clothing,Cotton T-Shirt,2,535.94,South,1071.88
5329,2024-10-12,23.0,Female,Electronics,Smartwatch,1,2872.63,Central,2872.63
5330,2024-03-08,19.0,Female,Home & Kitchen,Blender,1,1575.45,North,1575.45
5331,2025-08-11,32.0,Female,Beauty,Face Serum,1,583.14,South,583.14
5332,2025-02-07,30.0,Female,Home & Kitchen,Storage Rack,1,1399.35,South,1399.35
5333,2024-06-12,24.0,Male,Electronics,Smartwatch,1,1874.09,South,1874.09
5334,2024-06-05,25.0,Male,Electronics,Bluetooth Speaker,1,3562.35,North,3562.35
5335,2024-10-13,46.0,Female,Beauty,Hair Dryer,3,917.16,East,2751.48
5336,2024-05-23,16.0,Female,Clothing,Running Shoes,2,758.25,South,1516.5
5337,2025-01-25,31.0,Male,Clothing,Winter Hoodie,2,563.58,North,1127.16
5338,2025-04-21,52.0,Male,Electronics,Wireless Earbuds,1,3007.96,West,3007.96
5339,2025-09-02,34.0,Female,Clothing,Winter Hoodie,2,997.67,North,1995.34
5340,2024-11-20,27.0,Female,Beauty,Sunscreen,2,551.27,West,1102.54
5341,2024-07-23,16.0,Male,Home & Kitchen,Vacuum Flask,2,1903.8,West,3807.6
5342,2024-06-30,47.0,Male,Home & Kitchen,Vacuum Flask,2,1902.63,East,3805.26
5343,2025-02-04,36.0,Female,Clothing,Denim Jacket,2,419.87,West,839.74
5344,2024-04-26,39.0,Male,Electronics,Smartwatch,1,2767.38,North,2767.38
5345,2025-04-25,42.0,Male,Beauty,Lipstick Set,1,479.14,Central,479.14
5346,2025-09-16,37.0,Male,Sports,Dumbbell Set,2,1495.14,East,2990.28
5347,2025-02-26,24.0,Female,Clothing,Winter Hoodie,1,188.17,North,188.17
5348,2025-04-07,26.0,Female,Beauty,Perfume,1,228.7,South,228.7
5349,2024-11-28,21.0,Male,Electronics,Bluetooth Speaker,1,1438.52,Central,1438.52
5350,2024-12-23,44.0,Male,Beauty,Perfume,1,630.27,West,630.27
5351,2025-03-02,40.0,Female,Sports,Yoga Mat,1,1601.85,East,1601.85
5352,2025-03-25,33.0,Male,Home & Kitchen,Non-stick Pan,2,1350.89,East,2701.78
5353,2025-05-05,25.0,Male,Beauty,Lipstick Set,1,871.33,South,871.33
5354,2024-06-25,34.0,Male,Clothing,Formal Shirt,1,658.25,South,658.25
5355,2025-05-20,37.0,Male,Beauty,Sunscreen,1,308.85,North,308.85
5356,2024-04-16,16.0,Male,Clothing,Denim Jacket,2,1071.05,West,2142.1
5357,2024-08-28,20.0,Female,Electronics,Bluetooth Speaker,1,3074.44,Central,3074.44
5358,2024-08-26,50.0,Male,Clothing,Running Shoes,4,1000.07,East,4000.28
5359,2025-07-16,21.0,Male,Home & Kitchen,Vacuum Flask,1,1511.93,South,1511.93
5360,2024-09-14,32.0,Male,Sports,Dumbbell Set,1,1349.22,Central,1349.22
5361,2025-02-25,42.0,Male,Electronics,Laptop Sleeve,3,3178.99,West,9536.97
5362,2024-11-10,21.0,Female,Clothing,Winter Hoodie,2,947.35,East,1894.7
5363,2025-05-23,47.0,Male,Home & Kitchen,Non-stick Pan,1,1108.41,North,1108.41
5364,2024-08-25,24.0,Male,Electronics,Power Bank,2,3767.02,North,7534.04
5365,2024-09-29,25.0,Male,Electronics,Wireless Earbuds,1,3268.61,Central,3268.61
5366,2025-06-27,50.0,Male,Sports,Dumbbell Set,1,1837.18,North,1837.18
5367,2024-09-10,27.0,Male,Clothing,Denim Jacket,1,698.53,North,698.53
5368,2024-09-14,38.0,Female,Home & Kitchen,Vacuum Flask,1,1568.7,East,1568.7
5369,2024-07-26,35.0,Female,Home & Kitchen,Non-stick Pan,3,1576.0,Central,4728.0
5370,2024-09-24,30.0,Male,Clothing,Formal Shirt,3,775.98,West,2327.94
5371,2025-05-27,26.0,Male,Electronics,Smartwatch,2,2762.05,East,5524.1
5372,2024-04-04,41.0,Female,Electronics,Laptop Sleeve,1,4740.81,East,4740.81
5373,2024-04-15,30.0,Female,Electronics,Laptop Sleeve,2,2900.16,South,5800.32
5374,2024-04-03,45.0,Female,Clothing,Winter Hoodie,1,445.81,North,445.81
5375,2025-10-09,31.0,Female,Electronics,Laptop Sleeve,1,4108.86,North,4108.86
5376,2025-09-21,46.0,Male,Clothing,Formal Shirt,1,1190.54,West,1190.54
5377,2024-07-31,29.0,Female,Beauty,Sunscreen,4,668.76,South,2675.04
5378,2024-11-19,17.0,Female,Clothing,Formal Shirt,1,558.68,West,558.68
5379,2025-08-11,39.0,Female,Clothing,Denim Jacket,1,530.35,Central,530.35
5380,2024-11-11,47.0,Female,Beauty,Face Serum,1,757.44,Central,757.44
5381,2025-03-05,42.0,Female,Home & Kitchen,Non-stick Pan,1,1580.08,Central,1580.08
5382,2024-07-08,41.0,Male,Electronics,Wireless Earbuds,1,3042.16,South,3042.16
5383,2024-02-22,25.0,Male,Clothing,Cotton T-Shirt,1,1515.87,West,1515.87
5384,2025-08-19,35.0,Female,Home & Kitchen,Storage Rack,2,1685.01,West,3370.02
5385,2025-04-01,35.0,Female,Electronics,Wireless Earbuds,1,4107.08,North,4107.08
5386,2025-01-28,43.0,Female,Electronics,Wireless Earbuds,1,3534.1,East,3534.1
5387,2024-05-01,34.0,Male,Home & Kitchen,Blender,4,1076.38,North,4305.52
5388,2024-11-21,39.0,Male,Clothing,Running Shoes,4,961.13,East,3844.52
5389,2024-06-30,35.0,Female,Clothing,Winter Hoodie,3,1082.49,North,3247.47
5390,2025-11-25,26.0,Male,Clothing,Running Shoes,3,1192.91,South,3578.73
5391,2024-09-27,38.0,Female,Clothing,Cotton T-Shirt,1,982.64,East,982.64
5392,2024-09-24,45.0,Female,Electronics,Smartwatch,1,5707.45,West,5707.45
5393,2024-12-25,16.0,Male,Electronics,Bluetooth Speaker,3,3658.05,West,10974.15
5394,2024-11-18,16.0,Female,Electronics,Smartwatch,4,4262.65,South,17050.6
5395,2025-05-16,,Male,Clothing,Running Shoes,1,944.73,West,944.73
5396,2024-05-19,45.0,Female,Sports,Yoga Mat,2,2556.07,East,5112.14
5397,2024-11-11,49.0,Male,Electronics,Smartwatch,2,2889.3,South,5778.6
5398,2025-04-11,34.0,Male,Electronics,Smartwatch,2,3429.34,North,6858.68
5399,2025-03-15,35.0,Female,Beauty,Perfume,1,464.23,East,464.23
5400,2024-08-23,30.0,Female,Clothing,Denim Jacket,1,900.33,West,900.33
5401,2024-11-02,37.0,Female,Clothing,Winter Hoodie,4,970.26,Central,3881.04
5402,2025-07-27,33.0,Female,Electronics,Wireless Earbuds,2,2763.31,West,5526.62
5403,2025-04-06,38.0,Female,Clothing,Denim Jacket,1,1180.72,West,1180.72
5404,2025-04-17,38.0,Male,Clothing,Cotton T-Shirt,1,913.98,East,913.98
5405,2025-08-16,45.0,Female,Clothing,Denim Jacket,1,1024.56,North,1024.56
5406,2024-07-08,25.0,Female,Sports,Football,2,2594.73,North,5189.46
5407,2024-10-06,31.0,Male,Home & Kitchen,Vacuum Flask,1,1246.31,West,1246.31
5408,2024-12-18,34.0,Female,Sports,Dumbbell Set,3,1665.02,North,4995.06
5409,2025-01-30,16.0,Female,Beauty,Perfume,3,641.64,Central,1924.92
5410,2025-01-22,38.0,Female,Beauty,Face Serum,3,802.13,North,2406.39
5411,2025-06-16,48.0,Male,Beauty,Lipstick Set,2,847.14,Central,1694.28
5412,2025-04-19,29.0,Male,Home & Kitchen,Blender,1,2061.05,North,2061.05
5413,2025-05-18,42.0,Male,Electronics,Wireless Earbuds,1,3157.75,North,3157.75
5414,2024-06-21,35.0,Male,Electronics,Laptop Sleeve,1,3789.33,West,3789.33
5415,2025-01-01,31.0,Female,Sports,Cricket Bat,4,2901.96,East,11607.84
5416,2024-07-27,36.0,Female,Electronics,Smartwatch,2,2498.48,South,4996.96
5417,2024-11-25,24.0,Female,Sports,Football,1,1237.63,East,1237.63
5418,2024-07-22,16.0,Male,Sports,Football,3,1828.41,North,5485.23
5419,2025-04-06,27.0,Female,Home & Kitchen,Vacuum Flask,3,1270.47,South,3811.41
5420,2024-03-24,49.0,Male,Home & Kitchen,Table Lamp,1,1520.08,Central,1520.08
5421,2025-07-04,47.0,Male,Electronics,Power Bank,1,3239.21,East,3239.21
5422,2025-02-24,49.0,Male,Clothing,Cotton T-Shirt,3,884.43,South,2653.29
5423,2025-01-06,42.0,Male,Electronics,Laptop Sleeve,2,3608.34,East,7216.68
5424,2025-06-09,21.0,Male,Beauty,Face Serum,3,724.2,West,2172.6
5425,2024-08-02,31.0,Male,Beauty,Face Serum,2,494.33,West,988.66
5426,2025-02-14,25.0,Male,Electronics,Smartwatch,4,2151.86,West,8607.44
5427,2025-01-04,41.0,Male,Clothing,Winter Hoodie,3,561.61,Central,1684.83
5428,2025-06-08,43.0,Female,Home & Kitchen,Table Lamp,1,1395.77,Central,1395.77
5429,2025-02-17,40.0,Female,Home & Kitchen,Non-stick Pan,1,1015.59,South,1015.59
5430,2024-09-28,16.0,Male,Sports,Cricket Bat,1,1491.19,North,1491.19
5431,2025-02-13,41.0,Female,Electronics,Bluetooth Speaker,1,2543.22,West,2543.22
5432,2024-09-20,49.0,Female,Clothing,Denim Jacket,1,599.68,Central,599.68
5433,2025-01-03,47.0,Male,Electronics,Smartwatch,4,3530.7,North,14122.8
5434,2024-05-15,33.0,Female,Electronics,Laptop Sleeve,1,3276.86,South,3276.86
5435,2024-10-28,38.0,Female,Clothing,Denim Jacket,1,710.16,South,710.16
5436,2024-12-14,30.0,Male,Sports,Cycling Helmet,2,1623.18,Central,3246.36
5437,2025-04-02,48.0,Female,Home & Kitchen,Storage Rack,1,1917.85,Central,1917.85
5438,2025-03-26,28.0,Female,Home & Kitchen,Table Lamp,1,2228.31,North,2228.31
5439,2024-07-04,46.0,Male,Beauty,Hair Dryer,3,526.72,North,1580.16
5440,2024-06-17,27.0,Male,Clothing,Denim Jacket,3,773.82,West,2321.46
5441,2025-04-26,37.0,Female,Clothing,Cotton T-Shirt,1,334.66,South,334.66
5442,2024-04-10,26.0,Male,Clothing,Winter Hoodie,2,836.91,East,1673.82
5443,2024-10-07,21.0,Female,Clothing,Denim Jacket,3,887.71,South,2663.13
5444,2025-05-02,30.0,Male,Electronics,Power Bank,1,3327.2,West,3327.2
5445,2025-08-18,38.0,Female,Clothing,Running Shoes,1,1278.17,West,1278.17
5446,2025-09-01,40.0,Male,Electronics,Smartwatch,1,3985.83,Central,3985.83
5447,2024-12-12,35.0,Female,Electronics,Wireless Earbuds,1,3161.98,Central,3161.98
5448,2025-02-02,49.0,Female,Electronics,Wireless Earbuds,4,3520.57,Central,14082.28
5449,2025-01-12,33.0,Male,Electronics,Power Bank,1,2362.88,East,2362.88
5450,2024-09-19,33.0,Male,Electronics,Wireless Earbuds,2,2698.97,Central,5397.94
5451,2025-05-04,29.0,Female,Clothing,Winter Hoodie,2,1177.18,West,2354.36
5452,2025-04-19,36.0,Female,Beauty,Lipstick Set,3,783.05,East,2349.15
5453,2025-03-13,34.0,Male,Home & Kitchen,Vacuum Flask,1,1371.35,East,1371.35
5454,2025-05-09,33.0,Female,Electronics,Laptop Sleeve,1,3603.48,West,3603.48
5455,2025-03-12,32.0,Female,Clothing,Formal Shirt,1,1027.99,South,1027.99
5456,2024-02-11,33.0,Male,Clothing,Cotton T-Shirt,1,1215.07,West,1215.07
5457,2024-10-26,39.0,Female,Home & Kitchen,Table Lamp,3,2005.13,South,6015.39
5458,2024-09-01,34.0,Male,Home & Kitchen,Storage Rack,1,1660.0,South,1660.0
5459,2024-10-17,27.0,Male,Home & Kitchen,Table Lamp,1,1138.83,West,1138.83
5460,2025-04-21,26.0,Female,Electronics,Bluetooth Speaker,1,3417.41,East,3417.41
5461,2024-05-07,42.0,Female,Electronics,Laptop Sleeve,1,2862.19,West,2862.19
5462,2025-03-07,48.0,Female,Electronics,Smartwatch,1,1800.24,North,1800.24
5463,2024-11-10,23.0,Male,Electronics,Laptop Sleeve,1,1709.58,East,1709.58
5464,2024-12-17,27.0,Female,Home & Kitchen,Blender,1,1490.34,West,1490.34
5465,2024-11-22,34.0,Male,Electronics,Power Bank,3,3993.51,South,11980.53
5466,2024-04-18,37.0,Male,Clothing,Cotton T-Shirt,2,1123.69,North,2247.38
5467,2025-03-14,28.0,Male,Clothing,Running Shoes,4,852.53,North,3410.12
5468,2025-01-26,25.0,Female,Electronics,Laptop Sleeve,1,3094.43,South,3094.43
5469,2025-08-12,24.0,Female,Electronics,Smartwatch,2,3291.1,West,6582.2
5470,2025-03-28,52.0,Male,Clothing,Running Shoes,2,1248.65,West,2497.3
5471,2024-08-20,40.0,Male,Electronics,Power Bank,4,2523.82,Central,10095.28
5472,2024-06-27,41.0,Male,Sports,Cycling Helmet,2,1645.04,East,3290.08
5473,2025-04-27,38.0,Female,Sports,Dumbbell Set,1,1072.54,East,1072.54
5474,2025-09-27,44.0,Female,Clothing,Running Shoes,1,1362.69,East,1362.69
5475,2025-03-29,37.0,Female,Beauty,Sunscreen,1,613.93,West,613.93
5476,2025-02-14,31.0,Male,Electronics,Laptop Sleeve,4,3475.74,West,13902.96
5477,2025-08-27,42.0,Male,Clothing,Cotton T-Shirt,4,798.31,West,3193.24
5478,2024-08-09,38.0,Female,Beauty,Perfume,3,785.42,Central,2356.26
5479,2024-11-02,34.0,Female,Home & Kitchen,Blender,1,1572.01,East,1572.01
5480,2024-10-03,40.0,Male,Clothing,Denim Jacket,4,950.26,East,3801.04
5481,2024-10-02,34.0,Female,Beauty,Face Serum,1,342.29,Central,342.29
5482,2025-07-20,41.0,Male,Sports,Dumbbell Set,1,1294.28,North,1294.28
5483,2024-05-07,30.0,Female,Clothing,Cotton T-Shirt,1,1035.83,West,1035.83
5484,2025-01-04,33.0,Male,Clothing,Formal Shirt,1,1099.64,North,1099.64
5485,2025-04-28,46.0,Female,Electronics,Smartwatch,1,3070.25,South,3070.25
5486,2025-01-19,34.0,Male,Sports,Football,1,1027.76,North,1027.76
5487,2025-07-07,38.0,Male,Clothing,Running Shoes,3,858.23,East,2574.69
5488,2024-06-25,49.0,Female,Sports,Cycling Helmet,1,1675.56,Central,1675.56
5489,2024-05-24,18.0,Female,Home & Kitchen,Table Lamp,2,1405.11,South,2810.22
5490,2024-12-22,31.0,Male,Clothing,Denim Jacket,2,703.27,North,1406.54
5491,2024-09-06,35.0,Female,Home & Kitchen,Storage Rack,1,1623.26,West,1623.26
5492,2025-03-20,42.0,Female,Clothing,Cotton T-Shirt,1,932.42,Central,932.42
5493,2024-11-07,21.0,Male,Home & Kitchen,Storage Rack,1,1359.96,West,1359.96
5494,2025-09-11,16.0,Female,Clothing,Denim Jacket,1,1068.1,Central,1068.1
5495,2024-03-19,30.0,Male,Electronics,Bluetooth Speaker,1,2277.77,Central,2277.77
5496,2025-06-21,16.0,Female,Home & Kitchen,Non-stick Pan,1,1147.14,South,1147.14
5497,2024-05-10,16.0,Male,Clothing,Formal Shirt,2,616.01,Central,1232.02
5498,2025-06-10,16.0,Male,Sports,Yoga Mat,1,1826.13,South,1826.13
5499,2025-05-27,45.0,Female,Sports,Yoga Mat,2,1113.74,Central,2227.48
5500,2025-01-24,46.0,Female,Beauty,Perfume,1,813.4,North,813.4
5501,2025-06-06,31.0,Female,Clothing,Running Shoes,1,762.36,South,762.36
5502,2025-02-15,21.0,Female,Clothing,Formal Shirt,3,591.99,East,1775.97
5503,2025-05-09,19.0,Male,Electronics,Wireless Earbuds,3,1130.57,West,3391.71
5504,2025-07-04,19.0,Female,Home & Kitchen,Vacuum Flask,2,1589.96,Central,3179.92
5505,2024-09-11,30.0,Male,Home & Kitchen,Table Lamp,1,1645.83,West,1645.83
5506,2024-10-20,32.0,Male,Clothing,Winter Hoodie,1,928.02,North,928.02
5507,2024-08-12,47.0,Female,Clothing,Running Shoes,3,788.43,West,2365.29
5508,2025-07-27,23.0,Male,Home & Kitchen,Non-stick Pan,1,1857.29,East,1857.29
5509,2024-09-09,16.0,Male,Clothing,Winter Hoodie,3,950.91,South,2852.73
5510,2025-04-19,36.0,Male,Electronics,Laptop Sleeve,1,3415.33,South,3415.33
5511,2024-03-21,39.0,Female,Beauty,Hair Dryer,1,726.41,Central,726.41
5512,2025-04-15,47.0,Female,Clothing,Running Shoes,1,1164.79,West,1164.79
5513,2025-05-18,33.0,Female,Home & Kitchen,Storage Rack,1,1937.75,West,1937.75
5514,2024-11-17,51.0,Female,Beauty,Lipstick Set,3,662.77,South,1988.31
5515,2025-05-22,31.0,Female,Electronics,Power Bank,3,2564.26,East,7692.78
5516,2025-04-26,33.0,Male,Clothing,Denim Jacket,1,851.69,North,851.69
5517,2024-07-19,27.0,Male,Clothing,Running Shoes,3,920.46,West,2761.38
5518,2025-06-16,39.0,Male,Electronics,Laptop Sleeve,3,3961.55,North,11884.65
5519,2024-08-07,43.0,Male,Clothing,Running Shoes,1,593.28,East,593.28
5520,2024-05-29,29.0,Male,Beauty,Sunscreen,4,742.57,South,2970.28
5521,2025-06-01,43.0,Male,Home & Kitchen,Non-stick Pan,2,2018.95,South,4037.9
5522,2024-06-15,47.0,Female,Home & Kitchen,Table Lamp,1,1170.96,East,1170.96
5523,2024-09-08,30.0,Female,Beauty,Face Serum,2,852.82,South,1705.64
5524,2025-07-30,36.0,Male,Electronics,Bluetooth Speaker,1,2908.0,North,2908.0
5525,2025-06-04,31.0,Female,Clothing,Formal Shirt,2,911.56,North,1823.12
5526,2025-08-06,36.0,Male,Clothing,Denim Jacket,2,1109.04,Central,2218.08
5527,2024-07-27,47.0,Male,Clothing,Winter Hoodie,3,450.47,West,1351.41
5528,2024-07-04,30.0,Male,Electronics,Bluetooth Speaker,1,2504.47,North,2504.47
5529,2025-10-16,46.0,Male,Home & Kitchen,Storage Rack,3,1717.2,West,5151.6
5530,2025-04-22,40.0,Male,Electronics,Bluetooth Speaker,2,4039.27,West,8078.54
5531,2025-08-06,21.0,Female,Electronics,Bluetooth Speaker,1,4862.31,East,4862.31
5532,2024-09-28,36.0,Male,Home & Kitchen,Vacuum Flask,3,1214.46,West,3643.38
5533,2025-08-02,36.0,Male,Electronics,Power Bank,3,3039.22,West,9117.66
5534,2025-02-21,36.0,Male,Beauty,Hair Dryer,1,444.34,East,444.34
5535,2024-11-04,45.0,Male,Beauty,Face Serum,1,712.93,North,712.93
5536,2025-06-04,62.0,Male,Home & Kitchen,Table Lamp,1,1655.25,West,1655.25
5537,2025-07-22,47.0,Female,Sports,Cricket Bat,3,1381.61,South,4144.83
5538,2025-05-24,48.0,Female,Sports,Cycling Helmet,1,1546.71,Central,1546.71
5539,2024-07-06,35.0,Male,Sports,Yoga Mat,1,1220.69,West,1220.69
5540,2024-07-30,30.0,Female,Beauty,Hair Dryer,1,494.15,East,494.15
5541,2025-01-09,26.0,Female,Electronics,Wireless Earbuds,2,4323.53,West,8647.06
5542,2025-02-23,18.0,Male,Electronics,Power Bank,1,2445.33,East,2445.33
5543,2025-01-04,54.0,Female,Electronics,Smartwatch,1,2762.63,North,2762.63
5544,2025-08-17,24.0,Female,Clothing,Cotton T-Shirt,1,1004.16,North,1004.16
5545,2025-01-04,42.0,Male,Sports,Dumbbell Set,3,1957.6,South,5872.8
5546,2025-06-11,42.0,Female,Clothing,Formal Shirt,1,1224.18,Central,1224.18
5547,2024-12-27,41.0,Male,Sports,Yoga Mat,2,1922.24,South,3844.48
5548,2025-04-01,40.0,Male,Electronics,Smartwatch,1,1930.39,East,1930.39
5549,2025-04-13,37.0,Female,Beauty,Perfume,1,527.21,South,527.21
5550,2025-04-13,49.0,Female,Home & Kitchen,Blender,1,1219.78,North,1219.78
5551,2024-03-19,38.0,Female,Home & Kitchen,Blender,1,791.15,North,791.15
5552,2025-08-28,16.0,Male,Clothing,Running Shoes,1,682.78,North,682.78
5553,2024-06-22,45.0,Female,Electronics,Wireless Earbuds,2,3558.55,South,7117.1
5554,2024-01-18,39.0,Female,Clothing,Cotton T-Shirt,2,622.24,South,1244.48
5555,2024-10-29,16.0,Female,Sports,Football,1,1330.47,East,1330.47
5556,2025-07-05,21.0,Female,Clothing,Running Shoes,3,971.18,North,2913.54
5557,2024-10-02,44.0,Male,Electronics,Smartwatch,1,3583.33,West,3583.33
5558,2025-04-04,44.0,Female,Electronics,Wireless Earbuds,2,3549.51,East,7099.02
5559,2024-11-27,32.0,Male,Home & Kitchen,Vacuum Flask,1,1620.54,Central,1620.54
5560,2024-05-01,34.0,Male,Home & Kitchen,Blender,2,1320.09,West,2640.18
5561,2024-12-19,24.0,Female,Electronics,Laptop Sleeve,1,2845.99,North,2845.99
5562,2025-08-20,53.0,Male,Clothing,Winter Hoodie,1,809.2,East,809.2
5563,2024-12-10,53.0,Female,Electronics,Wireless Earbuds,1,3931.25,West,3931.25
5564,2025-04-05,49.0,Female,Electronics,Power Bank,2,2919.36,North,5838.72
5565,2025-05-20,48.0,Female,Clothing,Cotton T-Shirt,1,805.98,North,805.98
5566,2024-07-18,36.0,Male,Electronics,Laptop Sleeve,2,3226.67,East,6453.34
5567,2025-03-22,39.0,Female,Sports,Cricket Bat,2,1409.15,North,2818.3
5568,2024-12-03,33.0,Male,Clothing,Running Shoes,2,466.53,East,933.06
5569,2024-11-25,18.0,Male,Home & Kitchen,Non-stick Pan,1,1316.52,North,1316.52
5570,2024-10-21,41.0,Male,Sports,Dumbbell Set,2,2357.24,West,4714.48
5571,2025-03-11,26.0,Male,Electronics,Bluetooth Speaker,2,1209.76,Central,2419.52
5572,2024-10-27,28.0,Female,Beauty,Lipstick Set,1,932.23,South,932.23
5573,2025-07-24,47.0,Female,Beauty,Perfume,1,570.87,East,570.87
5574,2025-06-23,47.0,Female,Clothing,Formal Shirt,1,769.05,East,769.05
5575,2025-01-13,25.0,Female,Home & Kitchen,Storage Rack,1,1452.52,East,1452.52
5576,2024-07-03,33.0,Female,Electronics,Power Bank,1,2599.34,East,2599.34
5577,2025-03-22,37.0,Female,Sports,Yoga Mat,1,1160.22,West,1160.22
5578,2025-07-16,29.0,Female,Electronics,Smartwatch,3,3034.05,East,9102.15
5579,2024-06-06,25.0,Male,Home & Kitchen,Vacuum Flask,1,1064.45,West,1064.45
5580,2025-02-06,42.0,Male,Clothing,Formal Shirt,4,823.88,West,3295.52
5581,2024-10-20,32.0,Female,Home & Kitchen,Non-stick Pan,1,1041.29,West,1041.29
5582,2024-06-05,39.0,Male,Clothing,Formal Shirt,1,725.79,West,725.79
5583,2025-01-16,26.0,Female,Clothing,Winter Hoodie,1,1494.21,Central,1494.21
5584,2025-09-22,47.0,Female,Sports,Cricket Bat,1,2002.4,North,2002.4
5585,2025-03-12,20.0,Female,Sports,Yoga Mat,1,1225.96,Central,1225.96
5586,2025-01-10,42.0,Female,Clothing,Denim Jacket,2,899.79,North,1799.58
5587,2025-01-11,56.0,Female,Home & Kitchen,Table Lamp,4,1151.88,West,4607.52
5588,2025-09-23,38.0,Female,Sports,Cricket Bat,2,1218.09,South,2436.18
5589,2024-01-16,47.0,Male,Clothing,Running Shoes,3,699.29,East,2097.87
5590,2025-01-31,36.0,Male,Clothing,Cotton T-Shirt,1,903.47,North,903.47
5591,2024-06-13,30.0,Male,Clothing,Running Shoes,1,825.29,South,825.29
5592,2025-04-26,50.0,Male,Electronics,Smartwatch,1,3294.08,East,3294.08
5593,2025-10-07,36.0,Female,Sports,Football,1,1492.9,West,1492.9
5594,2025-09-12,23.0,Male,Sports,Dumbbell Set,1,1666.98,East,1666.98
5595,2024-06-07,53.0,Female,Clothing,Cotton T-Shirt,1,629.75,North,629.75
5596,2024-12-31,26.0,Male,Home & Kitchen,Blender,1,1293.25,North,1293.25
5597,2024-07-29,43.0,Female,Electronics,Laptop Sleeve,3,3644.33,East,10932.99
5598,2025-07-27,52.0,Male,Beauty,Face Serum,1,235.65,South,235.65
5599,2024-09-24,21.0,Male,Electronics,Power Bank,1,2989.89,South,2989.89
5600,2024-07-13,43.0,Male,Sports,Dumbbell Set,1,1787.91,West,1787.91
5601,2025-10-29,34.0,Male,Home & Kitchen,Storage Rack,4,1692.42,Central,6769.68
5602,2024-09-11,22.0,Female,Electronics,Bluetooth Speaker,1,1915.72,North,1915.72
5603,2025-05-19,16.0,Male,Sports,Cycling Helmet,1,1309.53,South,1309.53
5604,2024-02-02,23.0,Male,Sports,Football,2,1630.38,North,3260.76
5605,2024-12-19,27.0,Male,Clothing,Denim Jacket,1,480.89,Central,480.89
5606,2025-06-10,30.0,Female,Beauty,Face Serum,1,557.13,South,557.13
5607,2025-07-10,29.0,Male,Home & Kitchen,Table Lamp,3,1780.19,Central,5340.57
5608,2025-03-06,27.0,Male,Clothing,Running Shoes,1,1219.05,West,1219.05
5609,2025-08-30,46.0,Female,Home & Kitchen,Non-stick Pan,3,2153.15,West,6459.45
5610,2024-02-18,34.0,Female,Clothing,Cotton T-Shirt,1,884.3,Central,884.3
5611,2024-09-22,34.0,Male,Electronics,Wireless Earbuds,3,2987.46,East,8962.38
5612,2024-11-28,61.0,Female,Beauty,Face Serum,1,622.01,East,622.01
5613,2024-11-18,50.0,Female,Home & Kitchen,Blender,1,1645.86,South,1645.86
5614,2025-08-24,42.0,Female,Clothing,Formal Shirt,3,943.57,Central,2830.71
5615,2025-07-06,39.0,Male,Beauty,Lipstick Set,1,773.24,West,773.24
5616,2025-03-28,41.0,Female,Clothing,Running Shoes,1,972.86,North,972.86
5617,2024-09-21,22.0,Female,Electronics,Laptop Sleeve,3,2628.44,North,7885.32
5618,2024-05-24,17.0,Male,Electronics,Bluetooth Speaker,1,4274.19,East,4274.19
5619,2024-03-14,26.0,Female,Beauty,Lipstick Set,2,510.04,South,1020.08
5620,2024-03-26,25.0,Male,Sports,Yoga Mat,1,1580.6,West,1580.6
5621,2024-07-31,27.0,Female,Beauty,Perfume,1,723.45,South,723.45
5622,2024-06-22,32.0,Male,Clothing,Denim Jacket,1,1016.25,West,1016.25
5623,2024-10-07,29.0,Female,Electronics,Laptop Sleeve,1,3958.57,South,3958.57
5624,2024-05-26,51.0,Female,Home & Kitchen,Vacuum Flask,1,1438.53,West,1438.53
5625,2025-01-10,48.0,Female,Electronics,Laptop Sleeve,1,2839.81,South,2839.81
5626,2024-11-22,32.0,Male,Beauty,Perfume,2,608.01,South,1216.02
5627,2025-08-01,46.0,Male,Home & Kitchen,Table Lamp,1,1538.76,West,1538.76
5628,2024-09-19,48.0,Male,Electronics,Power Bank,2,2047.81,East,4095.62
5629,2024-07-18,37.0,Male,Home & Kitchen,Non-stick Pan,1,1577.48,South,1577.48
5630,2024-12-02,24.0,Male,Home & Kitchen,Storage Rack,2,1378.31,Central,2756.62
5631,2024-09-29,56.0,Male,Clothing,Formal Shirt,2,893.79,Central,1787.58
5632,2025-05-06,36.0,Male,Clothing,Cotton T-Shirt,1,1226.86,Central,1226.86
5633,2024-09-20,54.0,Male,Electronics,Laptop Sleeve,3,3447.0,North,10341.0
5634,2025-06-09,27.0,Male,Home & Kitchen,Non-stick Pan,3,1456.29,North,4368.87
5635,2025-02-03,22.0,Male,Home & Kitchen,Non-stick Pan,2,1468.06,West,2936.12
5636,2024-09-27,29.0,Female,Electronics,Laptop Sleeve,1,3257.32,East,3257.32
5637,2025-08-06,43.0,Male,Sports,Dumbbell Set,2,1960.92,North,3921.84
5638,2025-01-29,23.0,Male,Electronics,Power Bank,1,2443.97,West,2443.97
5639,2024-12-21,16.0,Female,Home & Kitchen,Storage Rack,2,1692.84,West,3385.68
5640,2024-03-17,45.0,Female,Electronics,Wireless Earbuds,1,3437.3,South,3437.3
5641,2025-04-17,32.0,Male,Electronics,Wireless Earbuds,1,4451.13,East,4451.13
5642,2024-10-20,28.0,Female,Electronics,Smartwatch,1,2802.85,North,2802.85
5643,2025-05-18,32.0,Male,Home & Kitchen,Vacuum Flask,2,740.73,North,1481.46
5644,2025-07-21,29.0,Male,Electronics,Laptop Sleeve,2,2869.41,North,5738.82
5645,2025-06-16,33.0,Female,Home & Kitchen,Storage Rack,1,1185.02,Central,1185.02
5646,2024-12-11,41.0,Male,Sports,Dumbbell Set,1,1568.27,East,1568.27
5647,2024-12-08,23.0,Male,Clothing,Cotton T-Shirt,1,956.68,South,956.68
5648,2025-10-22,29.0,Female,Clothing,Cotton T-Shirt,1,1164.39,North,1164.39
5649,2025-06-12,35.0,Male,Clothing,Denim Jacket,1,798.4,Central,798.4
5650,2025-04-05,53.0,Male,Clothing,Formal Shirt,1,1051.33,North,1051.33
5651,2025-03-18,19.0,Female,Beauty,Sunscreen,1,579.16,Central,579.16
5652,2024-03-31,54.0,Female,Sports,Dumbbell Set,1,1132.8,North,1132.8
5653,2024-05-06,22.0,Female,Sports,Dumbbell Set,1,1467.43,South,1467.43
5654,2024-11-16,27.0,Male,Electronics,Power Bank,3,3777.89,West,11333.67
5655,2025-09-02,50.0,Male,Beauty,Lipstick Set,1,740.09,North,740.09
5656,2025-04-17,47.0,Female,Beauty,Perfume,2,661.4,South,1322.8
5657,2024-05-10,27.0,Female,Sports,Yoga Mat,1,1754.66,South,1754.66
5658,2025-11-15,16.0,Male,Home & Kitchen,Blender,1,1926.53,Central,1926.53
5659,2025-03-09,40.0,Male,Beauty,Perfume,1,608.13,Central,608.13
5660,2025-01-13,38.0,Female,Clothing,Formal Shirt,1,895.03,West,895.03
5661,2025-01-21,29.0,Male,Sports,Cycling Helmet,1,1765.7,North,1765.7
5662,2024-12-02,16.0,Female,Home & Kitchen,Vacuum Flask,3,1073.04,Central,3219.12
5663,2024-12-20,45.0,Male,Clothing,Cotton T-Shirt,1,1093.74,East,1093.74
5664,2025-02-06,19.0,Female,Beauty,Hair Dryer,1,804.25,North,804.25
5665,2025-07-17,40.0,Female,Beauty,Lipstick Set,1,245.59,North,245.59
5666,2024-11-12,37.0,Male,Beauty,Lipstick Set,4,408.71,Central,1634.84
5667,2024-11-20,29.0,Female,Clothing,Denim Jacket,1,1067.6,North,1067.6
5668,2024-10-31,25.0,Female,Home & Kitchen,Storage Rack,2,1907.26,Central,3814.52
5669,2025-05-19,45.0,Male,Clothing,Formal Shirt,1,1030.14,East,1030.14
5670,2024-12-13,38.0,Female,Beauty,Sunscreen,1,699.48,North,699.48
5671,2025-04-17,36.0,Male,Sports,Football,2,1732.44,Central,3464.88
5672,2025-09-21,26.0,Male,Beauty,Perfume,4,853.75,South,3415.0
5673,2024-09-27,36.0,Female,Electronics,Wireless Earbuds,1,3559.4,North,3559.4
5674,2025-07-30,38.0,Male,Electronics,Power Bank,1,2703.12,West,2703.12
5675,2025-01-07,60.0,Female,Home & Kitchen,Storage Rack,1,1500.25,North,1500.25
5676,2025-11-29,47.0,Female,Sports,Yoga Mat,1,2072.77,North,2072.77
5677,2024-08-02,31.0,Male,Electronics,Power Bank,2,3511.95,East,7023.9
5678,2025-02-09,42.0,Female,Clothing,Cotton T-Shirt,2,1101.08,East,2202.16
5679,2024-12-29,32.0,Male,Sports,Dumbbell Set,3,1311.14,East,3933.42
5680,2025-03-27,30.0,Female,Sports,Cricket Bat,1,1756.08,North,1756.08
5681,2024-09-21,37.0,Female,Beauty,Face Serum,1,684.77,Central,684.77
5682,2025-11-30,23.0,Male,Clothing,Denim Jacket,2,1043.76,West,2087.52
5683,2025-02-26,55.0,Female,Beauty,Perfume,2,585.03,West,1170.06
5684,2024-11-16,32.0,Female,Electronics,Wireless Earbuds,3,4072.53,West,12217.59
5685,2025-04-19,44.0,Female,Sports,Cycling Helmet,1,2185.22,North,2185.22
5686,2024-07-22,35.0,Male,Home & Kitchen,Vacuum Flask,3,2166.96,East,6500.88
5687,2024-11-05,41.0,Female,Sports,Dumbbell Set,1,2075.4,West,2075.4
5688,2024-04-18,39.0,Female,Beauty,Face Serum,2,933.99,South,1867.98
5689,2025-09-22,46.0,Female,Home & Kitchen,Vacuum Flask,2,1279.55,South,2559.1
5690,2024-09-28,26.0,Female,Clothing,Winter Hoodie,1,756.45,West,756.45
5691,2024-04-21,33.0,Male,Sports,Football,1,1826.93,East,1826.93
5692,2025-05-31,48.0,Female,Clothing,Cotton T-Shirt,3,1089.81,South,3269.43
5693,2025-07-06,16.0,Female,Home & Kitchen,Vacuum Flask,1,987.22,South,987.22
5694,2025-07-01,25.0,Male,Beauty,Hair Dryer,1,580.72,West,580.72
5695,2025-08-16,23.0,Female,Electronics,Wireless Earbuds,1,2135.93,South,2135.93
5696,2025-09-13,37.0,Male,Electronics,Wireless Earbuds,1,3818.51,South,3818.51
5697,2024-07-20,30.0,Male,Clothing,Cotton T-Shirt,1,854.46,South,854.46
5698,2025-03-05,40.0,Female,Electronics,Wireless Earbuds,3,3188.02,East,9564.06
5699,2025-01-16,35.0,Female,Clothing,Cotton T-Shirt,4,929.81,East,3719.24
5700,2025-01-18,29.0,Female,Clothing,Formal Shirt,1,889.36,South,889.36
5701,2024-09-18,45.0,Female,Home & Kitchen,Vacuum Flask,3,961.1,West,2883.3
5702,2025-08-04,17.0,Male,Clothing,Running Shoes,4,1176.11,West,4704.44
5703,2025-02-23,16.0,Male,Clothing,Cotton T-Shirt,1,834.89,North,834.89
5704,2024-09-06,51.0,Male,Clothing,Formal Shirt,1,739.33,West,739.33
5705,2025-07-20,27.0,Male,Clothing,Cotton T-Shirt,3,475.02,West,1425.06
5706,2025-09-12,45.0,Male,Clothing,Denim Jacket,2,957.54,West,1915.08
5707,2024-07-05,22.0,Female,Electronics,Power Bank,1,1313.31,East,1313.31
5708,2024-10-03,30.0,Female,Electronics,Laptop Sleeve,1,2426.8,Central,2426.8
5709,2025-01-27,26.0,Male,Home & Kitchen,Storage Rack,2,1920.78,Central,3841.56
5710,2025-07-01,43.0,Male,Clothing,Formal Shirt,1,1066.1,South,1066.1
5711,2024-05-20,48.0,Female,Sports,Dumbbell Set,1,1597.09,North,1597.09
5712,2025-09-15,24.0,Female,Clothing,Formal Shirt,1,605.14,West,605.14
5713,2025-07-26,41.0,Male,Beauty,Lipstick Set,1,763.54,South,763.54
5714,2025-01-08,26.0,Male,Home & Kitchen,Table Lamp,1,1366.01,East,1366.01
5715,2024-07-14,28.0,Female,Clothing,Winter Hoodie,1,1017.55,Central,1017.55
5716,2024-10-16,38.0,Male,Sports,Cycling Helmet,3,1055.51,East,3166.53
5717,2025-05-24,25.0,Female,Home & Kitchen,Blender,2,1594.34,East,3188.68
5718,2024-04-02,31.0,Male,Beauty,Lipstick Set,3,503.02,North,1509.06
5719,2025-08-25,18.0,Female,Electronics,Power Bank,1,3943.27,Central,3943.27
5720,2024-11-03,47.0,Male,Clothing,Cotton T-Shirt,1,1387.12,East,1387.12
5721,2024-02-12,50.0,Female,Beauty,Sunscreen,1,517.03,North,517.03
5722,2025-04-06,33.0,Female,Electronics,Wireless Earbuds,1,2984.18,North,2984.18
5723,2025-05-12,38.0,Male,Electronics,Smartwatch,2,2846.86,Central,5693.72
5724,2024-06-03,16.0,Female,Clothing,Winter Hoodie,1,964.05,North,964.05
5725,2025-03-24,38.0,Female,Clothing,Winter Hoodie,3,847.11,West,2541.33
5726,2024-05-19,47.0,Male,Clothing,Running Shoes,2,1121.99,South,2243.98
5727,2024-10-04,46.0,Female,Sports,Cycling Helmet,1,1669.95,West,1669.95
5728,2025-05-02,31.0,Male,Home & Kitchen,Table Lamp,2,1453.01,North,2906.02
5729,2025-05-07,27.0,Female,Clothing,Denim Jacket,1,1129.43,South,1129.43
5730,2025-06-03,32.0,Female,Beauty,Perfume,1,330.63,East,330.63
5731,2024-05-13,28.0,Female,Sports,Cricket Bat,1,1627.61,East,1627.61
5732,2025-01-21,43.0,Male,Clothing,Running Shoes,1,665.28,East,665.28
5733,2025-02-21,40.0,Female,Home & Kitchen,Storage Rack,2,2349.06,North,4698.12
5734,2024-12-07,37.0,Male,Home & Kitchen,Non-stick Pan,2,1087.03,North,2174.06
5735,2025-09-29,47.0,Female,Sports,Cricket Bat,4,1438.57,West,5754.28
5736,2025-02-15,29.0,Male,Electronics,Laptop Sleeve,2,3653.6,West,7307.2
5737,2024-11-14,33.0,Male,Beauty,Hair Dryer,1,813.65,West,813.65
5738,2025-09-12,51.0,Male,Clothing,Winter Hoodie,1,491.72,East,491.72
5739,2025-06-04,30.0,Female,Clothing,Denim Jacket,1,1256.58,East,1256.58
5740,2025-02-07,41.0,Male,Sports,Dumbbell Set,1,1616.96,Central,1616.96
5741,2025-08-11,35.0,Male,Electronics,Power Bank,1,2826.84,West,2826.84
5742,2024-05-04,27.0,Male,Clothing,Running Shoes,1,723.95,South,723.95
5743,2025-03-10,27.0,Female,Sports,Yoga Mat,3,995.35,East,2986.05
5744,2024-11-06,32.0,Male,Sports,Cricket Bat,3,1914.8,East,5744.4
5745,2025-02-15,16.0,Female,Sports,Cycling Helmet,2,1540.81,West,3081.62
5746,2024-09-29,33.0,Male,Clothing,Winter Hoodie,3,1024.12,West,3072.36
5747,2024-02-10,26.0,Female,Clothing,Formal Shirt,4,488.07,South,1952.28
5748,2025-06-11,23.0,Male,Home & Kitchen,Non-stick Pan,1,1136.9,Central,1136.9
5749,2024-06-01,39.0,Female,Sports,Dumbbell Set,1,980.54,North,980.54
5750,2025-09-28,51.0,Female,Sports,Dumbbell Set,3,1523.02,Central,4569.06
5751,2024-09-12,29.0,Female,Beauty,Lipstick Set,1,716.59,South,716.59
5752,2025-01-06,20.0,Male,Sports,Football,4,2019.37,North,8077.48
5753,2024-03-23,54.0,Female,Electronics,Wireless Earbuds,2,2923.57,West,5847.14
5754,2024-12-26,36.0,Female,Electronics,Wireless Earbuds,4,2815.24,South,11260.96
5755,2025-01-18,29.0,Female,Beauty,Lipstick Set,1,578.6,Central,578.6
5756,2024-06-21,16.0,Male,Home & Kitchen,Non-stick Pan,1,1535.47,West,1535.47
5757,2025-03-04,23.0,Male,Sports,Cricket Bat,1,1667.41,Central,1667.41
5758,2024-10-20,29.0,Male,Beauty,Face Serum,2,342.54,East,685.08
5759,2024-12-19,38.0,Male,Clothing,Cotton T-Shirt,2,1005.81,North,2011.62
5760,2024-04-02,16.0,Male,Home & Kitchen,Blender,2,969.9,Central,1939.8
5761,2025-07-29,16.0,Female,Sports,Yoga Mat,3,1717.02,West,5151.06
5762,2024-11-11,46.0,Female,Home & Kitchen,Non-stick Pan,2,1752.17,North,3504.34
5763,2025-02-15,32.0,Female,Clothing,Running Shoes,3,886.18,West,2658.54
5764,2024-08-25,20.0,Male,Electronics,Smartwatch,1,3119.72,North,3119.72
5765,2024-09-24,22.0,Male,Beauty,Hair Dryer,4,1079.42,East,4317.68
5766,2025-05-21,20.0,Female,Electronics,Smartwatch,1,3407.62,South,3407.62
5767,2024-11-20,22.0,Male,Sports,Cycling Helmet,3,2439.85,Central,7319.55
5768,2024-11-24,42.0,Male,Clothing,Denim Jacket,3,641.34,North,1924.02
5769,2025-02-23,41.0,Male,Electronics,Wireless Earbuds,1,3426.17,Central,3426.17
5770,2024-12-04,42.0,Male,Clothing,Winter Hoodie,1,716.82,East,716.82
5771,2025-06-26,29.0,Female,Sports,Yoga Mat,1,1697.38,West,1697.38
5772,2024-06-27,16.0,Female,Electronics,Wireless Earbuds,2,3643.52,West,7287.04
5773,2024-05-21,25.0,Male,Home & Kitchen,Vacuum Flask,4,1140.34,West,4561.36
5774,2024-12-15,22.0,Female,Home & Kitchen,Vacuum Flask,2,1374.77,South,2749.54
5775,2024-08-29,32.0,Male,Sports,Cricket Bat,3,857.89,North,2573.67
5776,2025-03-27,40.0,Female,Beauty,Perfume,4,450.86,Central,1803.44
5777,2024-08-29,21.0,Female,Electronics,Power Bank,3,4012.36,West,12037.08
5778,2024-12-18,35.0,Female,Clothing,Running Shoes,1,1176.57,South,1176.57
5779,2025-06-21,16.0,Female,Electronics,Power Bank,1,2665.01,East,2665.01
5780,2025-01-10,16.0,Female,Home & Kitchen,Storage Rack,1,1194.34,East,1194.34
5781,2024-11-30,34.0,Male,Electronics,Smartwatch,1,2414.84,South,2414.84
5782,2024-06-15,28.0,Female,Sports,Yoga Mat,4,1617.69,West,6470.76
5783,2024-12-18,,Male,Home & Kitchen,Vacuum Flask,1,1084.2,East,1084.2
5784,2024-08-19,27.0,Male,Beauty,Sunscreen,2,1018.72,North,2037.44
5785,2024-11-08,31.0,Male,Beauty,Face Serum,2,774.65,South,1549.3
5786,2024-10-22,37.0,Male,Sports,Cycling Helmet,1,1608.48,East,1608.48
5787,2025-02-05,34.0,Male,Electronics,Laptop Sleeve,1,3875.49,East,3875.49
5788,2025-05-24,34.0,Female,Electronics,Smartwatch,1,3067.87,North,3067.87
5789,2024-08-23,26.0,Male,Sports,Football,3,1603.77,South,4811.31
5790,2025-05-05,27.0,Female,Electronics,Laptop Sleeve,1,3749.43,Central,3749.43
5791,2024-08-02,39.0,Male,Beauty,Sunscreen,2,626.33,South,1252.66
5792,2025-10-16,36.0,Male,Sports,Yoga Mat,2,1144.28,North,2288.56
5793,2025-03-26,26.0,Male,Clothing,Running Shoes,1,655.3,West,655.3
5794,2024-08-31,47.0,Female,Sports,Cricket Bat,4,1928.34,West,7713.36
5795,2025-01-05,27.0,Male,Home & Kitchen,Table Lamp,3,2331.52,West,6994.56
5796,2024-07-09,35.0,Male,Electronics,Power Bank,1,3162.51,West,3162.51
5797,2025-12-28,32.0,Female,Clothing,Running Shoes,1,1062.88,North,1062.88
5798,2025-09-20,51.0,Female,Beauty,Sunscreen,2,804.84,South,1609.68
5799,2025-04-07,23.0,Female,Electronics,Bluetooth Speaker,2,4983.02,Central,9966.04
5800,2025-05-03,36.0,Female,Sports,Football,1,2387.83,Central,2387.83
5801,2024-08-22,34.0,Female,Home & Kitchen,Vacuum Flask,2,1598.22,South,3196.44
5802,2024-08-25,35.0,Female,Home & Kitchen,Storage Rack,1,1367.82,Central,1367.82
5803,2024-12-05,29.0,Male,Beauty,Face Serum,3,764.97,East,2294.91
5804,2024-09-28,,Male,Electronics,Wireless Earbuds,1,1328.2,East,1328.2
5805,2025-01-04,67.0,Male,Clothing,Formal Shirt,2,993.55,West,1987.1
5806,2025-05-14,58.0,Female,Clothing,Running Shoes,2,553.23,North,1106.46
5807,2024-12-14,22.0,Male,Home & Kitchen,Non-stick Pan,3,1816.64,South,5449.92
5808,2025-09-09,38.0,Male,Beauty,Lipstick Set,1,752.09,North,752.09
5809,2024-09-14,16.0,Male,Sports,Yoga Mat,1,2322.96,North,2322.96
5810,2025-07-17,52.0,Female,Sports,Dumbbell Set,1,1119.76,West,1119.76
5811,2025-06-18,30.0,Male,Sports,Cycling Helmet,2,990.0,North,1980.0
5812,2025-05-08,33.0,Male,Beauty,Sunscreen,1,318.76,North,318.76
5813,2025-04-14,32.0,Male,Electronics,Wireless Earbuds,1,3432.01,East,3432.01
5814,2024-11-09,28.0,Female,Electronics,Bluetooth Speaker,3,3448.62,East,10345.86
5815,2024-09-04,22.0,Female,Home & Kitchen,Blender,1,1135.78,North,1135.78
5816,2024-11-07,24.0,Female,Beauty,Sunscreen,1,249.17,West,249.17
5817,2024-06-23,16.0,Male,Clothing,Winter Hoodie,1,1047.85,East,1047.85
5818,2025-04-30,30.0,Male,Electronics,Wireless Earbuds,1,2680.91,Central,2680.91
5819,2024-05-24,61.0,Female,Sports,Cricket Bat,1,1689.1,North,1689.1
5820,2024-02-23,54.0,Female,Beauty,Face Serum,2,1031.43,West,2062.86
5821,2024-11-28,35.0,Male,Sports,Yoga Mat,2,1456.08,North,2912.16
5822,2025-02-01,33.0,Female,Sports,Cricket Bat,2,1739.21,East,3478.42
5823,2025-11-17,38.0,Male,Home & Kitchen,Blender,1,1240.83,West,1240.83
5824,2024-12-16,29.0,Male,Electronics,Power Bank,3,2317.78,North,6953.34
5825,2024-07-30,29.0,Female,Sports,Football,2,1007.39,North,2014.78
5826,2025-02-25,28.0,Male,Home & Kitchen,Storage Rack,1,1843.15,West,1843.15
5827,2024-10-23,55.0,Male,Home & Kitchen,Storage Rack,2,1063.0,West,2126.0
5828,2024-12-25,42.0,Female,Sports,Dumbbell Set,1,1073.05,East,1073.05
5829,2025-04-30,36.0,Female,Clothing,Formal Shirt,4,603.98,North,2415.92
5830,2025-05-02,52.0,Female,Clothing,Formal Shirt,2,1129.57,Central,2259.14
5831,2024-08-19,33.0,Male,Beauty,Lipstick Set,2,428.21,West,856.42
5832,2025-02-23,26.0,Male,Sports,Cricket Bat,2,1853.63,North,3707.26
5833,2025-07-08,42.0,Male,Clothing,Winter Hoodie,1,1089.29,Central,1089.29
5834,2025-05-27,46.0,Female,Sports,Football,2,1381.44,West,2762.88
5835,2024-11-09,42.0,Female,Beauty,Face Serum,2,235.25,East,470.5
5836,2025-03-16,32.0,Male,Home & Kitchen,Non-stick Pan,4,1469.31,Central,5877.24
5837,2025-05-22,30.0,Female,Electronics,Bluetooth Speaker,1,2343.28,North,2343.28
5838,2025-02-19,46.0,Female,Clothing,Winter Hoodie,2,874.73,North,1749.46
5839,2025-02-11,38.0,Female,Home & Kitchen,Storage Rack,1,1394.21,West,1394.21
5840,2024-07-12,46.0,Female,Electronics,Laptop Sleeve,4,4281.84,South,17127.36
5841,2025-04-23,30.0,Female,Electronics,Power Bank,2,3714.23,North,7428.46
5842,2025-12-02,26.0,Female,Electronics,Power Bank,2,3112.89,West,6225.78
5843,2024-08-01,35.0,Female,Clothing,Formal Shirt,1,809.07,South,809.07
5844,2025-01-02,26.0,Male,Clothing,Formal Shirt,1,1018.75,South,1018.75
5845,2024-12-08,35.0,Female,Clothing,Formal Shirt,2,1067.52,Central,2135.04
5846,2025-03-11,31.0,Male,Clothing,Winter Hoodie,1,1273.25,West,1273.25
5847,2024-03-30,40.0,Female,Clothing,Formal Shirt,2,1291.21,East,2582.42
5848,2025-02-24,51.0,Male,Home & Kitchen,Storage Rack,1,1228.91,North,1228.91
5849,2025-02-06,39.0,Male,Beauty,Perfume,1,737.27,South,737.27
5850,2024-12-18,46.0,Male,Home & Kitchen,Vacuum Flask,1,1254.39,North,1254.39
5851,2024-05-28,21.0,Male,Electronics,Wireless Earbuds,1,1788.28,East,1788.28
5852,2025-11-10,31.0,Male,Electronics,Wireless Earbuds,2,4432.78,West,8865.56
5853,2025-06-21,32.0,Male,Electronics,Laptop Sleeve,1,2306.26,West,2306.26
5854,2025-03-21,24.0,Female,Clothing,Cotton T-Shirt,2,1094.53,South,2189.06
5855,2025-03-27,16.0,Female,Home & Kitchen,Storage Rack,1,1223.33,West,1223.33
5856,2025-05-07,38.0,Female,Sports,Yoga Mat,1,1519.38,East,1519.38
5857,2025-07-11,25.0,Male,Electronics,Smartwatch,1,2199.33,South,2199.33
5858,2025-05-10,39.0,Female,Clothing,Running Shoes,1,906.2,North,906.2
5859,2025-10-25,20.0,Female,Clothing,Denim Jacket,1,904.32,North,904.32
5860,2025-05-05,16.0,Female,Beauty,Face Serum,3,708.82,East,2126.46
5861,2024-10-26,50.0,Female,Electronics,Laptop Sleeve,1,3101.17,South,3101.17
5862,2025-01-30,31.0,Male,Electronics,Bluetooth Speaker,1,2762.13,East,2762.13
5863,2024-06-27,38.0,Male,Electronics,Bluetooth Speaker,2,2988.99,South,5977.98
5864,2024-07-12,26.0,Male,Electronics,Power Bank,1,4524.03,Central,4524.03
5865,2024-10-27,41.0,Male,Sports,Cricket Bat,1,1441.38,West,1441.38
5866,2025-02-08,33.0,Female,Home & Kitchen,Vacuum Flask,1,1307.72,North,1307.72
5867,2024-11-09,21.0,Male,Electronics,Power Bank,1,4417.55,East,4417.55
5868,2025-07-13,17.0,Female,Clothing,Running Shoes,2,625.3,Central,1250.6
5869,2024-06-05,34.0,Female,Sports,Yoga Mat,1,1880.94,North,1880.94
5870,2025-02-13,32.0,Male,Electronics,Laptop Sleeve,3,1565.58,South,4696.74
5871,2025-07-01,43.0,Male,Clothing,Denim Jacket,1,952.63,East,952.63
5872,2024-09-07,28.0,Female,Electronics,Wireless Earbuds,1,3380.93,Central,3380.93
5873,2024-12-27,16.0,Male,Electronics,Smartwatch,2,3832.15,South,7664.3
5874,2024-07-09,29.0,Female,Electronics,Bluetooth Speaker,1,3968.37,North,3968.37
5875,2024-09-17,38.0,Male,Home & Kitchen,Table Lamp,1,1297.92,South,1297.92
5876,2025-02-21,16.0,Female,Clothing,Formal Shirt,1,944.13,North,944.13
5877,2024-10-07,33.0,Female,Electronics,Power Bank,3,4263.63,North,12790.89
5878,2024-05-02,46.0,Female,Electronics,Bluetooth Speaker,2,1826.38,Central,3652.76
5879,2024-11-17,16.0,Male,Electronics,Bluetooth Speaker,1,2812.78,West,2812.78
5880,2025-08-30,43.0,Female,Electronics,Smartwatch,1,4230.88,East,4230.88
5881,2024-08-18,45.0,Female,Sports,Cricket Bat,1,1903.02,Central,1903.02
5882,2024-03-11,21.0,Male,Home & Kitchen,Vacuum Flask,1,1645.12,North,1645.12
5883,2025-06-04,16.0,Female,Beauty,Lipstick Set,2,764.36,East,1528.72
5884,2025-03-08,31.0,Male,Sports,Football,2,1965.87,West,3931.74
5885,2024-11-10,29.0,Female,Clothing,Running Shoes,2,925.23,South,1850.46
5886,2025-08-11,30.0,Male,Clothing,Formal Shirt,3,633.27,West,1899.81
5887,2024-04-09,16.0,Female,Clothing,Denim Jacket,1,761.8,North,761.8
5888,2025-08-28,36.0,Female,Beauty,Lipstick Set,1,828.71,Central,828.71
5889,2025-01-31,29.0,Female,Sports,Cricket Bat,2,1464.85,South,2929.7
5890,2025-01-10,36.0,Male,Electronics,Smartwatch,4,2304.79,South,9219.16
5891,2025-04-09,16.0,Male,Electronics,Laptop Sleeve,2,3040.88,South,6081.76
5892,2024-05-16,29.0,Female,Clothing,Denim Jacket,1,861.87,South,861.87
5893,2025-06-08,47.0,Male,Clothing,Winter Hoodie,2,1435.03,Central,2870.06
5894,2025-02-18,16.0,Female,Clothing,Running Shoes,2,569.81,Central,1139.62
5895,2025-10-06,27.0,Male,Home & Kitchen,Storage Rack,2,1078.05,South,2156.1
5896,2025-01-07,38.0,Male,Electronics,Smartwatch,1,2467.42,West,2467.42
5897,2024-09-11,19.0,Male,Home & Kitchen,Vacuum Flask,1,1403.56,North,1403.56
5898,2025-05-17,31.0,Male,Electronics,Bluetooth Speaker,3,2717.31,Central,8151.93
5899,2024-12-24,47.0,Male,Home & Kitchen,Storage Rack,2,1857.31,West,3714.62
5900,2025-05-03,22.0,Female,Beauty,Perfume,2,1107.46,South,2214.92
5901,2025-06-01,16.0,Male,Electronics,Power Bank,3,4981.48,East,14944.44
5902,2024-04-26,30.0,Female,Beauty,Face Serum,4,716.71,South,2866.84
5903,2025-04-25,40.0,Male,Home & Kitchen,Blender,1,1435.3,East,1435.3
5904,2024-08-16,29.0,Female,Electronics,Power Bank,1,3923.38,East,3923.38
5905,2024-07-10,,Male,Beauty,Sunscreen,2,748.98,West,1497.96
5906,2025-02-07,34.0,Male,Clothing,Running Shoes,4,646.2,South,2584.8
5907,2025-07-13,45.0,Male,Beauty,Hair Dryer,2,735.45,North,1470.9
5908,2024-10-24,40.0,Male,Beauty,Face Serum,1,657.64,South,657.64
5909,2024-05-31,38.0,Male,Sports,Cycling Helmet,4,1450.0,East,5800.0
5910,2024-11-19,19.0,Female,Clothing,Denim Jacket,1,1151.22,South,1151.22
5911,2025-06-27,17.0,Female,Beauty,Lipstick Set,1,533.87,Central,533.87
5912,2024-04-29,22.0,Male,Sports,Yoga Mat,1,1992.95,North,1992.95
5913,2024-06-26,30.0,Female,Home & Kitchen,Non-stick Pan,1,1704.9,South,1704.9
5914,2025-03-19,26.0,Female,Electronics,Smartwatch,3,2697.64,West,8092.92
5915,2024-09-15,27.0,Female,Home & Kitchen,Vacuum Flask,2,1200.88,Central,2401.76
5916,2024-10-06,25.0,Female,Sports,Football,2,1037.93,West,2075.86
5917,2024-05-16,46.0,Female,Beauty,Face Serum,4,390.88,Central,1563.52
5918,2024-11-07,25.0,Female,Clothing,Formal Shirt,1,1128.13,West,1128.13
5919,2024-10-29,16.0,Female,Home & Kitchen,Storage Rack,1,994.61,West,994.61
5920,2024-07-09,36.0,Male,Home & Kitchen,Vacuum Flask,1,562.87,East,562.87
5921,2025-06-24,30.0,Male,Clothing,Winter Hoodie,1,930.5,West,930.5
5922,2024-11-19,50.0,Female,Electronics,Wireless Earbuds,3,2670.88,North,8012.64
5923,2024-04-15,29.0,Male,Electronics,Power Bank,1,2003.27,South,2003.27
5924,2024-08-15,49.0,Female,Clothing,Cotton T-Shirt,1,832.67,West,832.67
5925,2024-05-07,25.0,Male,Home & Kitchen,Table Lamp,4,1671.97,North,6687.88
5926,2025-06-05,35.0,Female,Electronics,Smartwatch,1,2550.7,Central,2550.7
5927,2024-08-09,42.0,Male,Clothing,Running Shoes,3,965.17,North,2895.51
5928,2025-02-22,40.0,Male,Electronics,Laptop Sleeve,4,4170.83,East,16683.32
5929,2024-12-01,26.0,Female,Beauty,Perfume,2,967.47,North,1934.94
5930,2025-12-06,50.0,Female,Sports,Football,1,1924.32,North,1924.32
5931,2024-03-04,37.0,Male,Electronics,Wireless Earbuds,1,2172.46,North,2172.46
5932,2024-05-12,44.0,Male,Electronics,Smartwatch,2,3130.51,South,6261.02
5933,2025-03-09,17.0,Female,Electronics,Wireless Earbuds,1,2594.89,East,2594.89
5934,2024-03-25,47.0,Male,Clothing,Winter Hoodie,1,1083.52,North,1083.52
5935,2025-05-10,26.0,Male,Electronics,Power Bank,1,3264.22,North,3264.22
5936,2025-03-05,38.0,Female,Clothing,Cotton T-Shirt,1,872.25,North,872.25
5937,2024-06-03,33.0,Male,Home & Kitchen,Non-stick Pan,1,609.34,West,609.34
5938,2025-03-16,39.0,Female,Sports,Cricket Bat,1,1547.37,West,1547.37
5939,2025-05-29,25.0,Female,Clothing,Formal Shirt,1,1039.92,East,1039.92
5940,2024-04-17,37.0,Female,Clothing,Denim Jacket,2,961.73,South,1923.46
5941,2025-03-24,28.0,Male,Electronics,Wireless Earbuds,1,3436.92,East,3436.92
5942,2024-11-27,37.0,Female,Electronics,Wireless Earbuds,1,3270.07,Central,3270.07
5943,2024-02-19,31.0,Female,Home & Kitchen,Vacuum Flask,4,1262.38,West,5049.52
5944,2025-10-11,27.0,Female,Sports,Yoga Mat,1,1474.69,South,1474.69
5945,2025-06-24,25.0,Female,Clothing,Running Shoes,2,724.55,South,1449.1
5946,2025-01-15,42.0,Female,Electronics,Wireless Earbuds,1,3097.2,South,3097.2
5947,2024-08-07,36.0,Male,Electronics,Wireless Earbuds,1,3196.91,North,3196.91
5948,2025-02-22,42.0,Female,Electronics,Smartwatch,1,2391.77,Central,2391.77
5949,2024-05-20,41.0,Female,Clothing,Formal Shirt,1,1050.79,South,1050.79
5950,2024-11-02,34.0,Male,Clothing,Denim Jacket,3,649.85,West,1949.55
5951,2024-03-31,36.0,Male,Sports,Football,1,1921.29,East,1921.29
5952,2024-07-22,32.0,Female,Sports,Cycling Helmet,2,1173.89,West,2347.78
5953,2024-08-10,22.0,Female,Home & Kitchen,Vacuum Flask,1,1821.63,South,1821.63
5954,2025-10-07,40.0,Male,Sports,Cricket Bat,2,1700.79,South,3401.58
5955,2024-09-10,21.0,Female,Electronics,Bluetooth Speaker,1,2911.73,South,2911.73
5956,2024-09-01,20.0,Male,Beauty,Lipstick Set,2,368.48,West,736.96
5957,2025-04-29,30.0,Male,Beauty,Lipstick Set,2,940.98,North,1881.96
5958,2024-04-27,28.0,Female,Beauty,Perfume,1,695.04,North,695.04
5959,2024-12-19,54.0,Female,Beauty,Face Serum,2,489.46,South,978.92
5960,2024-05-13,47.0,Male,Clothing,Formal Shirt,2,624.9,Central,1249.8
5961,2025-06-30,16.0,Female,Electronics,Power Bank,2,2491.46,West,4982.92
5962,2024-06-02,27.0,Male,Electronics,Smartwatch,2,3039.67,West,6079.34
5963,2025-04-13,38.0,Male,Home & Kitchen,Blender,1,1033.97,North,1033.97
5964,2025-04-15,22.0,Male,Beauty,Hair Dryer,1,625.67,West,625.67
5965,2024-03-15,44.0,Female,Electronics,Smartwatch,1,3165.19,East,3165.19
5966,2024-11-01,26.0,Female,Clothing,Running Shoes,1,315.3,West,315.3
5967,2024-06-20,29.0,Male,Sports,Cycling Helmet,2,1857.38,East,3714.76
5968,2024-05-01,27.0,Male,Sports,Cricket Bat,3,1427.75,West,4283.25
5969,2025-03-18,26.0,Female,Clothing,Cotton T-Shirt,3,822.56,East,2467.68
5970,2024-06-24,24.0,Male,Home & Kitchen,Non-stick Pan,1,859.08,North,859.08
5971,2024-05-21,29.0,Female,Clothing,Cotton T-Shirt,1,1190.3,West,1190.3
5972,2025-08-01,40.0,Male,Sports,Cricket Bat,3,1473.26,East,4419.78
5973,2025-01-25,36.0,Female,Beauty,Perfume,2,590.55,East,1181.1
5974,2025-06-14,42.0,Male,Clothing,Cotton T-Shirt,4,849.72,North,3398.88
5975,2024-12-02,33.0,Male,Electronics,Power Bank,2,3273.43,East,6546.86
5976,2025-01-15,38.0,Male,Electronics,Power Bank,2,3533.53,North,7067.06
5977,2024-11-05,33.0,Female,Home & Kitchen,Table Lamp,2,1881.32,North,3762.64
5978,2024-06-06,45.0,Male,Beauty,Sunscreen,4,525.56,North,2102.24
5979,2024-05-30,28.0,Female,Electronics,Wireless Earbuds,2,3689.98,North,7379.96
5980,2024-11-26,54.0,Female,Electronics,Power Bank,1,3761.62,West,3761.62
5981,2025-09-15,36.0,Male,Home & Kitchen,Vacuum Flask,4,1271.27,North,5085.08
5982,2025-03-24,24.0,Male,Home & Kitchen,Non-stick Pan,1,1965.34,North,1965.34
5983,2024-04-02,31.0,Male,Electronics,Laptop Sleeve,1,3151.18,East,3151.18
5984,2025-01-21,26.0,Female,Home & Kitchen,Non-stick Pan,1,1637.82,Central,1637.82
5985,2025-04-20,50.0,Female,Beauty,Face Serum,1,845.81,North,845.81
5986,2025-02-23,26.0,Male,Electronics,Bluetooth Speaker,3,3802.86,West,11408.58
5987,2025-02-05,27.0,Male,Beauty,Face Serum,2,530.0,Central,1060.0
5988,2024-02-16,31.0,Female,Home & Kitchen,Table Lamp,2,1304.79,North,2609.58
5989,2025-06-25,47.0,Male,Sports,Football,2,2097.8,East,4195.6
5990,2025-01-14,36.0,Male,Clothing,Denim Jacket,4,1139.82,East,4559.28
5991,2024-06-07,35.0,Female,Sports,Dumbbell Set,1,1500.9,South,1500.9
5992,2024-09-16,42.0,Male,Electronics,Smartwatch,1,2790.94,North,2790.94
5993,2024-12-25,55.0,Male,Electronics,Wireless Earbuds,1,3075.86,East,3075.86
5994,2025-11-22,57.0,Female,Electronics,Wireless Earbuds,1,4273.53,Central,4273.53
5995,2024-12-21,27.0,Female,Clothing,Running Shoes,1,886.69,North,886.69
5996,2024-10-28,30.0,Female,Home & Kitchen,Vacuum Flask,2,1470.91,South,2941.82
5997,2025-08-17,20.0,Male,Sports,Yoga Mat,1,1298.2,North,1298.2
5998,2025-07-21,56.0,Male,Clothing,Denim Jacket,1,667.69,South,667.69
5999,2025-01-25,31.0,Female,Electronics,Laptop Sleeve,1,1850.58,West,1850.58
6000,2025-09-07,50.0,Male,Home & Kitchen,Blender,1,1070.23,South,1070.23
