TransactionID,Time_of_day_hr,Amount,V1,V2,V3,Class
1,16.86,211.86,0.332,-0.015,0.14,0
2,19.58,8.81,-0.936,0.3,-2.631,0
3,11.89,57.0,-1.396,-0.355,-0.292,0
4,14.68,57.49,-1.629,-0.931,-1.78,0
5,20.06,28.68,0.573,-1.772,-0.261,0
6,17.06,238.3,1.195,-0.007,0.56,0
7,10.35,90.79,-1.187,0.065,-0.302,0
8,20.35,6.96,1.178,1.707,-1.778,0
9,19.44,104.8,1.493,0.677,1.428,0
10,12.34,97.86,1.295,0.08,1.422,0
11,7.34,48.54,1.629,-2.015,-1.116,0
12,15.27,4.34,-0.886,-2.861,2.021,0
13,10.37,17.61,1.981,0.404,-1.78,0
14,14.02,18.14,3.29,0.242,1.103,0
15,13.98,270.33,-1.741,-0.672,-0.69,0
16,11.14,47.33,-0.541,0.073,2.258,0
17,3.74,62.86,-2.127,2.468,1.581,0
18,18.39,18.56,0.232,0.783,1.794,0
19,12.49,262.26,0.501,-2.62,2.361,0
20,9.05,18.52,-2.167,-0.116,-0.83,0
21,15.46,250.33,-0.481,0.661,-0.46,0
22,7.65,37.47,-0.009,-2.285,-0.379,0
23,18.95,26.02,1.074,0.047,1.758,0
24,8.32,91.61,0.212,0.653,0.913,0
25,11.86,12.46,1.693,1.288,1.11,0
26,20.3,36.13,0.333,-1.159,0.746,0
27,15.68,5.63,-0.497,-1.456,-0.356,0
28,10.35,57.42,-0.92,-1.611,-2.271,0
29,12.97,252.18,3.215,-0.21,-1.064,0
30,8.45,928.89,-1.396,1.504,-0.623,0
31,9.55,41.52,-0.582,-1.493,-2.816,0
32,8.86,8.96,-0.523,1.123,1.03,0
33,9.89,373.1,1.261,-0.972,0.315,0
34,17.9,48.25,-2.174,1.691,-1.244,0
35,23.13,54.15,0.756,0.915,-1.433,0
36,21.19,238.88,0.102,-2.207,1.743,0
37,19.01,179.88,-1.625,0.872,-1.374,0
38,14.29,33.71,0.759,-1.191,1.052,0
39,4.41,52.33,1.606,1.22,-0.334,0
40,14.53,43.51,0.076,2.032,0.721,0
41,12.69,50.85,-0.632,1.185,1.666,0
42,9.24,57.89,0.777,0.785,1.439,0
43,15.39,105.17,0.685,-0.728,-0.105,0
44,15.62,38.09,-1.283,-0.668,1.627,0
45,18.91,89.05,-0.539,-1.601,-1.045,0
46,6.0,70.88,-2.012,1.849,-3.289,0
47,6.44,197.06,-1.886,0.277,0.199,0
48,16.87,134.95,-0.033,1.806,0.88,0
49,16.99,122.96,-0.664,-1.955,0.185,0
50,6.0,125.34,0.493,0.398,-1.933,0
51,12.36,34.69,-0.582,0.844,1.514,0
52,13.64,67.39,0.172,-1.412,0.593,0
53,0.97,25.96,0.102,0.556,0.925,0
54,17.98,310.18,0.305,0.275,-1.907,0
55,16.83,8.16,-1.744,-0.105,-0.763,0
56,20.3,25.47,0.106,0.203,-0.869,0
57,19.86,57.31,-0.673,0.811,-2.862,0
58,13.87,22.55,-0.376,1.281,0.974,0
59,13.33,70.41,-1.451,-1.598,-1.532,0
60,10.37,29.53,-0.181,-0.696,0.32,0
61,13.32,10.47,1.932,-0.028,0.042,0
62,14.81,31.96,0.232,1.03,-1.189,0
63,4.05,293.25,0.275,0.655,0.047,0
64,19.03,177.06,2.382,0.2,-0.969,0
65,4.37,26.86,-0.91,1.512,0.467,0
66,13.64,30.98,0.264,-1.016,-0.151,0
67,19.82,17.87,-1.162,-0.373,-1.785,0
68,18.18,37.92,1.427,-0.639,0.757,0
69,22.02,100.49,-1.219,-2.645,1.148,0
70,19.98,51.33,-2.212,0.109,1.595,0
71,11.57,15.7,-2.099,-1.168,0.092,0
72,1.22,76.25,0.853,1.346,-2.574,0
73,1.38,52.11,0.482,-0.324,-0.513,0
74,10.13,28.54,3.739,-3.012,1.134,0
75,6.94,87.57,-0.204,0.515,0.231,0
76,20.14,15.65,-0.176,-0.581,0.518,0
77,16.66,46.29,1.494,1.315,-2.512,0
78,12.92,9.03,-0.03,0.174,0.809,0
79,18.7,8.87,1.047,0.402,-0.479,0
80,18.23,5.49,0.62,0.341,0.78,0
81,18.59,86.58,0.772,-2.755,0.397,0
82,14.82,14.35,-0.186,-1.504,-2.007,0
83,17.46,24.0,0.664,0.194,2.436,0
84,13.37,49.93,0.029,-0.543,-0.609,0
85,12.98,16.62,-1.296,-0.483,-1.453,0
86,10.11,18.76,-0.172,-0.74,0.607,0
87,14.51,148.63,-0.085,1.957,0.464,0
88,22.57,79.69,0.952,-1.243,0.319,0
89,8.08,23.23,-0.968,0.495,1.936,0
90,10.69,14.19,0.014,0.105,-0.08,0
91,13.02,241.37,0.361,-0.199,-0.802,0
92,1.92,78.59,-0.59,-1.546,-1.668,0
93,8.09,8.1,-1.762,-0.75,1.421,0
94,7.39,4.67,-0.785,1.131,0.704,0
95,15.59,44.26,2.578,-1.184,0.372,0
96,0.13,21.59,2.408,-0.087,-0.348,0
97,13.83,125.46,1.543,0.545,0.983,0
98,2.79,64.79,0.933,-0.413,-0.151,0
99,3.4,19.71,-0.246,1.677,-0.001,0
100,20.17,36.28,-0.801,-1.156,-2.475,0
101,12.98,609.33,-0.24,-0.161,-2.104,0
102,11.0,320.5,-1.122,-0.599,2.92,0
103,20.29,22.53,-0.393,0.697,-0.575,0
104,2.23,15.76,-1.17,-0.246,-1.635,0
105,16.33,70.02,1.659,-0.013,-0.593,0
106,7.58,58.12,0.187,0.198,1.446,0
107,14.28,12.59,-0.956,-0.268,-1.042,0
108,10.03,10.29,-2.846,-1.758,0.639,0
109,12.07,41.33,-1.48,0.456,0.576,0
110,8.15,48.35,1.264,0.333,-0.193,0
111,14.81,123.21,1.27,1.223,-2.404,0
112,15.69,10.38,0.379,0.134,-1.854,0
113,22.75,90.04,3.288,1.077,-0.858,0
114,16.8,127.75,-0.129,1.227,-1.896,0
115,18.34,84.3,-0.054,-0.394,0.91,0
116,19.91,47.77,3.096,1.315,0.253,0
117,11.26,340.58,1.18,-0.419,1.599,0
118,13.08,13.58,-0.617,0.788,-0.671,0
119,20.11,46.53,3.007,0.495,-0.602,0
120,6.5,4.72,-0.97,-1.871,-0.742,0
121,3.0,16.73,0.017,0.546,1.205,0
122,13.0,31.82,-0.921,-1.368,0.219,0
123,14.21,64.77,-0.434,-0.119,1.778,0
124,19.76,117.12,0.449,0.77,-0.971,0
125,16.27,192.98,-0.005,-0.405,0.136,0
126,7.89,30.03,0.481,-0.422,-0.077,0
127,1.2,9.78,-0.209,0.153,0.764,0
128,12.22,121.3,-2.534,0.79,-0.154,0
129,21.4,17.65,2.396,1.033,-1.14,0
130,18.86,15.71,0.304,1.079,0.467,0
131,10.86,1238.03,-0.409,-0.995,-1.032,0
132,9.21,110.14,0.725,-0.93,0.191,0
133,19.06,38.65,0.879,0.801,1.013,0
134,10.21,74.71,1.589,0.448,0.806,0
135,16.92,54.73,-2.577,0.105,-2.136,0
136,13.7,31.41,-0.663,0.575,-0.014,0
137,14.45,7.43,-1.331,1.341,-0.752,0
138,12.56,21.86,2.112,1.814,-0.764,0
139,16.95,75.2,1.189,0.479,1.895,0
140,15.66,166.69,0.123,-0.528,-0.676,0
141,5.39,118.18,0.551,2.015,-0.865,0
142,2.69,21.86,-0.837,-0.07,0.218,0
143,2.28,399.78,-0.345,-0.433,0.411,0
144,17.58,25.09,1.424,-0.3,-3.216,0
145,2.99,6.03,0.344,0.019,0.425,0
146,0.69,31.4,0.818,-0.635,-1.295,0
147,22.48,87.95,1.645,1.597,-1.299,0
148,13.76,12.73,-2.013,0.703,2.482,0
149,11.88,125.57,0.668,0.674,-0.036,0
150,9.86,18.13,-0.179,2.125,-1.324,0
151,8.97,24.88,0.114,2.081,0.713,0
152,15.64,56.92,-0.527,-0.027,3.393,0
153,11.38,23.33,1.67,1.934,-0.196,0
154,9.19,20.05,0.507,-0.622,1.807,0
155,19.99,91.69,-1.74,-0.726,-2.063,0
156,9.92,7.84,-0.543,-0.313,-0.038,0
157,14.78,278.95,-0.471,-0.482,0.348,0
158,15.9,167.34,-0.678,-1.494,0.521,0
159,23.19,21.57,0.467,-1.362,-0.532,0
160,22.13,41.99,1.451,-1.428,0.588,0
161,5.76,375.64,2.109,1.072,-1.785,0
162,4.34,25.9,-0.695,0.436,-1.552,0
163,19.95,8.0,0.603,0.609,-1.605,0
164,4.01,46.16,0.744,1.544,0.405,0
165,13.9,34.34,1.873,2.226,0.736,0
166,17.49,18.57,0.394,-0.704,1.517,0
167,3.67,97.65,-0.176,-1.56,1.152,0
168,17.83,11.59,2.067,0.031,0.178,0
169,9.01,13.78,0.909,-0.133,-0.713,0
170,19.11,7.13,-1.026,-0.758,-2.656,0
171,16.92,189.61,-0.303,0.522,-0.814,0
172,7.47,89.35,1.066,-1.463,-0.213,0
173,18.22,15.72,1.361,2.467,1.669,0
174,7.91,26.06,0.754,-0.554,2.575,0
175,20.14,21.32,-0.571,0.933,-0.701,0
176,12.6,90.07,1.612,1.53,-0.471,0
177,0.58,1.17,-0.124,1.61,-3.368,0
178,10.53,10.46,-0.202,-0.085,2.079,0
179,15.96,4.51,-2.417,-0.117,-1.265,0
180,14.13,12.52,-0.788,0.19,-2.151,0
181,10.26,45.85,3.509,-0.638,-1.084,0
182,11.52,106.33,0.992,0.064,-0.026,0
183,14.59,71.01,0.064,0.902,1.314,0
184,0.45,41.98,-1.265,-1.808,1.121,0
185,19.92,2.56,-0.799,-0.529,-0.111,0
186,14.69,238.81,0.073,0.115,2.249,0
187,8.01,70.0,0.698,0.412,1.756,0
188,3.98,12.78,-1.245,-0.126,0.199,0
189,6.82,65.83,-0.604,-0.519,-0.871,0
190,16.01,7.99,-1.868,0.206,0.165,0
191,1.59,93.73,-0.33,-2.153,0.364,0
192,17.28,17.94,0.471,-0.358,-0.012,0
193,13.22,30.51,1.692,-0.789,3.69,0
194,0.71,37.85,0.886,0.477,-0.156,0
195,14.87,154.11,0.859,0.454,0.748,0
196,14.17,26.92,-0.69,0.974,-0.706,0
197,3.58,22.3,1.103,1.42,0.67,0
198,20.1,95.22,0.927,1.319,1.66,0
199,2.36,10.53,0.719,-1.429,-0.293,0
200,11.16,6.2,-0.765,0.483,-0.021,0
201,20.99,137.24,-0.627,0.917,-1.55,0
202,5.26,53.22,-0.211,0.763,-0.171,0
203,18.98,21.74,1.101,-0.454,-0.36,0
204,16.2,15.37,-1.55,-0.397,2.544,0
205,13.61,32.87,0.007,0.701,1.648,0
206,18.18,217.42,-1.121,1.296,1.472,0
207,17.45,15.53,0.847,1.048,0.92,0
208,16.05,41.06,-0.848,2.237,0.806,0
209,4.22,6.14,1.02,-0.887,1.658,0
210,12.37,280.89,0.507,0.414,-0.872,0
211,14.13,144.41,-1.587,0.464,0.937,0
212,7.0,27.14,-0.37,0.506,0.451,0
213,20.36,35.97,0.908,-0.431,-1.109,0
214,13.15,107.59,-2.259,2.051,-0.658,0
215,17.26,29.77,0.054,0.403,1.331,0
216,13.8,332.38,-1.935,-1.479,0.746,0
217,16.3,33.6,1.483,1.141,0.752,0
218,17.42,123.48,-0.728,-0.471,-0.701,0
219,17.18,33.79,0.948,-0.814,-1.869,0
220,17.35,16.67,1.009,0.314,0.606,0
221,18.13,21.51,-0.263,-1.51,1.115,0
222,18.46,35.88,0.34,-0.958,-0.85,0
223,19.19,41.71,-0.944,-0.433,0.646,0
224,7.17,8.58,0.189,0.558,0.773,0
225,0.86,6.99,-0.214,1.472,-0.749,0
226,21.64,158.81,-0.528,0.292,-0.303,0
227,20.37,148.82,-1.394,0.05,1.654,0
228,4.37,672.57,2.212,-0.825,0.411,1
229,15.32,36.44,0.324,0.331,2.788,0
230,8.94,38.6,-1.7,-0.926,0.625,0
231,14.85,470.46,1.054,-0.471,-0.702,0
232,13.45,51.67,-0.935,-0.946,0.068,0
233,16.26,26.89,1.136,1.193,2.143,0
234,9.74,368.37,-0.086,-0.212,2.289,0
235,18.45,174.98,-0.964,0.264,-0.801,0
236,15.37,25.99,0.347,-1.151,-2.884,0
237,21.08,25.1,0.159,-0.869,-0.603,0
238,8.45,9.67,-1.931,0.692,0.75,0
239,19.0,66.05,0.044,1.01,-3.093,0
240,14.94,204.02,-1.017,1.256,0.293,0
241,14.29,18.6,0.907,-0.132,1.846,0
242,15.7,134.01,-0.327,1.287,1.643,0
243,11.88,37.55,1.689,0.499,-0.107,0
244,17.98,13.49,-0.197,0.591,-2.307,0
245,10.78,524.99,2.255,-1.882,-2.791,0
246,6.57,139.24,-1.808,-0.018,0.336,0
247,8.58,25.4,0.472,-0.037,0.535,0
248,2.31,44.82,0.595,0.439,-1.727,0
249,9.86,36.41,0.29,0.204,1.742,0
250,16.88,57.78,-0.505,0.056,-0.62,0
251,17.42,46.37,0.446,1.127,0.362,0
252,22.19,32.58,-1.415,-1.725,-0.712,0
253,16.6,39.92,-0.924,1.3,0.103,0
254,16.55,71.39,1.861,-2.333,0.006,0
255,7.49,10.6,-0.344,1.906,0.93,0
256,11.28,137.74,-0.585,0.521,-1.44,0
257,7.28,19.58,1.819,-1.041,-0.067,0
258,16.19,46.32,-0.04,0.186,1.241,0
259,20.05,61.19,0.153,1.337,2.108,0
260,8.33,16.0,-1.279,1.738,0.627,0
261,23.98,8.38,0.154,-0.78,-1.314,0
262,3.07,14.45,0.836,0.559,-2.474,0
263,11.36,129.53,-0.877,-1.591,-0.53,0
264,23.97,136.75,0.957,-0.074,0.474,0
265,12.17,104.0,-2.118,0.229,-0.887,0
266,19.1,13.61,0.922,-1.211,1.122,0
267,1.98,14.81,-0.678,1.717,0.067,0
268,16.14,164.3,-1.366,0.393,2.162,0
269,20.97,164.43,0.261,0.666,1.959,0
270,20.41,113.52,-0.021,0.985,0.878,0
271,1.94,12.27,-2.049,-1.079,1.981,0
272,2.38,207.68,2.109,1.149,2.039,0
273,12.36,217.07,-1.09,-1.044,-1.423,0
274,13.58,19.05,-1.775,2.25,-1.305,0
275,5.02,12.6,1.359,1.198,0.604,0
276,14.94,31.45,0.148,0.983,0.094,0
277,8.27,4.68,-0.433,0.041,-0.649,0
278,18.0,6.72,-3.274,-0.914,0.69,0
279,14.6,244.09,0.998,-0.064,1.673,0
280,14.16,58.61,0.503,-0.814,0.339,0
281,18.77,94.07,-3.65,-0.318,0.136,0
282,12.35,158.02,0.07,0.949,2.44,0
283,23.56,158.01,-0.958,0.95,-0.971,0
284,0.44,108.37,-0.094,-0.403,0.202,0
285,10.96,8.24,-0.467,-0.479,-0.609,0
286,11.35,15.74,0.621,-0.321,3.144,0
287,2.72,43.59,1.339,0.066,-2.368,0
288,4.43,98.84,1.295,-1.353,3.121,0
289,2.79,9.29,-0.894,-0.539,-0.105,0
290,20.97,111.62,0.888,2.622,0.541,0
291,11.62,6.62,-1.661,0.264,0.564,0
292,15.3,403.68,1.42,-1.824,-3.516,0
293,9.98,83.78,-0.986,-1.07,-0.225,0
294,14.16,40.53,1.396,0.186,-1.496,0
295,14.12,74.41,-0.685,0.696,-2.031,0
296,9.07,50.81,-1.388,-0.735,1.715,0
297,8.3,23.35,0.068,1.079,1.211,0
298,13.4,42.43,0.275,-1.7,2.263,0
299,14.52,241.4,-0.041,0.163,-1.75,0
300,18.17,112.97,-0.179,-0.667,0.823,0
301,17.36,19.18,-1.001,-0.071,-0.113,0
302,23.08,65.27,0.353,0.372,-0.008,0
303,18.79,198.5,0.449,1.845,-0.755,0
304,2.02,64.23,-2.338,0.055,-1.694,0
305,2.53,55.14,-0.72,0.32,0.579,0
306,12.59,17.1,0.374,-1.65,0.962,0
307,20.12,279.38,1.014,-0.085,-0.678,0
308,16.14,122.04,0.344,0.293,-0.367,0
309,7.61,32.54,0.622,0.513,2.212,0
310,20.2,28.9,3.811,1.542,0.658,0
311,4.47,75.9,0.852,-0.306,1.566,0
312,20.71,52.22,3.811,-0.042,1.045,0
313,16.75,90.47,-0.098,-0.181,-0.786,0
314,14.01,65.84,0.334,-0.001,0.164,0
315,17.85,23.44,-0.257,-1.427,3.043,0
316,18.25,8.45,-0.49,0.435,-0.143,0
317,23.63,22.94,-0.605,-1.27,0.796,0
318,11.52,16.19,0.353,1.93,0.12,0
319,13.52,23.08,0.267,-0.011,3.336,0
320,15.1,11.74,-0.939,1.628,-2.055,0
321,10.89,167.17,-1.129,-0.486,-1.526,0
322,8.14,108.06,-0.851,-0.329,0.7,0
323,16.76,5.34,-1.825,1.146,-1.16,0
324,18.86,43.04,0.506,-1.657,2.19,0
325,11.8,102.5,2.013,-1.016,0.317,0
326,16.44,75.6,1.27,-0.355,0.564,0
327,15.79,24.47,0.853,-0.815,-0.799,0
328,21.84,19.66,0.324,1.711,-0.597,0
329,18.5,12.22,1.091,-1.126,1.889,0
330,15.76,22.01,-0.186,1.144,-0.901,0
331,9.92,153.61,-0.11,1.946,-0.892,0
332,17.97,43.61,-0.229,-0.718,-0.049,0
333,8.43,16.06,-0.697,0.165,-0.175,0
334,15.3,183.56,1.719,0.102,-0.546,0
335,15.64,37.19,2.682,1.952,3.368,0
336,4.31,104.11,1.37,3.313,0.178,0
337,15.45,43.16,0.401,0.49,2.451,0
338,17.14,23.52,-0.735,-1.12,-1.554,0
339,7.11,1025.44,1.285,-1.03,1.381,1
340,6.41,47.1,-1.588,-0.577,-0.415,0
341,16.52,13.37,-0.304,-1.894,1.797,0
342,23.01,52.55,-0.003,-0.263,-3.378,0
343,8.38,7.99,-0.528,-0.759,-1.719,0
344,13.81,151.28,-0.715,1.533,-0.208,0
345,17.41,4.85,-0.844,0.833,-0.084,0
346,14.54,26.81,1.781,1.754,-1.636,0
347,9.19,65.3,-0.328,-1.012,0.306,0
348,11.15,10.13,0.612,2.111,-1.122,0
349,20.62,14.96,-0.998,-0.039,0.444,0
350,23.33,355.53,0.82,-0.095,1.12,0
351,17.69,29.5,-0.905,-0.085,-1.174,0
352,15.16,78.35,-0.958,-0.7,2.041,0
353,16.44,45.03,-1.036,-0.332,0.275,0
354,10.95,46.7,-1.01,0.782,-0.909,0
355,10.84,341.25,-1.172,-0.523,-2.084,0
356,16.18,30.21,0.226,1.054,0.099,0
357,14.35,10.08,-0.718,0.126,-0.5,0
358,16.37,30.65,1.008,0.394,1.46,0
359,8.67,40.58,0.56,1.981,1.21,0
360,20.16,25.75,1.277,0.375,-1.11,0
361,5.21,33.19,0.984,1.606,0.938,0
362,22.32,29.3,2.555,0.733,1.842,0
363,12.24,80.96,0.646,1.099,1.741,0
364,13.86,158.48,0.144,-0.38,0.651,0
365,8.46,24.32,1.152,0.776,1.365,0
366,17.37,4.94,-0.683,-0.237,0.955,0
367,5.11,30.33,2.568,-0.033,-1.263,0
368,20.54,109.35,-0.611,-0.22,-0.482,0
369,22.8,205.36,-1.338,-0.101,-0.692,0
370,1.5,46.9,-0.457,-0.345,-2.152,0
371,15.01,93.13,1.561,0.057,-1.168,0
372,11.35,18.92,0.207,-0.293,-2.169,0
373,15.64,42.23,-0.228,-0.308,-0.349,0
374,10.29,3.73,-0.021,0.104,-0.674,0
375,21.5,24.35,0.42,-0.048,0.807,0
376,9.49,33.99,1.469,0.885,0.884,0
377,11.74,32.42,-1.581,1.096,0.266,0
378,18.11,46.49,-0.507,-0.281,0.608,0
379,19.71,8.86,0.753,2.663,-1.136,0
380,15.29,10.45,0.881,-0.624,-1.979,0
381,11.65,83.01,-2.127,0.136,1.191,0
382,22.63,52.01,0.685,0.637,0.562,0
383,1.52,96.78,1.428,1.058,-1.491,0
384,12.49,113.07,0.624,-0.935,-1.423,0
385,15.25,43.79,1.732,-0.16,-2.044,0
386,1.21,46.5,-0.763,2.908,1.451,0
387,11.87,45.2,-0.429,1.164,-0.518,0
388,21.65,22.93,-1.959,0.219,0.475,0
389,15.81,27.23,0.951,0.064,-1.455,0
390,12.43,86.8,-0.308,0.996,1.212,0
391,9.56,9.82,1.474,0.725,0.066,0
392,17.25,32.28,-0.317,-0.11,-0.217,0
393,15.33,474.85,0.996,-0.049,-1.408,0
394,8.52,215.95,0.097,-0.016,-1.395,0
395,12.72,309.4,-0.63,-0.747,-2.653,0
396,23.66,126.0,0.229,-1.387,0.7,0
397,5.83,43.01,0.121,1.709,0.638,0
398,18.38,101.82,0.419,1.026,0.436,0
399,9.05,17.61,0.015,2.389,0.631,0
400,9.59,24.9,0.826,1.58,-1.721,0
401,11.53,81.14,-2.628,2.189,0.224,0
402,11.39,25.99,0.281,-0.405,0.918,0
403,15.15,36.21,0.145,0.392,-3.362,0
404,18.52,27.23,-0.023,-0.807,-0.724,0
405,10.61,9.17,-2.933,-1.443,-1.614,0
406,16.72,18.25,2.077,-0.285,-1.622,0
407,20.45,77.84,-1.428,0.519,0.392,0
408,17.34,12.15,0.865,1.57,-1.326,0
409,8.38,10.39,-2.644,1.19,0.118,0
410,0.76,93.88,-0.442,0.264,-1.773,0
411,20.01,82.76,-1.361,-0.885,0.881,0
412,8.77,57.05,-0.945,-1.733,-0.455,0
413,18.29,49.44,2.581,-1.59,-0.074,0
414,14.7,6.27,-2.298,-0.128,-0.569,0
415,12.55,29.98,-2.502,-0.16,-2.117,0
416,10.33,9.53,0.154,0.724,2.514,0
417,20.3,20.61,0.305,-0.008,0.501,0
418,20.08,69.54,-0.549,0.963,-1.137,0
419,21.56,60.17,-0.719,-0.397,2.2,0
420,5.63,30.66,-2.211,0.177,2.435,0
421,15.45,34.26,0.714,-1.947,1.693,0
422,22.24,19.26,-0.658,-0.009,-1.894,0
423,8.4,22.95,0.205,-0.306,1.145,0
424,14.67,35.02,1.254,-1.102,-1.376,0
425,19.23,89.57,-0.697,-0.074,-0.206,0
426,19.54,42.11,-0.168,0.382,0.233,0
427,13.99,40.78,0.468,-1.436,-1.276,0
428,7.93,51.97,1.411,-0.368,0.052,0
429,6.89,99.07,-0.732,1.19,1.917,0
430,4.95,45.76,-1.501,-0.317,-1.68,0
431,10.06,16.23,0.077,0.548,1.062,0
432,23.79,12.56,-1.335,-1.026,-0.377,0
433,15.8,10.39,-2.233,1.432,1.519,0
434,18.49,129.35,-0.494,1.78,0.85,0
435,17.94,14.09,-0.513,1.698,0.789,0
436,13.9,106.67,-1.071,-0.174,0.094,0
437,2.99,27.95,-1.615,-0.355,1.862,0
438,9.73,16.22,-1.349,0.969,0.683,0
439,10.95,307.47,0.953,0.436,1.64,0
440,21.34,37.48,0.669,1.244,-2.767,0
441,10.57,9.18,-1.286,-1.135,-0.385,0
442,20.89,86.69,-3.514,0.822,-0.543,0
443,8.89,15.47,2.086,0.307,-1.776,0
444,17.48,88.06,-1.06,1.188,1.941,0
445,18.79,64.26,-0.18,0.075,-0.662,0
446,17.64,154.29,2.149,-0.551,-3.053,0
447,13.93,23.58,0.16,-0.616,-1.002,0
448,20.09,141.7,0.459,-0.507,-2.438,0
449,17.65,27.65,0.721,-0.891,0.717,0
450,23.2,41.61,0.458,1.697,-0.595,0
451,13.35,8.19,3.378,-1.073,0.618,0
452,6.05,139.64,-0.414,-0.289,-2.712,0
453,2.08,68.27,0.787,-0.513,-1.795,0
454,13.63,50.1,1.35,3.088,0.641,0
455,16.82,75.69,0.411,-0.623,1.152,0
456,12.09,38.11,0.574,-2.124,0.933,0
457,17.96,13.42,0.803,-0.086,-2.148,0
458,15.96,50.49,-1.582,0.564,-1.045,0
459,11.04,34.31,1.781,-0.631,1.612,0
460,16.57,16.27,0.71,-2.677,0.081,0
461,8.01,64.42,0.691,-0.777,0.561,0
462,12.26,108.59,-0.591,0.904,0.236,0
463,3.19,20.78,-1.009,0.249,-0.434,0
464,19.86,16.29,1.074,0.711,0.637,0
465,12.89,25.91,-1.448,1.01,-2.296,0
466,7.58,30.69,-2.213,0.387,3.113,0
467,7.5,8.63,0.65,2.06,-0.687,0
468,15.21,7.54,0.082,1.265,0.722,0
469,21.19,11.57,-0.802,-1.164,-1.406,0
470,0.1,44.1,1.053,-0.522,0.569,0
471,18.28,159.26,-1.766,0.767,-0.568,0
472,4.49,29.14,3.216,-0.039,1.632,0
473,9.87,16.6,0.385,1.39,0.78,0
474,16.12,26.16,-1.116,0.122,0.534,0
475,13.64,73.67,-0.576,-0.318,0.956,0
476,4.52,87.23,-0.483,-2.695,-0.371,0
477,15.27,15.5,0.017,0.797,0.326,0
478,20.78,47.12,0.442,-1.384,-1.0,0
479,22.83,40.83,1.348,-1.04,-0.565,0
480,11.98,198.64,-0.269,-0.289,-2.138,0
481,18.13,5.88,-0.357,0.732,0.299,0
482,16.99,87.68,-0.341,-1.537,0.023,0
483,20.58,34.6,0.641,-1.397,-0.086,0
484,16.43,291.13,-1.176,0.947,-2.328,0
485,11.93,85.66,-0.673,-1.796,2.406,0
486,13.1,8.18,0.603,0.46,-0.554,0
487,15.23,14.93,-2.02,-0.39,-1.004,0
488,17.46,6.17,0.678,0.054,0.646,0
489,7.29,46.2,1.791,1.447,-0.581,0
490,20.25,53.4,-0.306,0.054,0.265,0
491,20.53,15.96,0.729,-2.192,0.066,0
492,15.52,31.04,-2.094,-0.059,2.174,0
493,16.42,26.93,-0.718,-0.259,0.184,0
494,16.59,17.33,2.714,0.286,0.052,0
495,23.98,25.64,1.331,0.992,0.528,0
496,15.73,690.95,1.301,0.8,-1.233,0
497,17.63,85.97,-2.108,1.432,-0.523,0
498,21.09,131.74,1.25,0.556,-2.786,0
499,11.28,58.56,-0.475,0.554,-0.683,0
500,0.86,45.66,0.499,-0.346,-0.667,0
501,19.98,78.69,-0.189,-0.879,-1.75,0
502,19.12,8.87,2.222,1.555,1.181,0
503,17.44,23.11,-0.47,-0.444,1.542,0
504,8.07,75.71,-1.212,0.321,-0.302,0
505,0.41,45.26,-1.041,-0.082,2.364,0
506,20.85,27.15,1.649,-1.162,-2.08,0
507,10.66,20.12,1.224,0.233,-0.855,0
508,9.75,19.56,-1.708,-1.441,-0.185,0
509,11.43,69.89,-0.213,1.059,-1.132,0
510,17.81,59.42,-1.364,1.129,1.368,0
511,16.76,40.31,-0.187,0.413,1.663,0
512,10.14,259.84,-1.839,-1.948,0.965,0
513,13.79,48.2,2.519,2.005,1.747,0
514,16.42,3.21,-0.969,-1.753,0.247,0
515,9.63,13.98,-1.539,2.05,0.282,0
516,18.73,358.89,1.184,1.264,-2.067,0
517,18.97,22.72,1.155,0.087,0.109,0
518,14.7,50.65,-2.362,-0.459,-1.314,0
519,18.88,62.51,0.14,0.131,1.231,0
520,5.29,171.07,-0.102,0.488,-0.446,0
521,14.41,35.35,-0.558,1.183,-1.158,0
522,16.81,37.62,-1.352,-0.455,1.677,0
523,7.9,185.64,-0.666,-0.708,2.568,0
524,10.17,42.8,1.115,-0.186,0.443,0
525,11.07,149.34,1.517,0.554,0.685,0
526,7.53,853.95,-0.233,-0.001,0.024,0
527,20.04,40.29,-0.574,-0.767,0.821,0
528,14.75,2.9,2.318,1.268,0.494,0
529,14.8,155.09,-1.118,1.057,-0.978,0
530,0.98,55.4,1.603,0.038,0.061,0
531,20.22,27.4,-0.985,0.839,-0.844,0
532,8.95,97.5,-2.189,0.337,0.984,0
533,8.55,48.22,0.86,-1.961,-3.672,0
534,7.94,43.91,0.462,-0.43,-0.45,0
535,8.53,17.66,0.95,0.469,-0.526,0
536,17.43,22.3,-1.346,-2.024,2.051,0
537,20.26,16.2,1.088,0.627,1.004,0
538,19.89,33.92,-1.262,-0.038,-1.475,0
539,16.67,153.49,-2.481,-0.815,-2.959,0
540,15.58,15.86,-0.313,-0.729,-1.771,0
541,5.04,39.18,-0.122,0.762,1.559,0
542,9.9,44.3,2.337,1.953,1.443,0
543,3.82,29.6,0.922,-0.37,-0.688,0
544,14.42,31.08,-0.444,-0.126,-3.197,0
545,22.75,188.87,-0.486,1.13,0.744,0
546,12.2,15.03,-1.151,0.809,-1.006,0
547,1.72,82.41,3.054,-1.108,0.333,0
548,0.5,43.16,-0.291,-2.056,0.108,0
549,0.93,15.71,-0.748,-1.053,2.509,0
550,14.46,9.16,-1.415,-1.083,-0.474,0
551,19.28,129.71,1.026,1.109,-1.38,0
552,15.48,43.06,-1.704,1.732,-2.306,0
553,19.95,57.63,1.788,-0.362,0.651,0
554,6.48,174.85,0.671,-0.208,-3.526,0
555,9.19,13.0,1.328,0.508,1.35,0
556,11.89,31.16,1.065,-0.783,-1.091,0
557,15.76,10.85,0.865,1.222,-0.952,0
558,16.4,82.97,-0.42,0.286,0.626,0
559,0.16,144.89,0.225,-0.036,0.492,0
560,9.53,24.74,-3.021,-1.075,2.571,0
561,12.82,26.17,-0.018,-1.723,-2.507,0
562,22.44,11.67,3.052,-2.715,-1.878,0
563,20.5,54.41,1.627,-1.233,0.84,0
564,1.35,141.17,0.537,-0.642,-0.894,0
565,17.63,274.25,0.491,-0.415,0.23,0
566,11.59,101.41,1.256,-2.347,0.878,0
567,7.74,38.08,1.174,-0.8,-0.031,0
568,5.92,14.81,-0.437,0.472,-0.437,0
569,8.7,99.26,1.383,-0.495,2.567,0
570,9.46,9.81,2.347,1.093,-1.042,0
571,19.35,64.1,-2.224,-0.499,-0.283,0
572,12.98,74.85,-0.445,-0.045,-0.356,0
573,14.58,76.07,0.673,0.486,-0.204,0
574,9.57,13.91,1.371,0.614,2.418,0
575,6.42,15.12,1.226,1.499,-1.75,0
576,7.73,6.12,0.209,-0.686,0.077,0
577,0.62,15.13,0.415,1.509,4.482,0
578,16.24,14.82,1.729,1.352,1.765,0
579,16.9,58.98,1.752,-0.139,3.963,0
580,9.51,25.9,0.222,2.1,1.286,0
581,11.9,76.26,0.987,0.028,-0.626,0
582,15.0,79.5,0.344,-0.489,-1.023,0
583,1.89,38.55,0.628,0.151,-2.607,0
584,8.94,83.39,-0.898,0.981,-0.919,0
585,11.67,26.47,-0.543,-1.467,0.76,0
586,10.32,90.27,0.301,0.17,-0.634,0
587,4.44,15.69,0.135,-0.212,-1.488,0
588,21.54,270.68,0.972,-0.889,0.909,0
589,10.56,104.27,1.667,-0.778,0.259,0
590,20.22,43.18,0.408,-0.057,-2.766,0
591,6.37,244.96,0.485,-3.469,-0.828,0
592,6.99,4.3,-1.947,0.165,1.932,0
593,14.59,50.77,-0.286,1.671,-1.754,0
594,12.44,22.53,1.303,-0.262,1.087,0
595,8.2,80.85,1.143,0.905,-1.646,0
596,18.36,14.2,0.854,2.445,0.585,0
597,21.38,8.63,-0.542,-1.578,1.536,0
598,16.47,93.16,0.626,-0.951,1.037,0
599,2.13,22.97,0.988,-0.279,-1.703,0
600,20.72,72.01,1.165,-1.022,-0.403,0
601,13.35,9.31,-0.581,0.052,0.454,0
602,17.38,17.25,-2.122,1.173,-0.674,0
603,19.51,13.44,-1.071,-1.981,1.333,0
604,15.32,95.96,-0.617,2.344,-2.402,0
605,15.72,59.37,0.359,0.113,0.032,0
606,12.74,40.39,1.276,0.736,3.091,0
607,18.94,4.13,1.516,-1.909,0.899,0
608,16.84,74.06,0.581,0.755,0.918,0
609,7.91,126.03,-1.761,-0.662,1.614,0
610,8.73,100.53,-0.677,0.159,1.297,0
611,16.29,4.32,1.739,-0.298,-1.18,0
612,22.52,40.99,-0.919,-0.297,1.018,0
613,0.58,38.15,-0.935,0.067,0.013,0
614,8.38,239.94,1.692,0.6,3.821,0
615,0.68,60.7,-0.304,-0.825,0.92,0
616,2.0,61.39,1.035,-0.875,-1.957,0
617,10.82,31.01,-0.589,-1.54,-2.159,0
618,6.94,192.87,0.706,-1.478,3.074,0
619,14.95,43.66,1.501,-0.553,0.389,0
620,16.24,97.45,-0.86,0.944,2.109,0
621,13.75,32.69,-2.543,1.133,-0.761,0
622,0.09,46.09,0.791,-0.509,2.485,0
623,13.45,58.42,0.087,1.389,-0.742,0
624,21.25,215.24,-1.294,-0.381,-0.943,0
625,10.82,72.87,-1.072,-1.682,-0.881,0
626,18.18,14.66,-0.598,0.151,-0.724,0
627,22.08,9.61,0.943,-0.04,1.862,0
628,14.22,28.39,-1.407,-0.036,0.894,0
629,6.19,85.83,-0.215,-0.184,-1.192,0
630,12.9,31.06,0.54,0.323,-0.705,0
631,3.51,10.33,0.317,0.737,1.063,0
632,20.82,40.87,0.162,1.024,-2.571,0
633,12.6,124.29,-2.02,-0.751,-0.315,0
634,12.51,338.06,-1.36,0.549,-1.076,0
635,10.38,43.33,-0.317,-1.324,0.784,0
636,20.85,39.91,0.49,-2.829,-0.811,0
637,14.3,6.67,-1.084,0.896,-1.54,0
638,14.63,6.74,1.219,-0.982,-0.445,0
639,21.25,25.75,-2.891,0.832,0.267,0
640,0.92,6.76,0.631,1.464,-1.747,0
641,14.44,67.29,2.037,0.645,-2.06,0
642,9.44,65.78,-2.128,-0.256,-0.466,0
643,3.54,17.29,0.32,-0.908,-1.428,0
644,2.37,37.42,0.703,3.207,-1.055,0
645,7.5,160.57,0.837,-0.577,-0.109,0
646,7.0,44.97,2.438,1.11,-0.43,0
647,10.37,284.19,0.977,-2.254,-0.168,0
648,7.09,14.9,-1.186,-0.153,-0.076,0
649,12.68,87.23,-0.846,0.894,0.06,0
650,12.16,110.32,1.622,0.974,0.402,0
651,4.15,75.12,2.282,-0.249,-1.143,0
652,19.04,107.0,0.378,-0.101,1.975,0
653,12.48,15.27,-0.309,0.042,-0.298,0
654,15.57,99.8,1.864,1.551,0.682,0
655,19.91,44.58,-0.808,-0.84,-0.454,0
656,7.06,35.86,0.487,-0.718,2.192,0
657,8.78,28.92,2.103,0.506,-0.221,0
658,16.63,36.06,-0.721,-0.629,0.116,0
659,16.34,52.8,-0.663,-0.548,-0.933,0
660,6.66,242.33,0.449,0.124,1.509,0
661,5.41,13.61,0.332,0.019,-2.314,0
662,9.79,29.02,-0.258,-0.913,1.094,0
663,17.31,30.33,2.171,-1.769,2.557,0
664,10.68,9.51,0.506,0.425,-0.33,0
665,19.58,25.0,0.88,0.87,1.263,0
666,3.92,7.71,-0.245,-0.105,0.929,0
667,18.3,277.48,-0.827,-1.226,-0.065,0
668,7.93,98.0,-0.238,0.239,-1.021,0
669,10.91,29.56,0.676,-0.449,-0.132,0
670,23.68,138.62,-0.932,1.07,-3.086,0
671,9.79,27.18,-0.343,-0.459,0.548,0
672,6.39,13.37,-1.202,1.217,1.005,0
673,17.52,7.06,0.688,-1.767,2.822,0
674,5.04,369.33,-0.974,1.144,-0.942,0
675,0.27,18.97,0.424,-1.956,0.372,0
676,16.89,150.89,1.591,0.154,0.268,0
677,14.07,98.28,-0.1,-1.367,0.261,0
678,17.4,15.03,0.361,-0.545,1.928,0
679,20.86,12.33,0.034,0.6,-1.76,0
680,10.33,8.71,-3.216,0.187,0.494,0
681,12.11,99.2,-0.244,-0.079,-0.768,0
682,13.54,62.49,0.453,-0.952,0.646,0
683,2.38,19.59,-0.528,0.85,0.358,0
684,8.31,6.39,0.147,0.812,-0.258,0
685,15.31,20.68,-1.074,1.233,-0.293,0
686,6.46,62.91,-0.338,0.029,-0.859,0
687,11.88,3.81,2.783,0.01,0.475,0
688,0.96,92.83,2.183,-2.665,2.019,0
689,15.75,10.15,0.431,-1.31,-0.434,0
690,16.23,38.39,-0.198,1.766,0.603,0
691,20.85,149.56,-0.478,-1.236,-0.242,0
692,10.27,97.96,-0.698,-0.253,1.175,0
693,10.61,26.6,-0.764,0.869,-0.316,0
694,10.02,19.82,2.995,-0.417,0.92,0
695,22.73,74.6,0.455,-0.222,-0.957,0
696,6.2,12.56,-3.065,1.372,-2.284,0
697,17.63,23.04,-0.522,-0.172,1.892,0
698,20.94,32.47,-0.139,-0.551,-0.429,0
699,17.95,14.06,-1.016,-0.421,0.823,0
700,13.87,33.5,-0.541,0.216,-0.89,0
701,16.78,3.51,-1.49,-0.471,2.169,0
702,4.4,102.54,1.83,2.051,2.09,0
703,10.59,18.82,0.522,0.214,-2.067,0
704,22.08,77.45,0.117,-3.515,1.584,0
705,5.44,358.89,-3.288,-0.726,1.557,0
706,12.04,11.2,1.505,0.054,0.63,0
707,13.81,96.93,0.178,-1.103,-0.355,0
708,11.42,80.92,2.54,1.93,0.038,0
709,16.27,7.35,-1.143,-0.246,-0.765,0
710,7.51,23.53,0.568,0.327,1.104,0
711,18.07,201.07,-0.824,-0.302,-0.052,0
712,9.71,62.79,0.654,0.675,1.543,0
713,14.64,29.75,-0.115,0.601,-1.41,0
714,15.81,440.36,-0.388,-0.662,-2.684,0
715,3.87,72.3,-2.13,-1.652,-0.794,0
716,16.64,163.96,1.452,1.314,-0.94,0
717,18.21,105.66,2.375,-1.375,0.092,0
718,6.76,33.2,1.987,0.409,0.994,0
719,14.32,19.54,0.951,1.134,-1.009,0
720,1.95,55.46,1.726,-0.518,-1.759,0
721,13.87,15.53,-0.373,0.059,2.006,0
722,16.2,206.4,1.403,-1.713,-0.497,0
723,7.14,48.49,-1.221,-0.212,-2.633,0
724,17.57,64.24,-0.152,-1.007,-0.552,0
725,8.58,28.34,1.566,-0.62,-1.099,0
726,18.88,14.4,0.511,0.287,-0.417,0
727,20.79,41.91,-0.23,-1.215,-1.775,0
728,20.79,6.48,-1.335,0.962,-0.331,0
729,9.41,76.3,2.203,0.937,0.21,0
730,7.72,69.76,0.848,-0.171,-0.243,0
731,17.5,13.06,-0.704,1.233,-0.571,0
732,10.33,108.41,-1.196,0.167,1.218,0
733,20.45,44.34,2.632,1.294,0.251,0
734,18.0,18.75,1.025,-0.796,-2.173,0
735,12.75,164.3,0.225,-2.658,-1.603,0
736,0.01,29.75,0.705,0.084,-2.706,0
737,1.94,12.28,0.245,-1.726,1.436,0
738,17.03,302.39,0.165,-0.638,-0.256,0
739,14.79,113.86,-0.796,-0.755,0.591,0
740,10.36,95.55,-1.257,0.738,2.137,0
741,18.28,120.47,-1.427,-0.638,0.324,0
742,7.51,384.05,-0.651,-1.358,-1.428,0
743,19.7,60.93,0.206,-2.524,0.767,0
744,17.5,85.54,1.12,1.32,0.305,0
745,8.34,37.04,0.097,-1.252,1.3,0
746,14.74,191.39,-0.414,0.411,-1.253,0
747,12.68,27.95,-0.011,-0.117,-0.114,0
748,16.84,173.26,1.041,-0.842,1.63,0
749,18.95,31.21,0.234,0.28,2.16,0
750,18.48,180.1,2.414,-0.933,0.517,0
751,9.0,121.77,0.649,-0.327,0.585,0
752,16.66,318.9,-1.771,-0.642,-0.67,0
753,9.39,48.17,-1.543,0.129,-1.153,0
754,9.22,38.89,-1.415,-1.624,-0.643,0
755,16.02,48.41,-0.659,0.768,-0.058,0
756,16.91,69.84,-0.264,-0.913,-3.512,0
757,21.22,29.11,-1.999,0.795,2.213,0
758,23.93,16.15,0.721,-2.078,-1.152,0
759,3.19,147.46,-0.059,0.854,-0.85,0
760,11.76,28.15,-0.064,0.7,2.513,0
761,14.67,16.79,2.533,0.874,0.675,0
762,13.73,311.72,-2.193,-0.426,0.766,0
763,15.21,64.44,-1.314,1.748,-0.451,0
764,5.9,49.64,0.285,-0.776,-1.033,0
765,3.56,28.3,-1.139,0.556,0.666,0
766,9.84,43.16,0.429,-1.699,3.309,0
767,19.55,168.76,2.688,0.201,1.41,0
768,16.17,35.24,1.905,0.548,-0.825,0
769,1.63,225.96,1.802,1.323,1.189,0
770,15.77,74.15,-0.744,0.793,-0.886,0
771,17.68,684.8,-0.633,-0.224,-0.989,0
772,16.11,15.25,-1.345,-0.521,-1.041,0
773,17.18,10.71,0.472,0.714,0.751,0
774,11.2,114.74,2.623,2.056,-1.116,0
775,12.12,55.12,0.264,0.151,-1.352,0
776,13.63,170.65,-2.043,-1.663,1.126,0
777,19.67,162.23,0.037,0.095,-1.048,0
778,3.76,59.11,0.149,0.212,0.829,0
779,1.3,7.4,-0.553,-0.885,1.459,0
780,20.09,40.49,-1.264,1.073,-0.153,0
781,23.5,83.54,-0.818,1.419,-3.11,0
782,18.82,34.84,2.14,-0.223,-1.262,0
783,15.5,28.49,1.264,0.82,0.868,0
784,12.57,35.34,0.961,0.008,0.215,0
785,12.41,31.74,-0.154,-0.591,-0.806,0
786,10.99,72.96,0.208,0.083,1.302,0
787,0.63,53.49,-1.151,-1.332,0.883,0
788,11.47,32.27,0.621,-1.499,1.55,0
789,17.02,6.49,-1.681,-0.622,0.609,0
790,4.28,37.98,0.553,1.787,-1.289,0
791,17.05,37.95,-1.533,0.277,-0.536,0
792,11.17,93.52,-2.712,-0.416,2.063,0
793,7.64,19.49,-0.155,-1.511,-0.721,0
794,16.5,46.04,1.498,0.824,-0.116,0
795,10.6,9.62,-0.501,0.25,-0.102,0
796,4.0,80.53,0.543,-1.832,2.416,0
797,1.99,216.03,-0.947,-1.297,1.793,0
798,14.6,121.38,0.612,0.087,0.391,0
799,4.27,109.68,-0.663,0.128,2.751,0
800,17.47,29.45,0.546,1.428,-1.762,0
801,21.27,44.62,1.088,0.801,-1.018,0
802,14.94,29.47,0.492,-0.361,-0.455,0
803,15.56,96.53,-1.302,0.131,-2.563,0
804,14.09,62.05,-1.133,-0.721,0.752,0
805,9.61,27.82,0.727,0.777,-0.165,0
806,19.21,26.62,-0.516,0.742,-0.635,0
807,14.76,302.56,-1.59,-0.011,0.088,0
808,10.11,54.38,0.898,0.901,0.113,0
809,12.94,159.54,1.476,-0.663,-0.113,0
810,16.58,53.73,2.458,0.823,0.605,0
811,9.75,83.59,0.695,-0.108,-0.13,0
812,5.63,16.93,-0.383,1.914,-0.623,0
813,4.52,42.93,-1.501,0.632,-0.703,0
814,16.44,268.22,1.221,1.593,-1.526,0
815,16.88,149.77,1.881,0.277,-0.4,0
816,9.55,27.62,-1.45,-2.667,0.5,0
817,15.14,76.22,0.45,-0.705,2.468,0
818,14.03,63.78,0.034,-1.881,0.603,0
819,23.08,13.34,-0.783,1.63,0.65,0
820,20.74,29.92,-0.323,-0.3,-1.153,0
821,11.82,39.3,0.326,0.817,1.993,0
822,12.83,12.37,1.974,0.554,2.707,0
823,0.05,53.92,1.895,-1.552,2.072,0
824,13.12,7.03,-2.578,-2.941,-0.493,0
825,10.28,12.6,0.969,-0.334,-0.284,0
826,1.28,62.97,2.104,0.614,0.088,0
827,19.66,5.96,-1.492,0.659,-0.998,0
828,12.93,44.2,-0.094,0.643,-1.516,0
829,14.07,24.79,3.142,-0.057,-0.572,0
830,0.19,17.35,1.216,-0.044,0.565,0
831,15.6,16.78,0.47,0.644,1.847,0
832,18.78,85.69,-0.418,-0.708,1.413,0
833,11.43,135.39,-0.273,-0.272,-0.733,0
834,6.16,124.3,0.147,0.83,-0.559,0
835,12.36,138.03,0.146,1.556,1.089,0
836,13.77,81.72,-1.158,0.991,3.312,0
837,9.42,11.26,1.896,-1.41,0.744,0
838,14.08,87.14,1.557,-0.793,0.435,0
839,10.36,7.49,-1.334,-0.477,0.473,0
840,9.92,54.25,-0.446,1.034,-0.407,0
841,15.06,59.95,0.552,0.067,-0.62,0
842,17.89,38.8,-1.1,-0.29,-0.126,0
843,9.49,17.3,-0.234,1.153,1.585,0
844,17.14,13.13,-1.114,1.201,1.366,0
845,19.89,20.45,-0.859,-0.19,1.668,0
846,0.59,35.27,-1.91,-1.127,-0.278,0
847,18.0,15.64,-0.977,-0.869,-1.13,0
848,22.21,39.04,-0.211,0.866,-0.114,0
849,13.86,155.57,-0.842,0.13,0.286,0
850,20.01,17.44,1.826,0.351,-1.57,0
851,1.12,45.13,1.688,-0.088,1.8,0
852,18.77,326.03,1.557,-0.876,1.691,0
853,18.87,158.72,0.861,0.667,-1.096,0
854,12.75,12.68,1.388,-0.261,-2.345,0
855,10.37,70.78,-0.679,-1.357,0.958,0
856,5.14,10.45,0.012,-1.102,1.272,0
857,10.28,66.02,1.677,0.238,1.117,0
858,10.94,18.6,1.296,1.058,-0.705,0
859,12.34,53.3,-0.047,-1.612,0.723,0
860,8.33,147.37,1.788,1.435,0.935,0
861,10.7,14.24,1.089,0.787,-1.626,0
862,16.28,55.84,3.339,-2.453,-3.248,0
863,16.84,52.88,-2.394,-0.489,0.38,0
864,5.42,16.65,0.522,1.001,1.917,0
865,19.1,248.17,1.549,-0.695,1.88,0
866,13.12,15.92,-0.999,1.012,-0.565,0
867,14.12,87.41,-1.342,0.366,1.224,0
868,18.74,82.74,-0.134,-0.757,-0.391,0
869,12.31,217.41,0.153,2.962,4.1,0
870,8.05,9.03,1.156,0.41,-1.407,0
871,13.68,77.88,-1.317,1.002,-2.259,0
872,11.69,9.42,-0.778,1.72,-0.401,0
873,8.28,15.08,0.408,-0.351,2.406,0
874,5.81,2.37,-2.21,-0.907,-0.378,0
875,13.39,72.66,-1.076,0.28,0.721,0
876,11.81,29.07,-0.341,-0.854,0.003,0
877,16.18,27.25,1.372,1.712,-0.094,0
878,11.66,102.29,1.2,-1.055,2.177,0
879,11.02,82.88,-0.186,0.885,-1.184,0
880,7.95,54.29,-0.36,-1.06,-0.451,0
881,13.04,6.23,0.056,-2.197,1.937,0
882,15.4,97.04,0.084,-1.25,-4.051,0
883,14.49,61.18,-2.963,-2.506,2.285,0
884,3.49,69.36,0.157,1.179,-0.884,0
885,15.03,28.19,-0.027,0.077,-3.014,0
886,16.54,73.83,0.055,0.391,-0.56,0
887,11.83,62.0,0.017,-0.601,3.183,0
888,15.49,24.15,1.512,1.101,0.181,0
889,17.11,119.56,1.466,1.072,-2.289,0
890,6.96,20.78,-0.558,-1.255,1.6,0
891,15.37,54.69,1.503,1.977,1.472,0
892,22.02,49.08,-0.678,0.49,1.374,0
893,14.37,80.32,-1.692,-0.597,-1.756,0
894,15.36,147.35,-0.007,0.412,-1.855,0
895,11.51,38.19,-0.268,0.435,-1.016,0
896,18.24,12.55,-1.735,0.67,1.254,0
897,8.34,3.0,-0.29,0.458,-1.463,0
898,14.06,76.96,-0.347,1.298,-1.698,0
899,2.85,26.95,-0.868,-0.335,1.073,0
900,18.49,112.79,0.09,-0.339,2.688,0
901,23.66,5.32,-0.041,0.057,0.15,0
902,2.18,53.27,-1.395,2.998,-1.827,0
903,0.52,36.87,2.054,-0.449,0.895,0
904,13.7,33.37,0.119,-1.31,-0.046,0
905,19.45,135.85,0.558,-1.916,0.992,0
906,11.6,35.89,-2.019,-0.745,-1.894,0
907,14.25,98.22,0.168,-2.416,1.189,0
908,15.26,38.2,0.92,-0.351,0.479,0
909,16.4,22.07,-1.817,0.69,-0.923,0
910,21.19,50.35,-0.21,0.28,-0.959,0
911,16.25,31.55,-0.154,0.68,1.183,0
912,16.54,130.32,1.497,1.18,-0.556,0
913,21.84,138.85,-0.75,-0.066,0.001,0
914,15.74,12.31,-0.286,1.128,-1.612,0
915,9.47,49.95,0.146,-1.217,-0.832,0
916,14.28,30.08,-1.237,-0.453,0.647,0
917,3.54,16.08,0.818,-2.434,-0.304,0
918,20.85,109.09,-1.141,-0.759,-1.032,0
919,19.23,4.72,-2.674,-1.426,1.561,0
920,1.24,26.35,3.995,2.525,-0.208,0
921,3.06,146.71,0.255,0.088,-2.176,0
922,10.13,70.29,-0.709,0.312,-0.979,0
923,19.62,12.72,1.767,0.435,1.884,0
924,6.9,195.51,-0.754,2.112,0.646,0
925,11.69,15.41,0.246,2.142,-0.567,0
926,14.72,9.5,1.606,1.668,2.401,0
927,18.04,13.68,-1.442,0.078,-1.032,0
928,12.7,62.93,0.939,-1.029,-1.795,0
929,16.16,93.84,-0.753,-0.007,-1.03,0
930,8.63,262.0,1.91,1.485,0.678,0
931,5.9,19.69,-0.854,-0.77,0.914,0
932,15.3,9.48,-0.63,0.108,-1.907,0
933,14.81,168.08,-2.065,1.66,0.944,0
934,7.08,78.64,-0.691,0.155,-1.659,0
935,23.02,19.62,0.108,-0.881,-1.406,0
936,14.42,27.5,-1.66,0.496,0.345,0
937,8.97,44.44,1.48,0.968,2.069,0
938,11.79,17.74,1.081,-2.009,4.218,0
939,21.96,44.64,0.976,-0.404,0.494,0
940,10.99,46.9,1.644,-0.53,0.331,0
941,7.97,19.04,-2.294,1.273,0.863,0
942,12.06,41.7,3.08,1.867,-0.744,0
943,6.54,1.5,0.746,-0.488,-2.101,0
944,17.9,85.58,-0.778,-1.114,1.61,0
945,9.78,119.68,-0.041,0.798,-1.404,0
946,20.78,31.53,0.291,-0.071,-0.359,0
947,7.28,60.73,0.65,0.601,-1.171,0
948,14.09,20.97,-0.493,0.053,0.416,0
949,5.46,26.84,0.92,1.673,-0.14,0
950,14.4,7.99,-1.625,1.827,2.649,0
951,19.3,210.86,0.195,1.001,-0.937,0
952,17.13,11.23,-1.379,0.77,-0.131,0
953,19.94,29.44,0.519,0.165,0.55,0
954,15.38,71.4,-0.701,-0.827,-1.875,0
955,1.38,17.48,1.519,-0.046,-1.156,0
956,5.57,86.54,0.525,-2.053,1.128,0
957,16.03,20.25,-0.348,-0.622,-0.588,0
958,14.22,126.82,-0.498,-0.129,1.517,0
959,9.99,150.5,-0.243,0.136,-0.763,0
960,4.49,136.67,0.933,-1.17,-0.921,0
961,19.82,72.67,-1.261,-0.928,-3.127,0
962,12.77,13.63,2.185,-1.282,-0.805,0
963,14.5,35.39,1.713,-2.641,0.937,0
964,8.48,20.57,0.485,0.17,0.265,0
965,16.09,9.37,0.811,-0.185,-1.947,0
966,10.65,210.75,0.732,0.117,-0.435,0
967,13.1,209.26,1.879,-0.643,0.056,0
968,11.85,34.73,-0.148,0.5,0.692,0
969,5.82,69.3,-0.416,0.55,-1.364,0
970,9.94,5.61,-1.709,-1.3,-0.578,0
971,15.14,109.78,-2.315,-0.393,0.575,0
972,18.37,187.09,0.618,0.376,1.71,0
973,9.29,126.39,2.084,-1.3,0.521,0
974,17.36,59.47,1.483,-1.573,0.147,0
975,8.67,87.99,-0.682,0.233,-0.332,0
976,18.79,40.53,-0.593,-0.649,-1.583,0
977,15.61,53.86,-1.265,0.046,-0.501,0
978,19.16,39.85,-2.118,1.394,-1.111,0
979,13.43,393.0,1.919,0.88,-0.581,0
980,11.91,8.25,-2.584,0.779,0.568,0
981,8.51,122.64,-1.535,-0.688,-1.204,0
982,9.63,96.16,-0.764,-1.624,0.951,0
983,14.84,74.63,-0.088,-0.081,2.178,0
984,11.61,95.76,0.036,0.108,0.359,0
985,10.08,15.44,-0.485,-1.066,-1.567,0
986,10.63,24.72,-0.058,0.42,0.462,0
987,8.12,18.15,-0.549,0.463,-2.603,0
988,12.99,23.12,0.421,1.105,-1.404,0
989,22.49,22.36,-0.006,-0.215,1.026,0
990,20.73,24.66,0.416,0.517,0.467,0
991,8.91,150.51,-1.188,-0.694,0.055,0
992,6.73,24.33,0.823,-0.836,0.68,0
993,10.98,16.05,0.031,-0.242,1.087,0
994,10.99,11.7,1.32,-0.186,0.654,0
995,9.96,10.95,-0.424,-1.081,1.637,0
996,4.05,171.79,-1.328,2.3,-0.299,0
997,19.48,9.89,0.27,-2.351,0.428,0
998,4.18,11.54,1.089,-0.815,0.998,0
999,8.37,20.87,0.276,-0.504,-1.18,0
1000,8.27,31.0,1.05,-0.974,-0.733,0
1001,14.22,6.37,-0.541,-0.375,1.68,0
1002,12.05,156.45,-2.158,2.196,-1.307,0
1003,8.02,71.01,0.483,0.351,1.677,0
1004,16.45,118.33,-0.8,-0.039,-2.823,0
1005,11.15,8.41,-0.686,-0.524,2.229,0
1006,20.97,195.29,-2.73,-2.344,-1.626,0
1007,0.07,53.76,1.46,-1.522,-0.312,0
1008,8.29,195.54,0.458,-0.888,-0.665,0
1009,21.6,243.24,-1.026,0.278,-0.32,0
1010,6.87,16.53,-0.44,-2.161,0.932,0
1011,15.85,168.88,-1.575,-0.256,-0.448,0
1012,13.77,23.93,0.984,-1.357,1.09,0
1013,13.78,79.47,1.319,0.234,-0.175,0
1014,10.45,71.39,2.287,0.802,-0.633,0
1015,23.83,187.22,-2.879,1.161,-0.908,0
1016,7.59,31.2,-0.395,1.343,0.411,0
1017,12.04,233.9,-0.596,-0.637,1.0,0
1018,16.81,188.01,-0.103,0.072,0.125,0
1019,21.59,80.33,0.819,-0.696,0.48,0
1020,13.94,15.34,-2.295,0.619,-0.227,0
1021,5.06,56.88,-0.477,-1.139,-0.553,0
1022,17.57,98.35,-0.537,0.137,0.656,0
1023,4.12,13.77,0.602,0.299,-0.338,0
1024,13.73,5.2,-1.448,-0.006,0.864,0
1025,15.03,7.18,-0.079,-1.378,-1.156,0
1026,20.09,106.61,0.239,-0.54,-0.979,0
1027,2.86,58.49,-1.567,0.962,-1.17,0
1028,9.16,162.02,0.411,-0.19,-0.382,0
1029,5.52,131.58,-0.476,-0.738,2.524,0
1030,12.54,165.48,-0.722,-1.478,-1.947,0
1031,20.16,53.5,-1.813,-1.271,2.629,0
1032,16.8,126.04,-2.214,0.732,-0.95,0
1033,10.25,23.73,-2.203,0.031,-0.032,0
1034,7.28,185.39,-0.768,-0.249,-0.346,0
1035,11.57,45.54,-0.264,0.634,1.964,0
1036,13.47,41.38,-1.306,-0.093,-0.021,0
1037,14.12,91.61,-1.171,0.146,-0.995,0
1038,11.95,20.11,-2.039,0.641,0.875,0
1039,21.24,25.85,2.994,0.548,-1.941,0
1040,20.09,57.71,-1.102,-0.856,0.232,0
1041,14.87,21.38,0.16,-1.219,-0.914,0
1042,23.64,64.61,0.41,-0.638,0.928,0
1043,13.82,10.05,-1.339,-0.772,0.227,0
1044,13.67,20.03,-0.312,0.278,-0.9,0
1045,2.3,30.71,0.023,-0.635,1.267,0
1046,15.72,65.91,0.978,0.87,0.462,0
1047,8.65,6.14,1.204,1.272,-1.431,0
1048,20.32,30.65,0.407,-0.861,-0.026,0
1049,10.11,26.51,1.054,0.528,-2.205,0
1050,13.92,36.14,0.399,-0.771,0.656,0
1051,5.26,228.92,-0.18,-1.035,-0.201,0
1052,15.86,15.37,0.57,-1.539,0.08,0
1053,14.09,43.91,0.818,1.458,1.405,0
1054,22.91,170.21,0.996,-1.26,-0.233,0
1055,10.92,10.24,1.383,-2.368,1.203,0
1056,7.28,111.43,1.333,0.495,1.92,0
1057,13.87,75.19,-0.478,0.58,0.592,0
1058,7.94,27.93,1.255,-0.55,-3.423,0
1059,2.6,47.2,1.896,-0.223,-0.986,0
1060,11.58,17.63,-2.635,0.305,-2.599,0
1061,12.52,36.94,0.39,0.037,-0.773,0
1062,18.12,123.83,-0.977,2.109,1.995,0
1063,6.25,58.46,-1.08,-0.491,-0.803,0
1064,15.31,24.44,-0.732,0.379,-0.965,0
1065,11.07,249.71,-2.869,-0.079,-2.822,0
1066,9.86,92.18,1.239,-0.113,-0.132,0
1067,7.47,24.87,2.513,-0.22,-1.758,0
1068,17.95,30.69,-0.019,-0.308,0.154,0
1069,8.66,7.01,0.387,1.4,-1.931,0
1070,21.54,45.9,1.054,-1.712,0.599,0
1071,19.78,10.97,1.247,-0.316,0.917,0
1072,9.32,934.97,0.432,0.42,-1.93,0
1073,13.93,36.69,1.153,-1.523,0.175,0
1074,0.42,25.05,1.049,-2.111,2.197,0
1075,17.04,60.39,0.518,-0.625,2.349,0
1076,20.96,13.36,-1.007,1.408,-2.059,0
1077,18.06,13.78,0.55,0.449,-0.953,0
1078,0.42,200.33,-1.251,-0.621,1.32,0
1079,15.02,211.61,0.069,0.777,-3.641,0
1080,13.46,12.21,0.822,-0.336,-0.658,0
1081,14.44,6.39,-0.081,-1.607,-2.77,0
1082,13.14,25.61,-0.455,-3.117,-0.703,0
1083,8.71,30.33,0.861,0.455,0.847,0
1084,19.93,50.24,1.094,-1.888,0.395,0
1085,12.49,59.23,2.155,0.997,-2.213,0
1086,9.7,22.09,2.321,-0.155,1.045,0
1087,16.28,37.55,-0.208,-0.128,0.579,0
1088,17.42,126.47,1.258,0.564,3.028,0
1089,13.36,13.97,-0.039,-1.673,-1.025,0
1090,4.42,29.92,0.307,0.126,-0.198,0
1091,12.34,12.4,0.273,0.206,-0.937,0
1092,2.85,41.67,-0.228,0.331,2.045,0
1093,23.11,39.63,0.82,1.407,-0.507,0
1094,15.2,16.64,0.943,1.413,-0.799,0
1095,14.46,71.47,1.049,-0.788,0.462,0
1096,21.98,5.65,1.795,-0.917,-0.575,0
1097,7.85,44.47,-0.17,0.732,-1.174,0
1098,19.22,23.28,0.747,1.088,0.389,0
1099,20.31,5.63,0.82,1.636,-1.316,0
1100,13.01,55.54,1.358,-0.499,0.007,0
1101,15.34,119.22,0.471,0.442,0.735,0
1102,19.36,21.09,2.405,-0.054,0.868,0
1103,23.03,74.21,-0.306,-0.146,-1.176,0
1104,11.89,58.06,1.902,0.025,-0.93,0
1105,5.44,184.49,-0.157,2.205,1.03,0
1106,12.59,37.01,0.993,-1.237,0.921,0
1107,8.7,15.41,-0.822,0.705,-2.003,0
1108,17.84,8.17,-0.523,-0.788,1.924,0
1109,16.21,118.45,1.281,-1.714,-0.715,0
1110,13.6,22.67,-0.436,-0.314,0.11,0
1111,17.8,95.94,-1.492,0.295,-1.825,0
1112,21.26,54.17,0.012,-1.432,-0.876,0
1113,6.51,5.43,1.444,0.481,0.005,0
1114,18.19,51.45,0.851,0.723,0.847,0
1115,14.12,189.34,-0.748,-0.274,1.321,0
1116,18.73,381.92,0.531,-0.131,-1.384,0
1117,1.55,359.45,1.119,-1.082,-0.418,0
1118,15.18,19.0,0.469,-1.48,1.19,0
1119,11.15,22.15,1.607,-0.047,-0.481,0
1120,12.81,41.49,-1.15,-2.489,-0.591,0
1121,12.1,16.32,-1.084,-1.127,0.529,0
1122,15.93,2.4,-0.119,-0.45,2.31,0
1123,11.88,35.69,0.954,-0.909,1.012,0
1124,9.05,84.36,-2.051,0.244,-0.364,0
1125,13.04,8.99,1.062,0.618,1.893,0
1126,7.65,22.68,-1.194,-0.588,-1.589,0
1127,13.74,12.62,0.214,0.986,-0.773,0
1128,5.24,53.05,0.268,1.474,-0.554,0
1129,9.64,21.97,-1.011,-0.346,-2.593,0
1130,11.07,6.43,1.853,1.941,-0.811,0
1131,14.39,6.27,-0.85,0.753,-0.368,0
1132,12.76,15.95,-1.468,-0.305,2.398,0
1133,12.32,126.98,-2.954,-0.446,0.607,0
1134,22.98,30.71,0.369,-0.547,0.059,0
1135,20.01,10.13,0.352,-1.639,0.45,0
1136,17.23,105.66,1.817,-0.848,1.524,0
1137,17.19,34.29,3.94,1.354,-1.303,0
1138,18.39,90.06,0.459,-0.54,2.756,0
1139,3.95,15.96,-0.018,-0.072,0.316,0
1140,18.0,61.36,-0.225,1.704,-1.754,0
1141,14.57,6.27,-0.842,-0.942,0.142,0
1142,12.09,15.36,-0.378,1.572,2.066,0
1143,10.02,58.45,-0.95,0.09,2.275,0
1144,5.15,47.18,2.126,-1.384,-0.168,0
1145,9.08,53.48,0.433,0.297,-0.1,0
1146,2.74,394.68,2.663,-1.289,1.282,0
1147,0.69,45.27,1.384,-0.499,-1.634,0
1148,16.06,5.54,-1.083,1.023,0.686,0
1149,23.73,236.86,-0.97,0.073,-2.134,0
1150,0.19,122.64,-1.813,2.0,1.07,0
1151,9.08,9.57,0.586,-1.813,1.817,0
1152,4.83,247.62,-3.139,0.67,0.403,0
1153,15.69,50.66,-0.402,0.299,-0.589,0
1154,14.17,245.33,2.594,2.168,0.169,0
1155,16.64,270.34,0.311,1.309,-1.662,0
1156,15.04,77.53,-0.515,0.082,-0.499,0
1157,17.18,101.81,-0.889,1.062,-0.952,0
1158,16.47,22.06,2.13,-2.131,1.677,0
1159,15.4,31.85,-0.164,1.382,-1.306,0
1160,15.17,226.46,0.249,1.166,-4.137,0
1161,13.48,79.42,0.774,-0.451,0.439,0
1162,22.57,55.32,-0.661,-0.759,-0.197,0
1163,15.92,3.77,1.49,0.106,-1.142,0
1164,12.26,21.3,0.909,-0.203,-0.688,0
1165,19.45,71.87,0.413,-2.271,0.678,0
1166,5.95,17.71,-0.513,0.182,-0.093,0
1167,14.03,1.59,-2.104,-1.749,0.396,0
1168,23.79,68.79,0.517,-3.074,0.32,0
1169,4.11,28.59,3.472,1.564,0.638,0
1170,12.74,29.43,-0.319,-0.216,-1.198,0
1171,17.15,15.8,0.936,2.413,1.17,0
1172,9.52,50.21,-3.298,-1.443,-0.088,0
1173,9.36,59.53,-0.25,-1.373,-1.155,0
1174,0.98,11.53,-0.511,0.505,-1.053,0
1175,14.91,134.49,1.199,-2.037,2.587,0
1176,13.8,36.36,1.571,0.101,1.755,0
1177,16.02,54.84,-1.538,2.278,2.357,0
1178,16.4,91.84,1.527,1.215,-0.402,0
1179,9.01,41.49,-0.855,-0.878,-0.394,0
1180,12.55,69.29,1.585,0.631,-0.803,0
1181,16.85,108.98,2.283,2.65,-0.029,0
1182,9.29,51.47,1.653,-1.937,-0.804,0
1183,15.67,95.57,-1.048,-0.942,-0.78,0
1184,9.88,210.34,-0.622,0.412,0.041,0
1185,17.29,134.39,0.509,1.342,0.523,0
1186,8.53,100.02,1.594,1.013,-0.637,0
1187,12.46,2131.71,0.503,-0.042,1.089,0
1188,14.22,32.77,-0.231,0.752,-1.672,0
1189,11.31,269.79,1.188,-1.096,2.109,0
1190,3.29,347.87,-1.702,0.038,0.727,0
1191,19.94,13.38,0.652,-2.353,-1.397,0
1192,15.51,97.04,-0.74,-0.811,0.48,0
1193,5.75,18.51,-2.728,0.014,1.304,0
1194,5.83,80.27,-2.286,0.684,0.797,0
1195,20.59,54.39,1.044,-0.262,0.317,0
1196,23.03,82.47,2.648,0.247,-1.027,0
1197,5.9,33.53,0.272,-0.333,-3.403,0
1198,0.03,4.61,0.157,-2.242,-3.507,0
1199,6.01,73.61,-0.009,1.17,-0.692,0
1200,19.73,15.32,-0.805,-0.222,-2.141,0
1201,12.2,61.14,-1.2,-0.992,-0.309,0
1202,19.2,204.53,-0.539,-0.767,-1.062,0
1203,13.61,74.06,0.66,-1.291,-0.711,0
1204,20.23,81.74,0.778,0.298,1.799,0
1205,13.91,76.09,1.197,-0.21,-0.412,0
1206,13.23,48.93,0.655,-0.754,-0.705,0
1207,5.19,7.09,-1.051,-0.422,-0.255,0
1208,17.5,13.06,0.071,-0.626,-0.9,0
1209,11.53,141.43,0.668,-0.282,2.65,0
1210,11.49,104.85,-0.705,0.879,1.276,0
1211,6.46,44.42,1.314,-0.473,-0.036,0
1212,7.9,72.58,-0.321,-0.242,2.677,0
1213,4.09,31.81,-0.219,-0.856,-1.377,0
1214,11.05,13.47,-0.746,0.475,-1.783,0
1215,10.2,38.64,0.908,0.615,1.253,0
1216,10.31,48.05,-0.71,0.323,-0.947,0
1217,12.22,11.13,0.759,-0.736,1.557,0
1218,9.54,27.74,-2.936,0.578,-1.074,0
1219,12.5,14.84,1.901,0.194,-0.803,0
1220,20.45,40.78,1.1,0.544,-3.065,0
1221,10.59,356.97,0.021,-0.595,-0.857,0
1222,18.53,30.22,-1.385,0.72,0.099,0
1223,17.34,34.7,0.908,-0.851,0.177,0
1224,10.3,34.3,2.155,1.316,1.339,0
1225,14.59,39.28,-2.129,1.1,-2.236,0
1226,22.13,106.6,-1.026,0.189,-0.617,0
1227,17.47,30.78,1.341,0.669,-0.908,0
1228,11.37,30.68,2.349,-1.166,1.369,0
1229,14.3,326.06,-1.876,-1.291,-1.39,0
1230,19.74,141.84,-0.593,-1.017,1.106,0
1231,19.57,18.9,1.332,0.184,-2.118,0
1232,11.39,17.89,-1.006,0.632,-0.267,0
1233,18.38,33.21,0.125,-0.704,0.853,0
1234,18.8,21.68,0.217,0.968,-0.96,0
1235,17.69,12.32,-0.877,0.782,-0.309,0
1236,2.07,25.57,-1.285,0.622,-1.564,0
1237,17.8,18.69,0.505,1.585,0.063,0
1238,20.63,23.68,-0.624,-1.32,-0.473,0
1239,16.38,305.01,2.06,-0.233,-0.769,0
1240,21.85,23.28,1.361,-1.829,3.139,0
1241,11.61,140.02,2.112,1.256,-1.236,0
1242,1.94,21.05,1.476,-0.78,-0.053,0
1243,0.02,48.82,2.555,-1.419,-0.72,0
1244,2.58,310.88,0.613,0.479,1.967,0
1245,20.04,131.07,0.056,0.395,2.688,0
1246,14.54,10.86,0.955,-1.324,-1.214,0
1247,12.16,128.7,0.907,0.367,1.347,0
1248,19.72,9.57,0.055,0.451,-2.656,0
1249,16.23,217.25,-1.242,0.04,0.078,0
1250,15.65,58.08,-0.944,1.163,-0.274,0
1251,15.52,30.2,1.833,0.282,2.211,0
1252,16.01,38.66,-2.989,-0.279,0.551,0
1253,7.03,83.42,0.038,-0.254,-0.032,0
1254,6.35,406.99,-1.163,-0.183,-0.245,0
1255,15.06,27.11,-1.197,-1.411,-0.562,0
1256,19.91,15.76,-0.293,1.643,0.223,0
1257,12.89,30.81,-0.522,-0.325,-1.725,0
1258,17.55,107.32,1.697,-0.567,3.057,0
1259,8.13,18.76,-1.741,1.927,0.589,0
1260,12.5,3.85,1.432,-0.583,-3.986,0
1261,17.77,20.64,0.069,0.282,2.236,0
1262,19.11,26.49,0.416,2.786,1.368,0
1263,21.38,107.98,-0.641,-0.141,0.288,0
1264,12.06,19.95,0.509,-0.046,1.754,0
1265,7.34,125.36,0.558,-0.31,1.258,0
1266,10.88,85.92,0.557,0.555,2.106,0
1267,23.88,197.68,-0.861,-0.923,-0.65,0
1268,7.05,62.64,-0.592,0.945,0.002,0
1269,13.96,14.11,0.211,0.309,0.627,0
1270,17.16,130.0,0.027,-0.256,-1.507,0
1271,21.84,116.97,-1.066,0.909,-0.132,0
1272,19.84,140.84,-1.344,0.734,-1.363,0
1273,9.31,11.83,0.162,-1.913,1.103,0
1274,10.38,56.19,-0.199,-1.103,0.383,0
1275,8.18,36.67,-0.803,-2.415,1.493,0
1276,5.59,136.73,-0.786,1.606,0.121,0
1277,13.43,3.91,-0.373,1.798,1.321,0
1278,14.38,70.66,-2.189,-0.831,-0.351,0
1279,13.36,47.78,-0.482,-0.106,1.9,0
1280,22.09,98.64,-2.06,1.404,0.676,0
1281,21.41,179.1,1.136,0.943,0.281,0
1282,7.21,157.42,-1.275,-0.983,2.304,0
1283,16.64,34.98,-1.776,-1.334,2.244,0
1284,11.27,131.76,0.791,-1.627,-1.527,0
1285,17.71,73.36,-0.987,0.625,-0.568,0
1286,10.71,38.72,-0.671,-0.504,1.388,0
1287,11.55,19.34,0.863,-0.341,-0.589,0
1288,7.55,94.17,-2.507,2.067,2.494,0
1289,9.41,47.41,0.504,-1.351,-2.336,0
1290,22.72,32.9,1.128,-0.579,-0.333,0
1291,15.07,320.03,-1.814,-0.82,-1.109,0
1292,6.55,55.48,1.232,0.215,-1.415,0
1293,3.95,21.7,1.152,0.644,0.275,0
1294,18.49,410.57,0.569,0.92,-2.081,0
1295,10.93,24.99,2.07,0.093,-1.024,0
1296,11.88,10.52,-0.733,2.327,0.873,0
1297,11.75,25.05,2.336,-1.265,0.916,0
1298,13.02,19.5,-0.286,1.261,0.281,0
1299,14.56,22.98,-2.443,-0.309,0.546,0
1300,16.74,53.29,-0.184,0.815,-1.808,0
1301,11.98,37.32,3.071,-0.541,-2.351,0
1302,14.22,398.27,0.074,-3.138,-1.169,0
1303,17.16,13.53,0.047,1.571,-2.041,0
1304,18.76,255.53,0.072,-0.825,1.046,0
1305,14.78,14.13,-0.047,0.285,1.084,0
1306,9.39,55.38,1.401,-1.384,0.423,0
1307,12.8,31.81,1.026,-1.051,2.308,0
1308,9.48,215.65,1.548,2.077,0.495,0
1309,13.56,15.22,0.681,1.221,-0.852,0
1310,18.42,15.83,-0.468,0.771,-1.466,0
1311,17.38,1.25,1.283,-1.376,1.763,0
1312,9.95,9.13,0.396,-1.998,-1.273,0
1313,5.7,51.36,-0.545,-0.189,-0.148,0
1314,0.23,11.48,-0.727,-0.836,-1.518,0
1315,19.3,11.96,-1.371,-2.591,1.018,0
1316,12.99,5.34,-1.55,-0.848,-3.645,0
1317,17.31,25.24,0.074,1.992,-1.172,0
1318,18.79,52.82,-0.068,-1.293,2.532,0
1319,16.03,24.82,-0.248,0.132,1.756,0
1320,7.8,5.64,-2.429,2.42,-0.351,0
1321,15.6,47.08,1.413,1.41,0.787,0
1322,15.3,111.55,0.896,2.412,0.256,0
1323,19.99,6.67,1.244,1.104,0.436,0
1324,20.82,60.36,-2.411,-2.325,-2.022,0
1325,6.27,86.06,-0.701,0.268,1.338,0
1326,10.01,14.71,-1.192,-0.713,1.252,0
1327,0.39,21.92,-1.048,-0.494,0.934,0
1328,19.11,54.34,-0.397,-0.09,0.321,0
1329,11.86,29.66,0.271,0.219,-0.55,0
1330,23.59,176.54,-0.13,1.397,-0.024,0
1331,23.31,48.08,-0.826,0.229,-1.252,0
1332,12.43,205.48,-1.388,0.456,-0.821,0
1333,19.89,50.4,-0.01,-2.083,-2.433,0
1334,10.3,27.69,2.041,-0.834,-0.12,0
1335,20.39,188.72,-0.516,-0.558,0.511,0
1336,19.61,14.31,1.414,-0.265,-0.957,0
1337,15.42,36.4,-2.794,1.665,1.176,0
1338,12.38,24.36,-1.798,-0.61,0.256,0
1339,16.09,100.83,1.731,-0.099,0.24,0
1340,15.2,102.56,-2.059,-1.801,-0.168,0
1341,14.04,110.9,-2.505,1.349,-0.545,0
1342,21.99,34.62,-0.614,1.076,-2.656,0
1343,14.39,28.32,1.992,0.651,1.058,0
1344,9.37,31.43,-1.521,-2.373,-0.81,0
1345,13.14,129.63,1.028,-1.799,0.994,0
1346,10.46,80.13,0.992,2.829,-1.564,0
1347,10.37,38.76,0.06,-1.545,-0.401,0
1348,10.32,121.87,1.097,-0.832,-1.419,0
1349,22.58,74.63,1.126,-0.201,0.472,0
1350,16.05,58.44,1.487,0.549,0.988,0
1351,8.13,76.15,2.092,0.946,-0.637,0
1352,14.83,146.09,-0.298,-1.826,1.163,0
1353,13.57,36.43,-3.283,0.159,-0.363,0
1354,17.17,30.59,-1.245,-0.129,-0.192,0
1355,9.36,93.57,-2.659,1.876,-0.425,0
1356,0.14,118.1,0.04,-0.288,0.582,0
1357,20.89,135.77,0.924,-0.2,-0.706,0
1358,22.79,1112.3,3.117,-1.487,2.921,1
1359,7.07,122.26,-1.102,1.838,-0.461,0
1360,17.81,255.0,-0.523,0.433,3.775,0
1361,18.98,28.13,-1.684,-2.622,1.697,0
1362,14.29,58.6,2.326,-0.718,0.573,0
1363,13.44,72.78,0.043,-1.978,0.122,0
1364,15.21,359.36,0.647,0.299,0.895,0
1365,8.04,97.25,-1.647,-1.221,-1.502,0
1366,11.57,53.77,-0.439,-0.569,0.24,0
1367,18.84,51.49,1.832,0.072,-0.039,0
1368,7.1,4.95,-1.157,-1.572,3.195,0
1369,8.95,63.98,0.195,-0.62,-1.35,0
1370,14.47,118.66,2.251,-0.335,-2.832,0
1371,16.12,130.55,0.643,0.878,1.06,0
1372,10.86,28.08,0.5,-0.232,-2.098,0
1373,11.67,126.49,0.323,-1.782,-1.251,0
1374,8.48,429.65,-1.822,2.111,4.273,0
1375,10.14,46.84,-0.304,0.331,1.047,0
1376,15.01,27.01,0.587,-0.135,-1.913,0
1377,21.01,10.55,-0.29,1.868,-2.338,0
1378,16.48,10.32,-2.631,-0.231,-3.065,0
1379,15.42,33.13,-0.782,1.106,-0.396,0
1380,20.49,64.32,1.506,-0.119,1.945,0
1381,10.64,97.31,0.584,0.137,0.195,0
1382,19.03,28.97,-0.94,0.037,-0.443,0
1383,9.94,13.59,-2.187,-0.294,1.746,0
1384,19.21,115.38,-0.709,-2.611,0.581,0
1385,22.96,1.84,-0.467,-0.015,2.461,0
1386,11.71,22.21,-0.808,0.34,-0.484,0
1387,13.3,84.53,1.767,-1.023,1.932,0
1388,13.54,35.26,0.192,0.155,0.842,0
1389,10.41,304.47,-2.199,-1.431,-1.904,0
1390,10.58,56.56,-1.251,-0.264,-1.659,0
1391,10.41,36.62,-0.232,0.029,0.241,0
1392,17.87,74.72,1.242,0.398,-0.991,0
1393,12.04,18.17,2.591,-0.314,0.849,0
1394,23.01,33.5,0.302,0.349,-1.186,0
1395,0.38,22.84,-1.619,0.895,1.754,0
1396,14.38,81.01,0.957,-1.801,0.284,0
1397,19.36,6.43,0.167,-0.593,0.632,0
1398,18.79,23.36,1.44,-0.363,0.72,0
1399,20.17,345.29,-0.553,-0.259,-0.3,0
1400,13.46,6.15,-0.56,-0.989,0.883,0
1401,13.98,29.2,-0.362,0.918,0.826,0
1402,6.88,4.13,-2.304,0.595,1.306,0
1403,11.17,31.88,2.531,-1.417,2.052,0
1404,17.11,26.81,1.989,1.088,-2.207,0
1405,19.64,147.6,-0.866,0.979,-1.01,0
1406,0.2,72.73,-1.587,-1.269,0.222,0
1407,3.58,14.34,-0.124,0.418,1.298,0
1408,9.91,52.05,-1.992,0.153,0.684,0
1409,16.24,47.35,0.572,0.521,1.072,0
1410,13.78,102.86,1.367,-1.179,0.764,0
1411,0.22,19.93,0.181,-2.394,2.152,0
1412,10.03,21.32,-0.906,-1.067,0.592,0
1413,21.29,14.95,-0.512,1.005,-0.652,0
1414,15.83,9.98,0.871,2.183,1.701,0
1415,11.38,133.9,-0.809,1.809,2.319,0
1416,17.84,48.14,1.423,0.735,-1.157,0
1417,2.75,11.56,2.43,0.09,-1.089,0
1418,7.74,21.12,-0.815,-0.59,0.985,0
1419,15.17,12.52,-0.653,0.131,1.636,0
1420,5.24,24.77,-1.149,1.761,-1.753,0
1421,13.84,22.36,-1.07,-0.218,-0.893,0
1422,14.0,49.18,1.073,0.709,0.662,0
1423,16.37,22.8,-0.469,1.479,1.792,0
1424,13.29,53.0,-1.102,-0.09,2.103,0
1425,12.72,55.66,-0.502,1.217,-0.358,0
1426,16.15,19.75,0.727,-1.091,-0.858,0
1427,12.86,251.52,-0.379,-0.395,-0.785,0
1428,4.51,36.03,0.831,-1.151,-1.741,0
1429,10.27,51.48,0.886,0.698,-1.205,0
1430,4.92,43.1,-1.247,-1.205,0.577,0
1431,14.88,25.25,2.157,-0.584,-1.663,0
1432,18.33,44.27,-0.246,-0.464,-1.016,0
1433,0.27,35.19,0.483,0.803,-1.111,0
1434,18.02,120.19,0.994,-1.167,-0.88,0
1435,18.26,99.67,-1.849,0.522,-3.797,0
1436,18.38,19.1,-2.085,-1.539,1.376,0
1437,8.79,89.13,-1.074,0.937,-2.072,0
1438,12.99,15.94,1.26,-1.323,-1.254,0
1439,19.19,212.72,-0.097,1.222,-0.13,0
1440,21.82,11.58,1.902,0.688,-0.523,0
1441,19.43,21.2,0.338,-0.549,2.717,0
1442,4.32,21.96,0.563,1.252,-1.876,0
1443,10.44,10.32,0.061,0.565,1.329,0
1444,0.82,26.63,0.506,1.268,-0.419,0
1445,17.24,169.73,-2.369,-2.796,1.825,0
1446,9.8,21.5,2.628,1.385,-0.466,0
1447,15.66,140.21,-1.68,0.178,-2.069,0
1448,12.4,147.51,0.521,0.715,2.689,0
1449,16.32,59.85,0.156,1.333,1.215,0
1450,16.1,36.99,-0.651,-0.244,-1.314,0
1451,10.52,48.45,-0.79,0.171,1.802,0
1452,10.02,470.56,0.964,-0.647,-0.729,0
1453,2.01,267.87,2.543,0.432,-0.142,0
1454,17.25,33.88,-0.127,-2.82,-1.452,0
1455,16.83,43.79,-0.501,1.102,-0.199,0
1456,17.46,15.75,1.516,0.833,1.019,0
1457,6.59,401.31,-1.03,0.726,1.238,0
1458,18.18,32.65,-2.433,0.312,-0.872,0
1459,8.26,213.23,-1.667,-1.012,-2.355,0
1460,9.77,70.83,-1.222,0.264,-1.228,0
1461,19.11,81.77,1.663,2.296,-1.542,0
1462,19.41,172.51,-1.115,0.988,2.952,0
1463,14.44,22.08,-0.281,0.207,0.249,0
1464,5.64,142.99,-0.132,-2.081,-1.345,0
1465,9.92,203.07,-0.257,0.805,0.395,0
1466,23.0,6.38,0.84,-0.094,0.662,0
1467,7.26,107.26,-1.524,-0.733,-0.71,0
1468,17.48,5.08,0.768,-0.342,-0.305,0
1469,18.11,96.09,1.195,0.356,0.766,0
1470,13.8,59.55,-2.143,-1.848,1.485,0
1471,11.92,22.08,-0.291,0.657,-0.478,0
1472,16.54,89.5,-0.615,0.686,1.313,0
1473,18.58,72.98,-1.115,1.036,0.775,0
1474,15.99,13.67,0.818,1.647,-0.508,0
1475,15.37,142.09,2.115,1.088,-0.947,0
1476,14.42,15.65,-0.685,-0.691,-0.245,0
1477,23.43,177.7,-1.278,-0.492,-0.049,0
1478,11.95,85.58,-0.391,2.257,1.295,0
1479,18.85,41.45,0.029,1.249,0.915,0
1480,18.34,10.77,-1.238,0.117,0.481,0
1481,19.75,125.71,1.085,0.645,-1.529,0
1482,19.46,12.34,0.138,0.686,-0.121,0
1483,15.7,76.03,0.814,-1.267,1.139,0
1484,17.88,66.07,1.14,0.092,1.178,0
1485,22.37,497.16,0.603,0.758,0.414,0
1486,22.26,51.73,1.001,1.949,-0.656,0
1487,16.44,16.93,1.515,-1.794,4.075,0
1488,6.08,48.96,-1.473,1.211,-3.951,0
1489,15.43,54.84,-2.296,0.22,1.608,0
1490,10.95,44.74,1.212,-0.951,0.826,0
1491,14.42,70.9,-3.519,-0.979,-1.294,0
1492,20.17,12.35,-1.034,-1.033,-0.262,0
1493,8.2,19.48,-0.894,-1.415,-1.566,0
1494,16.59,196.4,1.418,0.607,-3.223,0
1495,5.92,51.27,-0.979,-0.459,0.317,0
1496,2.29,14.83,1.948,0.29,-0.675,0
1497,11.4,83.41,2.098,1.649,-0.77,0
1498,20.49,16.42,-0.978,-0.972,0.435,0
1499,15.96,67.1,-1.466,0.874,0.194,0
1500,21.07,30.45,-1.477,1.127,1.833,0
1501,14.46,1102.87,-2.063,-0.897,-1.429,0
1502,13.85,58.54,-0.597,0.047,2.123,0
1503,13.55,59.56,2.236,1.816,0.169,0
1504,13.27,22.26,0.968,0.073,1.284,0
1505,6.34,22.44,0.197,-1.35,1.605,0
1506,1.76,18.09,-2.922,-0.089,0.178,0
1507,8.04,51.54,3.163,-0.097,-3.173,0
1508,19.52,61.16,2.285,-1.681,0.775,0
1509,11.48,80.56,-0.636,1.642,-0.79,0
1510,11.49,78.03,1.587,1.038,-0.525,0
1511,14.94,31.33,1.806,-0.178,0.557,0
1512,1.29,11.31,0.157,1.01,-0.461,0
1513,10.07,52.72,0.896,-0.648,-0.759,0
1514,17.56,17.62,0.015,-0.555,0.367,0
1515,21.54,64.14,-0.846,-0.24,-1.023,0
1516,7.29,63.78,-0.887,-0.848,-1.43,0
1517,23.16,67.06,-0.277,-1.2,0.008,0
1518,18.55,131.45,2.279,-0.072,-2.517,0
1519,14.59,6.47,-0.152,-1.361,-1.487,0
1520,6.81,176.21,-2.232,1.535,-0.811,0
1521,11.82,46.88,-1.368,0.857,-0.196,0
1522,8.84,59.09,-1.619,-1.692,-0.058,0
1523,2.41,25.55,0.214,1.025,0.187,0
1524,15.13,47.05,0.791,1.949,-1.374,0
1525,11.72,286.24,-2.756,0.204,-1.668,0
1526,21.95,15.69,-3.181,0.678,0.318,0
1527,2.53,36.38,-0.722,-0.111,0.182,0
1528,14.37,55.4,-0.869,-1.707,2.427,0
1529,20.28,35.49,-2.065,0.178,-1.846,0
1530,20.78,517.12,0.09,-0.426,-0.463,0
1531,0.22,37.86,0.942,0.533,-0.095,0
1532,2.1,3.25,-0.506,0.724,1.576,0
1533,18.96,76.04,-0.501,1.262,-0.391,0
1534,11.9,208.41,1.202,-1.286,1.401,0
1535,22.25,84.47,0.148,-0.858,0.832,0
1536,15.77,20.48,2.392,-0.611,0.352,0
1537,15.46,209.49,-0.48,-1.933,-1.924,0
1538,16.02,234.67,-1.102,-0.895,0.18,0
1539,10.46,46.8,1.173,0.609,2.405,0
1540,11.72,15.4,0.525,-0.71,-0.37,0
1541,16.94,52.35,-2.009,0.092,-2.411,0
1542,5.71,126.81,0.201,0.063,0.347,0
1543,5.01,34.94,1.723,-0.761,-0.682,0
1544,11.09,22.96,-0.665,0.194,-1.212,0
1545,21.65,62.83,-0.337,-0.695,0.432,0
1546,18.37,25.32,1.438,0.39,-2.688,0
1547,17.35,57.07,-0.324,-0.705,0.197,0
1548,13.47,24.75,-2.258,1.444,-0.469,0
1549,21.76,25.52,0.622,0.398,-0.763,0
1550,11.66,50.47,1.751,-1.074,-1.233,0
1551,11.04,30.03,1.209,-0.255,-1.862,0
1552,20.61,134.69,2.305,-0.025,1.941,0
1553,5.03,3.67,-0.371,2.033,-0.977,0
1554,8.27,304.68,-1.273,-1.42,-0.248,0
1555,17.13,81.37,0.332,-0.563,1.407,0
1556,2.31,159.57,-0.759,2.15,-1.688,0
1557,8.0,16.85,1.9,0.937,-1.408,0
1558,20.0,12.64,0.106,0.359,-0.727,0
1559,16.08,135.78,-0.915,-1.546,-2.03,0
1560,10.5,35.67,-0.556,0.254,-0.133,0
1561,4.97,161.69,-1.136,1.394,-1.442,0
1562,20.67,99.43,-0.95,-2.291,0.84,0
1563,13.31,104.98,-0.719,0.143,-1.787,0
1564,19.12,10.7,-1.969,1.749,0.367,0
1565,18.45,11.96,0.097,-0.643,1.227,0
1566,15.34,11.16,0.284,0.533,-1.078,0
1567,6.77,89.91,0.117,-2.874,0.13,0
1568,2.45,12.33,0.471,-0.737,1.452,0
1569,5.75,237.06,1.672,0.511,-0.746,0
1570,1.72,53.37,0.061,0.046,-1.222,0
1571,22.78,47.84,-0.85,0.247,-0.898,0
1572,22.26,110.44,-0.699,2.039,-0.929,0
1573,13.77,58.2,0.306,-0.21,-1.534,0
1574,9.95,37.44,-0.774,-0.309,-0.634,0
1575,6.35,74.62,0.816,-0.274,0.454,0
1576,0.76,42.26,0.898,0.995,1.418,0
1577,5.86,92.79,-2.18,-0.305,1.349,0
1578,12.74,126.02,-1.092,-0.288,-0.402,0
1579,15.36,265.46,1.371,-0.573,2.05,0
1580,11.17,105.96,0.948,-1.678,1.004,0
1581,7.76,47.32,-0.33,-0.266,-1.037,0
1582,5.22,390.44,0.405,-0.524,-1.006,0
1583,9.44,19.68,0.998,0.103,-1.3,0
1584,2.32,19.2,1.243,0.322,-0.501,0
1585,6.68,33.77,0.765,-0.711,1.335,0
1586,6.71,33.65,2.231,-3.331,1.247,0
1587,17.41,31.34,-0.536,1.017,0.947,0
1588,22.37,52.63,1.507,0.113,3.1,0
1589,13.71,50.18,1.421,-2.269,1.5,0
1590,14.08,11.46,-1.52,0.469,-1.823,0
1591,20.17,52.89,-0.11,1.324,-0.402,0
1592,8.15,100.83,-0.936,-1.886,1.041,0
1593,9.13,49.2,-1.243,-0.548,0.877,0
1594,16.03,337.96,1.474,-0.231,1.619,0
1595,7.09,2.96,1.976,0.024,0.451,0
1596,14.74,392.33,-1.009,1.291,-1.707,0
1597,5.96,587.52,1.962,-1.214,0.566,0
1598,21.35,76.24,0.727,0.347,-1.458,0
1599,15.71,19.73,-0.138,0.404,1.455,0
1600,3.27,80.19,-0.025,0.133,-2.262,0
1601,23.92,91.86,-0.348,-0.127,-1.423,0
1602,16.54,21.27,-0.447,-0.482,0.063,0
1603,7.04,492.67,-0.426,1.461,0.906,0
1604,3.15,12.3,-2.945,1.199,0.141,0
1605,18.0,45.08,0.242,-0.158,-2.011,0
1606,15.22,21.61,1.155,-0.356,1.353,0
1607,11.79,67.05,0.302,-0.761,2.157,0
1608,7.54,26.37,0.497,1.217,-0.305,0
1609,18.56,86.96,0.077,0.091,-1.005,0
1610,13.87,176.55,2.174,-0.572,-0.093,0
1611,20.47,577.0,-1.485,-0.554,-0.028,0
1612,8.9,54.89,-0.901,0.257,-0.29,0
1613,8.82,12.74,0.751,-1.626,0.198,0
1614,17.29,38.21,-3.175,1.519,0.798,0
1615,15.87,172.85,0.923,-0.779,1.753,0
1616,13.51,28.86,0.411,-1.119,-1.006,0
1617,10.34,280.38,0.929,-0.215,-0.257,0
1618,23.18,188.94,2.301,0.948,1.528,0
1619,21.13,5.73,-0.219,-0.086,1.275,0
1620,12.09,18.48,1.735,-0.366,-0.504,0
1621,14.25,18.1,-0.543,-0.889,-1.343,0
1622,11.51,50.08,-0.243,-0.88,1.02,0
1623,7.95,32.24,-0.971,1.075,-2.637,0
1624,20.64,12.19,2.608,0.274,-0.435,0
1625,21.34,575.98,-0.508,-1.065,0.854,0
1626,17.14,15.31,0.472,0.129,0.367,0
1627,18.33,26.11,-1.048,0.433,2.376,0
1628,14.21,14.89,0.443,-2.498,0.208,0
1629,12.38,25.4,1.207,-0.547,1.883,0
1630,15.56,70.23,1.39,-0.883,-3.055,0
1631,5.04,10.94,1.021,0.138,-2.31,0
1632,19.55,47.0,-0.603,-0.323,0.538,0
1633,0.94,74.94,-1.42,0.45,-1.259,0
1634,14.03,31.56,-0.121,1.661,-1.01,0
1635,13.48,30.31,1.161,0.643,-0.313,0
1636,9.62,1.63,0.1,-0.033,-1.072,0
1637,11.49,29.96,0.314,-1.269,1.397,0
1638,22.24,13.51,0.816,-1.186,-0.86,0
1639,13.04,142.49,-1.404,0.664,2.014,0
1640,5.95,128.96,-0.009,-0.038,1.369,0
1641,23.29,239.88,0.27,-1.089,0.077,0
1642,18.29,43.97,0.669,-1.612,1.037,0
1643,16.72,3.2,-0.5,0.641,1.477,0
1644,12.79,119.98,-0.424,-0.441,-0.684,0
1645,17.26,180.62,-0.77,-0.201,0.412,0
1646,21.16,10.82,-0.013,-0.336,1.157,0
1647,19.89,25.68,-0.797,-0.722,-0.676,0
1648,12.13,176.77,-1.76,-0.033,1.215,0
1649,14.83,135.7,-1.272,1.429,0.104,0
1650,17.73,15.97,0.437,0.4,0.468,0
1651,14.14,31.8,1.019,0.89,0.553,0
1652,16.89,24.32,-1.647,-0.264,-1.472,0
1653,15.79,65.67,-0.69,-2.177,-0.939,0
1654,13.77,19.78,-2.901,0.084,-0.461,0
1655,15.49,77.22,-1.172,0.504,-2.538,0
1656,9.15,23.5,0.025,0.042,0.466,0
1657,18.21,15.81,0.056,-0.599,-0.301,0
1658,15.35,53.6,-0.35,-0.995,-0.737,0
1659,18.54,77.96,-0.543,0.262,1.308,0
1660,2.04,26.91,-1.35,-1.861,-0.889,0
1661,17.27,20.35,1.386,-1.071,-1.166,0
1662,22.87,31.54,-1.107,0.283,-0.559,0
1663,8.69,39.49,1.578,1.118,0.257,0
1664,1.7,36.77,-1.588,-0.296,-1.371,0
1665,13.43,14.85,-0.862,-1.546,1.973,0
1666,16.59,106.36,1.609,-0.134,1.36,0
1667,17.3,193.78,-0.906,-1.267,-2.2,0
1668,15.69,38.75,2.676,0.475,-0.064,0
1669,15.13,479.47,-2.437,0.572,-1.998,0
1670,5.33,81.06,0.162,-0.683,1.608,0
1671,18.38,8.07,-0.056,0.496,0.453,0
1672,13.96,76.46,0.934,-0.771,-0.952,0
1673,10.77,72.8,0.689,0.302,-0.029,0
1674,19.44,23.62,-0.727,1.022,0.887,0
1675,7.27,93.01,-0.316,-1.538,-0.947,0
1676,10.06,120.45,1.724,-0.064,-0.754,0
1677,11.31,58.73,-1.82,-1.797,0.184,0
1678,11.54,259.58,0.729,1.042,0.604,0
1679,13.5,8.97,-0.53,1.245,-1.325,0
1680,10.96,68.51,3.454,-0.104,1.549,0
1681,7.35,70.47,-0.966,0.23,0.221,0
1682,1.77,153.07,1.652,-0.766,0.747,0
1683,21.49,20.57,0.095,-1.421,1.225,0
1684,12.76,8.77,2.226,-0.223,-0.31,0
1685,7.02,124.72,1.565,-1.042,-0.575,0
1686,1.56,29.92,0.238,0.828,1.399,0
1687,22.5,25.05,-0.668,0.719,-1.251,0
1688,13.2,76.44,0.243,-0.503,-0.491,0
1689,15.73,40.11,0.547,0.595,-0.465,0
1690,3.14,133.53,0.595,-0.079,0.598,0
1691,16.26,14.73,2.845,-1.424,1.227,0
1692,19.73,4.61,-1.583,1.004,-1.508,0
1693,12.14,7.15,0.179,2.049,-0.836,0
1694,2.83,22.33,0.942,1.18,-1.013,0
1695,14.97,11.73,0.886,-0.445,1.07,0
1696,12.65,68.33,-0.789,0.346,-2.049,0
1697,7.2,2.61,0.098,-0.322,-0.691,0
1698,12.58,34.85,0.558,0.855,2.292,0
1699,0.48,30.17,-1.993,1.499,-0.057,0
1700,8.43,61.05,0.128,2.002,-1.829,0
1701,15.04,51.92,0.777,1.045,-2.47,0
1702,2.2,101.08,0.322,-0.419,-0.997,0
1703,9.65,144.85,0.96,-1.125,-1.864,0
1704,15.82,38.92,-0.136,1.391,-0.105,0
1705,16.44,45.85,-1.118,0.605,-1.218,0
1706,16.57,25.63,-1.29,0.011,-1.441,0
1707,4.32,13.03,-0.687,0.349,1.321,0
1708,9.31,8.46,2.337,-0.099,1.368,0
1709,21.19,33.51,1.463,1.316,-1.121,0
1710,13.1,11.34,0.237,-0.108,-1.491,0
1711,19.46,22.14,0.991,-0.169,-0.562,0
1712,4.57,9.52,-0.816,-1.073,-1.621,0
1713,5.67,193.44,-0.573,-0.245,-0.917,0
1714,12.61,42.07,-0.185,0.402,1.034,0
1715,17.69,15.79,-0.449,0.587,0.196,0
1716,23.32,54.75,-0.254,0.898,-0.386,0
1717,12.7,17.23,-2.283,0.621,-0.887,0
1718,19.6,36.15,0.932,-0.198,-0.727,0
1719,6.86,137.23,0.007,1.335,0.833,0
1720,14.94,31.87,1.757,1.387,-0.672,0
1721,10.41,13.05,-1.048,-1.426,-0.649,0
1722,14.65,34.06,-1.126,0.756,1.406,0
1723,22.56,11.08,1.954,0.114,0.987,0
1724,13.99,11.48,-2.069,1.009,-0.542,0
1725,10.09,129.08,-0.078,0.817,-2.176,0
1726,6.8,46.2,1.175,-0.664,-1.898,0
1727,20.82,6.79,-2.242,-1.392,-0.224,0
1728,12.75,21.13,-0.091,0.348,-1.124,0
1729,11.85,7.21,-1.343,0.983,2.185,0
1730,18.22,86.04,2.683,-1.237,0.12,0
1731,10.79,54.19,-1.581,0.172,-0.907,0
1732,23.68,33.1,-1.547,-0.383,-1.502,0
1733,19.78,41.18,-1.262,0.001,0.388,0
1734,10.77,47.49,1.584,-1.216,1.037,0
1735,6.78,146.89,1.641,-0.912,-0.549,0
1736,19.26,18.82,-2.069,0.079,-0.783,0
1737,10.92,34.97,-0.043,0.0,1.316,0
1738,18.82,151.79,-0.684,-0.075,0.403,0
1739,4.36,213.36,-0.359,0.073,0.26,0
1740,13.74,69.73,1.496,1.783,-1.776,0
1741,11.47,19.37,0.508,0.781,2.51,0
1742,10.6,8.78,-0.401,0.043,-0.618,0
1743,20.63,150.44,-0.549,-2.479,0.206,0
1744,21.45,25.12,-0.381,0.893,2.539,0
1745,22.7,40.71,1.327,-1.406,-0.029,0
1746,14.27,3.98,-1.55,-0.01,-1.343,0
1747,11.25,20.88,-1.62,-0.395,1.59,0
1748,19.53,156.46,-0.246,0.093,-1.105,0
1749,6.9,98.45,0.65,-1.545,-2.419,0
1750,10.01,50.32,-1.869,0.448,0.944,0
1751,15.24,36.94,-3.631,-1.348,0.452,0
1752,19.93,101.46,-1.49,0.067,0.859,0
1753,15.22,43.88,2.356,0.245,1.416,0
1754,6.75,45.5,0.161,0.019,-0.582,0
1755,11.87,10.53,4.389,-1.216,-0.502,0
1756,13.61,28.78,-1.411,-1.436,-0.306,0
1757,11.71,31.88,-0.53,1.077,0.017,0
1758,18.37,29.08,-0.57,1.672,0.325,0
1759,5.21,20.57,0.733,-2.921,1.061,0
1760,5.24,73.48,1.429,0.415,1.665,0
1761,11.92,46.5,-0.751,0.272,-0.316,0
1762,17.18,166.1,1.813,-2.818,1.117,1
1763,15.09,35.09,0.001,1.53,-0.825,0
1764,17.18,174.54,-0.832,0.674,-1.529,0
1765,18.62,28.67,-1.577,-0.912,-0.61,0
1766,16.75,7.73,-0.799,-0.486,0.168,0
1767,12.23,59.6,0.009,-1.096,2.376,0
1768,13.62,218.11,-1.99,-0.49,-1.216,0
1769,20.87,29.99,-1.471,0.03,-0.495,0
1770,10.63,108.75,1.477,-1.964,0.346,0
1771,9.92,10.79,0.588,-1.478,0.097,0
1772,11.29,69.97,-0.85,-0.161,-2.294,0
1773,7.85,22.79,-0.051,1.355,-1.184,0
1774,13.65,35.32,1.416,-0.874,-0.864,0
1775,19.71,55.13,1.189,1.101,3.069,0
1776,11.32,21.83,-0.208,0.576,1.825,0
1777,14.54,62.23,-1.33,-2.12,-2.082,0
1778,20.6,457.57,-0.47,0.83,3.468,0
1779,14.02,277.7,-1.224,-0.234,1.741,0
1780,11.11,14.6,1.579,-1.697,-0.999,0
1781,5.87,560.49,2.733,1.366,1.044,0
1782,13.67,101.19,0.037,1.068,-1.052,0
1783,2.93,35.24,-0.947,0.227,1.399,0
1784,16.78,113.2,-1.092,1.11,0.021,0
1785,0.07,56.53,-1.071,-1.034,-1.725,0
1786,20.03,53.38,1.045,0.28,1.062,0
1787,6.13,181.93,0.68,0.181,0.456,0
1788,7.5,9.27,2.253,-0.994,-0.94,0
1789,15.14,20.42,-2.723,-0.897,0.883,0
1790,15.44,125.53,3.139,-1.107,0.694,0
1791,2.81,63.89,0.166,0.233,-1.624,0
1792,9.98,72.17,0.07,0.619,-0.416,0
1793,14.91,49.58,0.353,-2.143,5.092,0
1794,12.85,50.64,-2.641,-0.844,2.773,0
1795,17.26,70.71,0.225,0.117,0.869,0
1796,19.74,134.45,-3.071,1.28,3.348,0
1797,17.4,137.65,-1.941,0.393,-0.114,0
1798,12.42,56.35,4.359,0.654,-1.013,0
1799,17.35,3.64,-0.196,-0.378,-1.289,0
1800,4.84,353.05,0.813,1.535,-0.036,0
1801,4.56,12.08,-0.599,0.017,1.132,0
1802,4.64,115.17,-1.321,-1.502,1.213,0
1803,15.1,42.25,-1.389,2.566,-0.814,0
1804,8.86,40.14,0.051,0.248,-0.039,0
1805,8.05,20.95,-1.652,-0.907,0.907,0
1806,11.34,5.95,-1.233,-0.233,0.479,0
1807,21.4,276.67,-2.336,0.001,1.173,0
1808,11.4,45.28,0.148,0.502,-0.175,0
1809,16.9,17.85,-0.231,0.035,-2.018,0
1810,9.18,22.71,-0.683,-1.964,1.7,0
1811,14.66,66.73,-0.378,1.009,1.6,0
1812,11.09,14.56,0.875,-0.973,-2.021,0
1813,14.21,40.86,0.266,-1.497,0.241,0
1814,17.04,62.22,0.356,0.225,-0.714,0
1815,18.51,26.8,0.217,-0.36,0.148,0
1816,18.35,11.06,0.049,0.063,-2.474,0
1817,16.7,18.98,0.529,0.885,2.064,0
1818,18.51,51.61,1.63,1.687,2.484,0
1819,16.38,124.6,-0.218,0.719,0.282,0
1820,7.45,43.22,-0.289,2.295,-0.109,0
1821,14.71,97.38,0.43,-0.838,0.433,0
1822,22.43,8.56,-0.82,-0.325,0.106,0
1823,15.79,17.6,-1.414,0.583,0.899,0
1824,12.5,213.63,-0.311,0.567,-0.232,0
1825,6.88,42.73,-0.722,-0.973,-1.858,0
1826,13.24,24.71,-0.726,0.894,1.099,0
1827,15.06,69.03,-0.346,-1.293,0.902,0
1828,11.5,6.49,-0.385,1.61,-3.399,0
1829,17.82,16.91,-1.304,0.37,0.326,0
1830,17.24,118.39,-0.547,1.062,0.766,0
1831,16.81,76.87,1.208,-0.029,0.57,0
1832,10.47,162.03,1.731,-0.619,-1.035,0
1833,4.6,16.08,-0.136,-0.388,-1.205,0
1834,15.08,33.75,0.183,0.619,0.219,0
1835,9.65,34.59,0.491,0.67,1.641,0
1836,6.85,107.68,1.522,0.3,-2.86,0
1837,17.24,15.8,-1.148,0.517,0.882,0
1838,9.25,18.25,-0.502,0.194,-0.493,0
1839,21.12,105.55,0.627,1.496,-0.853,0
1840,8.27,408.58,-2.515,-0.547,-0.876,0
1841,15.49,37.63,-1.707,-1.219,-0.478,0
1842,15.92,19.85,2.128,-0.529,-0.581,0
1843,2.82,69.64,0.386,-0.418,-0.902,0
1844,17.89,52.56,-0.959,1.3,-1.89,0
1845,13.05,14.03,-3.355,-0.386,-1.004,0
1846,5.22,220.15,-1.982,-0.393,-0.025,0
1847,19.19,16.95,0.422,-1.384,1.386,0
1848,23.01,12.62,-0.183,-0.145,0.743,0
1849,16.65,70.94,0.802,-0.336,-2.113,0
1850,22.51,41.95,-0.752,-1.258,-2.562,0
1851,2.44,8.5,-1.753,0.535,-1.414,0
1852,4.97,142.41,-1.798,1.423,1.702,0
1853,4.91,20.83,-0.922,-1.029,-0.685,0
1854,12.73,9.17,2.284,-1.019,1.071,0
1855,15.52,103.28,0.512,-0.701,0.605,0
1856,14.62,93.93,0.311,-0.282,1.799,0
1857,19.8,6.46,1.077,0.286,-2.7,0
1858,11.7,78.93,0.711,0.637,-2.491,0
1859,3.12,241.82,-0.109,-0.523,0.057,0
1860,23.55,128.83,0.021,-2.155,-0.802,0
1861,3.07,16.72,0.375,0.886,-0.172,0
1862,2.37,16.2,2.186,-0.521,-1.531,0
1863,4.61,20.54,-0.288,1.431,1.862,0
1864,8.89,19.0,0.318,-0.56,1.882,0
1865,5.15,17.3,1.246,-0.787,0.332,0
1866,15.36,75.78,1.281,-0.132,1.304,0
1867,9.36,11.59,-0.342,-1.322,-1.062,0
1868,16.66,41.07,-1.72,-0.093,-0.236,0
1869,14.41,13.25,-1.034,0.151,0.938,0
1870,6.52,17.93,-1.716,-1.132,-0.632,0
1871,9.74,42.01,-0.108,-0.505,-0.243,0
1872,10.45,34.76,0.01,0.165,-1.005,0
1873,5.33,124.3,4.143,-3.49,0.151,1
1874,19.2,41.54,-1.324,-1.915,0.454,0
1875,13.39,106.57,2.008,0.134,-2.202,0
1876,20.92,209.93,0.096,1.584,0.525,0
1877,6.37,22.77,-1.039,-0.074,0.805,0
1878,6.85,9.58,0.184,0.11,-0.215,0
1879,12.09,44.74,-0.463,2.219,-0.329,0
1880,23.58,51.36,1.498,1.277,0.45,0
1881,20.91,90.55,-0.326,-0.799,-2.687,0
1882,9.2,30.02,-0.332,0.137,-2.125,0
1883,2.42,144.23,1.128,-1.117,-0.56,0
1884,11.77,8.97,-0.836,-0.26,0.478,0
1885,3.94,245.89,-1.619,-0.645,1.402,0
1886,16.09,33.26,-0.816,0.729,-0.478,0
1887,18.15,203.46,-0.006,-2.509,-0.366,0
1888,13.22,17.28,-1.496,0.756,-2.849,0
1889,17.23,5.27,1.74,1.336,0.412,0
1890,18.3,10.05,-1.37,1.233,-0.928,0
1891,22.39,31.5,-0.354,-0.648,3.09,0
1892,13.25,45.36,1.535,0.558,4.254,0
1893,16.33,25.31,0.17,-1.741,2.096,0
1894,1.16,139.42,0.992,-1.852,-0.508,0
1895,10.06,20.73,-0.475,0.172,1.034,0
1896,17.56,135.71,-0.612,0.154,-0.587,0
1897,20.01,187.06,-0.396,-0.055,1.558,0
1898,18.94,20.9,-0.6,0.172,-2.81,0
1899,15.33,7.86,-0.337,-0.081,-0.988,0
1900,5.43,15.85,1.419,-1.627,1.536,0
1901,8.51,52.76,-0.124,0.44,-1.512,0
1902,12.56,553.27,-0.483,0.0,-0.074,0
1903,1.49,14.56,0.644,-0.256,-1.512,0
1904,15.56,7.81,0.279,1.101,2.928,0
1905,21.53,128.73,-0.139,0.504,-1.787,0
1906,19.0,31.6,1.068,0.39,0.729,0
1907,14.78,634.94,1.013,-2.051,-0.191,0
1908,16.09,22.46,-2.236,0.106,2.019,0
1909,15.26,57.44,-1.207,0.524,-1.536,0
1910,10.4,26.38,-0.537,0.768,1.701,0
1911,20.11,101.34,0.786,-0.123,-0.099,0
1912,16.02,24.25,2.545,0.481,-0.943,0
1913,7.56,72.1,-0.432,-0.022,-0.143,0
1914,16.9,184.52,-0.529,0.231,-0.611,0
1915,23.56,10.64,0.394,1.257,3.137,0
1916,12.82,27.88,-0.314,-0.478,1.458,0
1917,8.32,32.76,-1.332,0.702,1.01,0
1918,19.25,153.08,-1.433,-2.304,-0.632,0
1919,12.7,213.86,0.683,2.871,1.255,0
1920,14.54,101.79,-0.923,-0.756,0.669,0
1921,23.14,17.51,-0.603,-1.221,-0.924,0
1922,12.23,9.56,-0.455,-1.357,1.036,0
1923,4.24,73.33,-0.47,0.665,0.658,0
1924,6.07,18.42,-0.12,-0.517,-0.364,0
1925,14.29,54.43,-1.002,2.581,1.298,0
1926,14.83,26.21,-0.503,-2.281,-0.44,0
1927,10.91,15.38,-3.645,1.154,0.082,0
1928,15.92,132.05,2.084,1.27,-0.135,0
1929,20.45,280.12,-0.96,0.105,-1.134,0
1930,18.21,219.05,0.98,-0.58,-0.338,0
1931,16.45,56.84,-0.255,0.077,2.634,0
1932,10.61,28.46,1.574,-0.118,-1.446,0
1933,10.59,600.33,-0.903,-0.542,-1.568,0
1934,15.7,101.41,0.361,-0.991,-0.013,0
1935,13.91,28.19,0.563,0.136,0.474,0
1936,16.91,37.94,-0.482,-0.004,-2.973,0
1937,2.59,200.91,0.499,-1.562,-1.726,0
1938,19.4,21.23,-1.14,-0.014,0.771,0
1939,9.55,89.09,-0.731,-1.715,2.324,0
1940,12.68,109.23,0.195,1.006,0.512,0
1941,9.87,8.59,-1.924,0.751,-0.788,0
1942,1.23,45.33,-1.143,0.194,-0.679,0
1943,18.71,20.06,2.101,-0.334,-1.418,0
1944,15.54,13.27,-1.387,0.026,-0.114,0
1945,15.31,63.36,2.462,-2.468,1.399,0
1946,6.47,95.66,-1.62,-1.101,0.016,0
1947,12.75,91.37,-0.57,-1.013,0.471,0
1948,18.82,9.26,0.782,0.826,-1.935,0
1949,5.58,59.34,2.528,0.274,-2.821,0
1950,18.55,58.56,-0.398,-1.306,-0.409,0
1951,19.61,83.93,0.354,0.322,-2.745,0
1952,12.82,77.04,3.126,0.759,0.571,0
1953,9.66,39.54,0.501,0.689,-0.083,0
1954,14.85,295.12,1.471,1.794,2.191,0
1955,8.25,15.65,0.063,0.743,0.629,0
1956,19.29,61.04,-0.278,-0.849,-1.491,0
1957,10.96,7.46,-1.401,-0.822,-0.57,0
1958,14.69,218.85,-0.607,1.473,-0.527,0
1959,17.86,60.91,-0.567,-1.522,1.605,0
1960,8.05,713.11,-0.718,0.01,0.265,0
1961,15.61,22.38,0.054,-0.749,-0.155,0
1962,5.07,108.21,0.546,-1.22,0.527,0
1963,18.18,45.64,-0.867,-0.141,-0.975,0
1964,23.02,26.55,2.052,-2.481,0.271,0
1965,10.58,20.16,-0.55,-0.027,2.913,0
1966,23.98,34.2,-0.995,0.669,-1.162,0
1967,15.29,8.45,1.619,0.308,0.957,0
1968,20.13,4.74,0.593,0.324,-2.397,0
1969,13.92,33.69,-0.362,-0.229,2.998,0
1970,15.72,25.32,0.556,0.067,2.386,0
1971,19.38,474.91,-0.035,0.385,0.82,0
1972,0.17,42.53,2.249,0.56,-1.278,0
1973,17.38,17.96,-0.347,0.172,1.6,0
1974,15.65,26.3,-1.05,0.026,0.237,0
1975,11.41,13.73,-1.469,-0.756,2.361,0
1976,18.82,327.48,1.948,0.514,-0.786,0
1977,11.51,13.77,-0.753,-0.672,-0.805,0
1978,12.44,11.24,-0.777,-0.464,0.599,0
1979,12.43,12.46,-0.838,0.209,1.371,0
1980,9.33,103.58,0.237,-0.26,1.537,0
1981,15.71,34.69,0.483,-1.394,-0.732,0
1982,23.22,19.05,0.502,1.469,0.128,0
1983,16.27,34.05,1.148,0.215,-0.362,0
1984,8.39,188.52,-0.039,-0.94,0.313,0
1985,15.36,66.85,0.881,0.257,-1.017,0
1986,9.62,40.76,-1.374,-0.184,0.769,0
1987,6.97,32.23,-0.35,-0.281,0.13,0
1988,18.35,33.45,1.068,0.956,-0.796,0
1989,12.38,97.6,-2.043,-0.433,-0.048,0
1990,21.62,59.1,-0.827,0.399,-1.499,0
1991,1.09,36.47,-0.802,0.152,-1.519,0
1992,6.34,252.48,1.106,0.293,-3.125,0
1993,2.74,92.04,0.826,-1.515,1.159,0
1994,14.77,41.06,0.744,-2.167,0.484,0
1995,22.8,9.86,0.143,1.593,-2.608,0
1996,1.52,22.51,-1.518,-0.611,-2.214,0
1997,3.39,28.39,-1.095,-1.178,-1.906,0
1998,16.88,32.1,-2.602,-1.287,2.594,0
1999,12.8,50.65,-0.596,0.747,-1.202,0
2000,12.35,23.55,2.32,-0.192,0.34,0
2001,22.98,79.64,1.91,1.208,-0.293,0
2002,16.1,23.74,-0.326,1.558,-0.437,0
2003,0.91,14.45,2.725,-1.093,0.292,0
2004,7.94,237.22,-1.904,0.686,-0.349,0
2005,14.87,136.06,3.053,-1.413,1.247,0
2006,9.03,81.59,2.365,1.009,0.007,0
2007,9.42,8.27,-2.127,-1.016,-0.976,0
2008,18.44,105.7,-1.362,-2.731,-1.899,0
2009,10.87,22.41,1.35,0.032,-3.278,0
2010,14.34,36.93,0.41,0.847,1.085,0
2011,13.85,129.01,0.856,-1.024,-1.386,0
2012,14.72,287.1,-0.479,-0.526,1.873,0
2013,12.34,59.06,-0.464,0.383,-0.81,0
2014,17.72,50.92,-0.084,1.006,-1.353,0
2015,19.69,24.18,-0.397,-0.725,2.87,0
2016,9.92,58.89,-2.479,2.19,0.148,0
2017,0.3,84.43,1.325,-0.781,-0.027,0
2018,5.81,66.69,-0.628,-0.522,-0.094,0
2019,11.21,30.55,-0.684,-0.354,-1.209,0
2020,21.17,111.57,0.155,-0.992,-0.42,0
2021,9.05,123.4,1.912,0.706,3.551,0
2022,12.43,39.07,0.247,1.744,-0.97,0
2023,12.93,278.51,-1.059,0.013,-1.141,0
2024,18.26,57.66,-0.13,0.054,-1.508,0
2025,8.9,74.48,-1.071,-0.334,-1.302,0
2026,1.95,22.16,-0.908,0.238,-1.891,0
2027,12.83,483.27,-0.038,-0.43,-1.393,0
2028,11.93,17.98,2.788,-2.179,1.313,0
2029,12.64,36.76,0.619,0.011,3.123,0
2030,13.35,354.16,0.304,0.521,-0.098,0
2031,22.18,31.74,-1.288,0.571,0.203,0
2032,10.34,158.07,-1.004,-0.331,0.303,0
2033,21.18,61.26,-0.316,0.132,2.17,0
2034,14.55,26.19,1.48,0.12,0.559,0
2035,20.18,34.9,1.462,-0.233,0.64,0
2036,14.42,111.42,-0.663,1.738,-2.054,0
2037,19.67,170.12,1.015,-0.626,-0.234,0
2038,13.31,60.3,0.428,1.429,2.059,0
2039,22.54,186.29,1.656,-0.891,1.512,0
2040,19.57,28.67,-1.039,-1.839,0.374,0
2041,10.66,5.51,0.03,1.079,0.028,0
2042,2.49,383.49,-0.609,0.664,0.992,0
2043,5.38,60.27,-3.249,-1.853,0.154,0
2044,15.8,10.65,-0.318,-0.737,-0.076,0
2045,12.33,18.57,0.414,-0.504,0.398,0
2046,11.82,37.2,1.687,-1.016,-0.379,0
2047,15.71,13.78,3.145,-2.278,-2.176,0
2048,14.53,31.51,-0.762,-1.635,1.23,0
2049,11.87,19.37,-1.449,-0.186,0.712,0
2050,17.7,48.41,0.172,-0.285,-0.778,0
2051,6.67,121.04,1.641,1.207,0.114,0
2052,9.52,5.87,-0.166,-2.118,2.043,0
2053,9.38,101.62,-0.537,0.315,1.954,0
2054,21.67,11.36,-0.298,0.777,-1.384,0
2055,14.3,13.41,1.26,-1.514,-1.237,0
2056,13.63,51.63,-0.749,0.204,0.158,0
2057,17.23,39.13,-0.683,0.496,0.897,0
2058,16.1,17.48,2.696,1.238,-0.853,0
2059,18.91,21.92,1.485,-1.136,2.924,0
2060,18.92,236.59,-0.092,0.218,1.245,0
2061,11.98,100.76,1.42,-0.671,0.505,0
2062,10.96,42.76,2.391,-0.057,2.557,0
2063,15.96,4.18,1.971,0.823,-1.988,0
2064,20.38,17.16,-1.073,-1.305,-0.649,0
2065,20.89,241.35,2.189,0.523,2.874,0
2066,17.43,96.35,0.82,-2.436,-0.764,0
2067,23.01,80.99,0.202,-0.323,0.583,0
2068,0.78,91.77,-1.006,-0.689,-1.468,0
2069,11.74,79.17,-1.134,-1.048,0.099,0
2070,11.39,38.65,2.179,1.199,-0.314,0
2071,16.5,23.26,0.875,0.856,-0.068,0
2072,16.24,21.19,-1.13,0.47,0.962,0
2073,14.2,91.49,0.426,0.555,0.31,0
2074,10.2,57.81,-0.859,0.608,0.948,0
2075,19.55,48.69,-1.059,-0.033,-1.024,0
2076,17.64,28.73,2.218,-0.832,-0.032,0
2077,10.59,130.84,-0.812,-1.692,1.251,0
2078,19.78,130.1,-2.277,-0.898,0.997,0
2079,12.38,27.73,-0.99,1.954,-2.648,0
2080,6.06,107.08,-0.521,1.174,-0.77,0
2081,8.46,19.79,-1.033,-0.327,-3.479,0
2082,15.85,97.77,1.326,0.44,-0.116,0
2083,14.77,65.78,-3.437,-1.587,0.907,0
2084,15.81,13.39,0.023,-1.055,-1.034,0
2085,0.8,185.15,0.271,-1.425,-2.298,0
2086,10.25,83.18,-0.646,1.263,-0.9,0
2087,7.32,55.69,-1.017,0.526,-0.973,0
2088,12.16,15.71,-0.366,-0.336,-0.842,0
2089,14.3,29.06,-1.248,0.009,1.61,0
2090,11.78,41.17,0.566,-0.223,0.606,0
2091,14.2,121.88,-1.165,-0.696,-1.218,0
2092,15.22,36.95,0.555,-1.252,-1.753,0
2093,14.76,30.36,-0.202,0.797,-0.494,0
2094,3.22,162.39,-1.895,-1.061,-0.36,0
2095,16.89,25.96,-1.827,0.793,0.112,0
2096,17.57,12.44,0.014,-2.432,1.865,0
2097,2.22,46.32,-2.829,0.952,-0.86,0
2098,11.24,35.88,-0.144,1.22,0.232,0
2099,14.17,123.07,-0.822,-0.553,0.76,0
2100,12.05,161.74,0.728,-1.584,0.648,0
2101,21.11,30.11,-2.29,2.682,-0.658,0
2102,7.03,9.53,3.043,0.279,-1.153,0
2103,18.24,177.59,-0.816,-1.837,0.55,0
2104,11.64,159.36,1.168,-0.016,-1.273,0
2105,9.88,8.15,-0.355,1.139,-0.483,0
2106,7.7,42.36,-1.778,-2.038,0.377,0
2107,16.33,601.46,1.688,0.29,2.005,0
2108,14.54,27.39,1.043,-1.049,0.226,0
2109,13.67,11.48,-0.169,-0.894,-0.319,0
2110,17.64,10.24,-0.084,-0.008,-0.384,0
2111,17.54,31.29,0.734,-0.449,2.522,0
2112,20.0,11.4,1.492,-0.319,-0.972,0
2113,23.37,8.95,2.699,-2.303,3.689,0
2114,5.42,49.88,2.18,-0.93,-1.263,0
2115,8.75,8.76,0.586,0.307,-0.78,0
2116,20.83,12.19,-1.151,-0.8,1.366,0
2117,8.72,61.81,-1.866,0.299,0.75,0
2118,18.08,138.48,2.558,1.374,1.058,0
2119,20.81,93.64,-1.608,0.06,-1.307,0
2120,3.34,32.21,-2.093,-1.971,0.128,0
2121,8.97,31.98,0.981,0.007,1.111,0
2122,10.12,52.07,0.256,-0.981,-0.619,0
2123,2.99,21.22,-1.263,1.505,1.333,0
2124,12.47,43.15,-0.719,1.604,-1.082,0
2125,13.65,247.83,-0.109,0.909,2.227,0
2126,17.84,63.41,0.457,-0.054,-0.213,0
2127,6.48,12.67,-0.952,1.025,0.49,0
2128,19.15,41.04,0.278,-0.016,0.317,0
2129,16.66,85.19,0.533,0.394,-0.751,0
2130,19.35,71.83,0.228,0.331,-0.972,0
2131,18.46,359.91,2.136,0.415,-3.342,0
2132,6.55,56.88,1.482,-0.224,0.181,0
2133,22.76,60.34,0.312,0.6,-1.83,0
2134,16.19,16.72,-0.107,0.038,0.839,0
2135,1.09,17.82,-0.446,2.661,-1.605,0
2136,16.43,47.65,2.729,-0.922,-0.308,0
2137,0.87,8.88,-0.703,0.251,2.336,0
2138,2.18,100.59,0.565,0.208,0.022,0
2139,12.27,55.24,-1.103,0.847,-0.832,0
2140,21.06,145.46,0.849,0.528,0.062,0
2141,8.79,109.47,-0.685,-0.951,0.329,0
2142,13.09,9.88,2.951,-1.064,-0.535,0
2143,6.3,5.75,-0.436,-2.483,-0.529,0
2144,17.25,8.69,-1.876,-0.458,2.91,0
2145,21.59,53.89,-0.648,0.14,-1.202,0
2146,11.72,15.82,-0.441,-0.286,1.725,0
2147,16.86,42.93,-1.16,-0.927,-1.051,0
2148,16.0,11.7,-1.47,1.285,-1.962,0
2149,15.43,32.77,-1.86,0.021,-0.609,0
2150,22.81,8.24,0.276,0.698,-2.967,0
2151,4.75,239.65,1.646,0.56,-1.347,0
2152,17.8,47.77,-0.093,-1.282,1.32,0
2153,15.17,3.9,0.115,0.903,-0.225,0
2154,16.93,17.85,1.136,-0.442,0.341,0
2155,15.48,285.69,-0.259,1.509,0.684,0
2156,14.59,8.53,-0.343,0.396,-1.443,0
2157,21.52,4.89,-1.431,-1.453,-1.0,0
2158,1.04,34.8,0.612,-0.68,-1.468,0
2159,15.03,79.6,0.611,0.093,-2.461,0
2160,20.96,7.51,-0.188,-1.681,-0.4,0
2161,16.1,17.52,0.223,0.661,0.472,0
2162,6.29,27.36,1.143,0.97,0.088,0
2163,15.45,79.06,2.599,-1.057,2.226,0
2164,17.29,27.97,-1.596,1.301,0.16,0
2165,12.56,37.98,1.185,-0.517,-1.247,0
2166,14.74,67.51,0.39,-0.547,0.966,0
2167,12.15,245.62,0.029,-0.611,0.711,0
2168,14.98,33.7,0.651,1.72,-0.604,0
2169,12.24,17.62,0.943,-0.124,-0.769,0
2170,17.8,129.24,1.242,-2.662,-1.543,0
2171,17.59,75.06,0.064,-1.516,-0.329,0
2172,10.08,29.79,0.28,-1.533,-0.198,0
2173,13.37,18.12,0.892,0.831,-1.078,0
2174,7.86,97.92,-1.17,0.574,-2.518,0
2175,14.69,109.65,0.885,-0.158,1.311,0
2176,14.54,221.98,-0.85,0.098,1.626,0
2177,8.51,117.57,1.433,-0.193,1.97,0
2178,1.86,26.62,1.009,-0.004,3.422,0
2179,12.91,55.24,-0.401,0.093,0.13,0
2180,15.95,23.85,1.682,-1.245,0.271,0
2181,14.07,9.12,0.238,-0.116,-4.062,0
2182,11.45,83.24,0.477,-1.739,-0.484,0
2183,15.38,2176.49,-1.121,1.116,0.383,0
2184,10.41,406.2,-1.042,0.516,-0.456,0
2185,19.5,114.25,1.731,-1.518,0.563,0
2186,15.94,27.04,-1.053,0.996,-0.908,0
2187,4.83,35.24,-1.702,0.541,-0.982,0
2188,21.52,30.27,2.275,1.238,-0.244,0
2189,14.98,154.16,0.063,-1.099,0.013,0
2190,17.92,24.49,-0.119,0.065,-1.027,0
2191,10.56,207.68,-2.872,1.133,-0.554,0
2192,18.9,42.2,-0.748,0.991,0.127,0
2193,15.0,32.32,-0.224,0.186,0.274,0
2194,8.13,58.97,-0.908,-0.609,2.641,0
2195,9.66,142.58,1.45,0.593,1.444,0
2196,1.65,49.4,0.05,-1.093,2.621,0
2197,13.73,82.56,-1.009,-1.228,1.462,0
2198,4.98,16.66,1.235,-0.348,1.221,0
2199,16.42,60.06,0.343,2.088,-0.38,0
2200,7.69,63.77,-0.259,1.155,-0.988,0
2201,7.04,181.34,-0.458,0.373,-0.13,0
2202,23.22,22.65,0.569,-0.813,-0.595,0
2203,14.75,9.11,-0.595,0.531,-1.348,0
2204,7.47,12.92,0.966,0.722,1.614,0
2205,21.55,17.74,-1.574,-1.076,0.277,0
2206,19.87,78.21,-0.555,1.747,2.115,0
2207,15.06,120.43,-0.974,-0.312,2.884,0
2208,13.53,20.13,1.883,0.707,-2.137,0
2209,12.74,45.89,0.385,2.098,0.298,0
2210,20.41,13.14,1.395,-0.025,0.799,0
2211,7.05,116.59,0.912,1.314,0.032,0
2212,7.89,37.23,-1.914,-0.88,1.029,0
2213,14.73,11.35,-1.419,0.505,-3.63,0
2214,15.09,26.08,0.428,-0.317,-0.043,0
2215,11.7,11.49,-0.053,-0.586,-0.988,0
2216,10.01,257.87,-0.003,-1.472,1.007,0
2217,14.65,16.2,2.043,0.411,-0.557,0
2218,20.35,61.57,0.513,1.998,-0.763,0
2219,6.29,20.97,0.488,0.767,-1.557,0
2220,20.92,76.26,1.232,-1.103,0.395,1
2221,11.76,53.45,-2.447,-0.913,-0.96,0
2222,23.05,25.75,-1.249,-0.575,-0.284,0
2223,20.39,118.94,1.447,-1.986,1.644,0
2224,5.48,11.84,1.493,0.211,-1.228,0
2225,16.49,70.81,0.375,-1.597,0.36,0
2226,9.57,123.34,-1.716,0.211,0.692,0
2227,23.65,221.99,0.286,0.834,-1.865,0
2228,8.45,14.52,-0.404,1.08,1.724,0
2229,21.59,85.16,-1.622,-0.165,0.241,0
2230,11.5,31.82,-1.492,-2.332,-1.25,0
2231,5.11,11.5,1.498,1.354,-1.189,0
2232,17.5,122.93,-0.315,-0.823,-0.382,0
2233,15.25,157.15,-0.749,0.67,-1.115,0
2234,0.04,11.02,1.085,2.342,-0.001,0
2235,6.5,107.6,-0.207,-0.008,-1.667,0
2236,2.59,31.05,1.938,-0.62,0.927,0
2237,15.53,58.8,0.311,2.413,3.531,0
2238,17.2,5.27,-1.933,-0.605,-0.476,0
2239,10.51,105.16,-0.472,-1.012,0.749,0
2240,5.82,16.51,0.037,0.797,0.505,0
2241,5.71,94.33,2.01,0.752,0.264,0
2242,18.97,37.09,0.091,2.637,0.451,0
2243,18.62,207.83,-0.596,1.338,0.311,0
2244,2.31,106.04,0.145,-1.4,1.65,0
2245,17.9,27.21,-0.777,0.416,-0.165,0
2246,14.53,70.38,-2.677,0.387,0.598,0
2247,11.0,25.54,0.588,-3.397,-1.155,0
2248,15.27,820.6,2.527,-2.113,1.582,1
2249,10.72,13.85,1.153,-0.319,1.816,0
2250,18.54,49.37,0.178,-0.635,0.406,0
2251,12.48,195.33,0.864,0.216,1.293,0
2252,21.47,13.12,0.471,-0.508,0.122,0
2253,12.14,25.56,-1.585,-1.487,-1.742,0
2254,17.38,136.41,-1.622,1.892,0.878,0
2255,2.88,71.69,-0.462,-2.752,-1.451,0
2256,18.37,52.11,0.146,0.4,0.58,0
2257,12.87,14.14,-0.647,0.909,1.201,0
2258,3.13,23.67,-1.409,0.265,1.028,0
2259,20.15,21.8,-0.246,1.482,-1.375,0
2260,10.95,79.27,-0.672,2.157,-0.823,0
2261,9.58,5.41,0.12,0.623,-0.085,0
2262,16.42,87.14,-0.061,0.195,-3.22,0
2263,15.61,27.42,1.051,-1.11,0.975,0
2264,7.4,56.47,1.707,1.253,-0.392,0
2265,3.49,11.39,0.096,1.817,-1.156,0
2266,11.19,20.11,3.1,-0.47,0.147,0
2267,11.14,23.23,-2.185,0.38,0.673,0
2268,16.91,65.36,0.29,0.408,0.042,0
2269,13.0,61.97,1.698,-0.024,-2.886,0
2270,18.38,123.51,2.037,-0.025,1.285,0
2271,12.87,38.78,-1.233,-0.19,2.062,0
2272,17.7,124.72,1.321,0.976,0.021,0
2273,9.5,448.09,3.026,0.184,0.606,0
2274,9.97,36.03,0.082,-0.661,-0.786,0
2275,12.25,410.19,-2.024,0.142,0.395,0
2276,16.4,5.82,-2.898,0.222,-0.052,0
2277,12.25,58.59,-2.716,-0.015,0.633,0
2278,11.72,24.79,-0.241,1.359,-1.499,0
2279,12.94,66.39,2.148,0.667,0.085,0
2280,14.79,67.3,0.723,-0.01,0.169,0
2281,8.26,65.79,-0.145,0.867,2.495,0
2282,10.97,58.93,-1.048,0.931,0.625,0
2283,13.75,39.62,3.14,-0.143,0.887,0
2284,16.05,73.3,-0.739,-0.542,0.982,0
2285,11.0,85.25,-0.328,-1.539,0.314,0
2286,4.94,21.45,0.382,-0.395,0.109,0
2287,20.59,21.45,1.909,-2.617,0.876,0
2288,15.4,172.23,-1.15,-0.11,-0.596,0
2289,19.87,12.06,0.815,0.423,0.312,0
2290,10.41,17.89,1.863,-0.239,-1.979,0
2291,20.94,3.61,-1.868,0.505,-0.683,0
2292,6.99,51.97,0.416,0.855,-0.462,0
2293,10.38,181.81,0.917,1.019,-2.013,0
2294,3.56,15.9,-2.113,-0.065,0.46,0
2295,11.84,32.99,0.591,0.372,-0.051,0
2296,18.14,169.0,-0.961,2.56,2.961,0
2297,12.93,18.66,0.335,0.06,-0.458,0
2298,16.54,20.67,-0.648,-0.038,0.994,0
2299,11.42,8.05,-2.554,0.087,-0.159,0
2300,17.02,11.6,0.162,0.144,-0.016,0
2301,8.13,25.27,1.411,1.211,2.487,0
2302,13.39,16.72,0.33,0.042,3.442,0
2303,18.19,32.63,0.242,0.314,-1.442,0
2304,17.34,229.06,-0.888,0.984,0.758,0
2305,16.45,30.09,1.328,1.505,0.303,0
2306,20.28,118.84,-2.455,0.595,-1.884,0
2307,15.85,29.99,0.02,0.12,-2.159,0
2308,21.05,14.54,-0.37,-1.925,1.112,0
2309,21.13,16.85,-0.87,0.119,1.273,0
2310,5.08,31.36,-1.251,0.566,0.33,0
2311,11.52,2.5,-2.353,0.153,0.991,0
2312,16.04,24.59,1.483,1.478,-0.679,0
2313,0.92,28.75,-1.192,0.212,-1.729,0
2314,17.21,76.9,-1.231,1.909,-2.258,0
2315,7.21,181.78,0.679,1.638,1.89,0
2316,13.7,57.39,-0.211,-0.019,-0.638,0
2317,4.76,38.5,-0.833,-0.126,1.169,0
2318,23.88,9.31,1.591,2.052,0.297,0
2319,15.92,15.75,-0.759,-0.582,-2.183,0
2320,3.24,89.37,-0.873,0.694,0.151,0
2321,16.08,35.86,1.549,1.77,-1.497,0
2322,10.8,128.15,-3.323,0.022,1.248,0
2323,3.71,32.98,2.647,0.231,-0.064,0
2324,12.56,79.54,0.604,0.097,1.982,0
2325,12.34,65.93,-2.246,-1.335,-1.588,0
2326,23.9,84.47,-1.363,0.895,0.195,0
2327,7.7,10.7,1.332,0.516,1.67,0
2328,10.51,45.41,1.898,1.834,-0.391,0
2329,17.86,548.34,-1.362,1.967,0.431,0
2330,18.96,46.84,-1.01,0.346,1.605,0
2331,17.5,56.05,0.274,0.575,-0.361,0
2332,16.35,106.88,-0.323,0.609,-1.491,0
2333,13.96,3.2,3.13,0.771,2.287,0
2334,16.65,13.6,2.163,0.289,-0.819,0
2335,18.27,96.61,0.278,0.332,0.651,0
2336,14.36,31.93,0.076,0.336,0.29,0
2337,17.44,32.66,-1.471,0.22,1.133,0
2338,13.31,32.79,2.081,-1.261,-0.857,0
2339,13.24,61.38,-1.361,-2.085,0.687,0
2340,6.08,76.14,0.786,-1.539,0.918,0
2341,0.08,2.97,1.529,-0.379,1.294,0
2342,15.99,41.33,-1.734,0.169,1.314,0
2343,12.37,111.45,-0.077,-0.877,-1.826,0
2344,11.7,162.39,1.946,0.066,-0.503,0
2345,8.92,94.34,0.704,1.284,0.819,0
2346,18.96,104.77,-0.461,1.148,0.092,0
2347,10.49,2.67,-0.872,-0.546,-2.717,0
2348,1.36,23.72,-0.377,0.143,-1.514,0
2349,17.62,54.52,-0.897,-0.586,-1.002,0
2350,6.61,22.08,-1.17,-0.803,1.405,0
2351,9.62,90.98,-2.396,0.812,-0.394,0
2352,9.42,22.96,-1.198,1.753,-0.168,0
2353,21.23,14.01,1.593,1.347,1.636,0
2354,0.81,105.0,0.897,-0.139,-0.192,0
2355,2.03,495.19,-1.259,1.637,-0.92,0
2356,13.97,76.57,0.533,-1.283,0.404,0
2357,11.68,34.49,-0.917,0.186,-1.206,0
2358,13.3,74.57,-0.618,-1.221,-0.811,0
2359,15.49,24.5,-0.008,-0.491,-0.54,0
2360,13.48,198.99,0.689,1.3,0.248,0
2361,17.15,54.2,0.026,-1.371,-0.315,0
2362,10.98,51.57,1.608,1.042,-1.96,0
2363,18.53,58.32,1.43,-0.799,1.014,0
2364,9.58,33.17,0.882,1.276,-0.456,0
2365,17.44,144.0,-0.892,1.236,-0.474,0
2366,12.95,59.67,2.204,1.256,2.038,0
2367,16.13,169.96,-1.318,0.471,3.065,0
2368,17.67,29.41,0.531,3.791,0.181,0
2369,4.61,54.34,1.194,-0.591,-1.062,0
2370,0.53,128.98,0.519,0.102,0.262,0
2371,7.78,28.33,0.352,-2.609,-0.874,0
2372,12.95,48.16,-1.088,-1.389,0.376,0
2373,13.31,16.65,-0.457,-0.557,-1.828,0
2374,16.06,63.38,-1.221,-0.134,-2.931,0
2375,6.12,270.11,2.487,0.099,0.649,0
2376,7.58,22.49,0.663,0.194,1.529,0
2377,19.44,37.67,-0.763,-0.398,0.213,0
2378,10.33,28.67,0.355,-0.49,2.683,0
2379,13.62,68.94,-0.572,-1.607,-1.617,0
2380,17.76,46.67,-0.248,0.612,0.376,0
2381,14.84,19.21,-1.979,1.949,-0.047,0
2382,8.73,52.43,-0.996,-1.855,-1.535,0
2383,14.02,18.11,2.958,-0.423,2.793,0
2384,18.29,125.57,-1.755,-1.022,0.535,0
2385,7.04,30.52,-0.355,0.31,2.684,0
2386,12.56,45.88,0.098,1.245,-2.289,0
2387,15.25,235.03,-1.041,-1.197,-1.12,0
2388,17.61,185.16,-0.231,0.288,0.104,0
2389,11.77,85.58,0.022,1.527,0.789,0
2390,14.89,91.57,0.103,-0.248,-0.263,0
2391,22.93,175.1,0.997,0.355,0.3,0
2392,9.45,123.56,-0.524,-0.571,1.424,0
2393,12.47,177.75,0.267,-0.088,-1.091,0
2394,16.33,21.0,-1.416,-1.274,-0.781,0
2395,18.01,244.28,0.967,-0.628,-1.545,0
2396,23.69,8.9,-0.512,0.202,-2.395,0
2397,13.32,116.74,-1.349,0.108,0.819,0
2398,10.3,116.46,-1.7,-0.655,-1.124,0
2399,17.75,29.1,-0.493,-0.821,-0.822,0
2400,20.47,7.47,-0.94,-0.078,0.573,0
2401,6.07,17.56,-0.55,0.17,0.014,0
2402,18.73,22.61,-0.328,1.617,0.988,0
2403,21.05,17.49,1.489,-0.61,-0.27,0
2404,18.08,11.72,1.259,-1.579,-0.456,0
2405,19.85,28.72,-1.869,-0.193,1.615,0
2406,13.19,11.49,-1.865,-0.515,3.187,0
2407,7.91,50.67,0.157,-2.026,1.243,0
2408,12.49,147.63,-0.067,-1.029,0.043,0
2409,11.92,30.33,-0.751,1.75,-0.3,0
2410,9.04,285.93,-0.186,-1.044,-1.12,0
2411,12.34,132.84,1.105,-0.902,-0.687,0
2412,8.18,74.07,1.558,-0.392,0.666,0
2413,16.28,38.22,2.94,0.462,-0.827,0
2414,4.45,71.6,-0.645,0.712,-1.727,0
2415,3.55,16.73,1.016,0.944,-1.551,0
2416,4.67,25.32,-1.067,-1.883,2.051,0
2417,8.38,23.02,-1.753,-0.559,-2.189,0
2418,11.33,88.76,0.905,-0.836,-2.343,0
2419,14.39,18.99,-1.465,-1.599,0.831,0
2420,17.53,82.07,1.634,-0.452,0.118,0
2421,4.37,48.45,0.622,-0.158,0.391,0
2422,11.96,8.45,0.39,-1.271,0.692,0
2423,9.31,43.67,-0.039,0.64,-0.312,0
2424,10.93,30.17,-0.906,0.74,-0.58,0
2425,14.38,89.99,0.082,1.739,1.669,0
2426,0.55,15.14,2.253,0.775,0.86,0
2427,7.65,192.84,0.75,-0.079,-2.811,0
2428,8.16,17.71,-2.711,-0.967,0.879,0
2429,13.88,33.63,0.817,1.854,-1.109,0
2430,20.21,29.79,-0.041,-0.093,-1.014,0
2431,16.51,33.04,0.442,-0.547,0.949,0
2432,19.06,11.07,1.706,0.694,-1.665,0
2433,23.3,246.95,2.254,2.125,0.212,0
2434,0.03,49.43,-0.103,1.698,1.16,0
2435,16.92,31.15,-0.131,-1.349,-0.326,0
2436,19.49,13.98,-1.68,1.886,1.196,0
2437,9.07,23.1,1.495,0.035,1.268,0
2438,20.41,13.82,-0.934,0.078,0.152,0
2439,22.12,17.01,0.367,0.394,0.773,0
2440,11.18,21.3,1.609,0.324,-2.225,0
2441,16.92,24.44,-0.234,0.112,1.067,0
2442,22.95,232.65,-0.255,-1.21,-1.354,0
2443,9.12,643.85,-0.031,-0.326,1.561,0
2444,4.87,32.14,-0.732,0.545,0.513,0
2445,8.92,91.84,-0.746,-0.509,0.447,0
2446,16.17,8.37,-1.679,-1.986,-0.039,0
2447,20.06,7.87,1.552,-0.198,-0.003,0
2448,23.77,66.55,0.076,-0.059,-2.813,0
2449,18.14,210.21,1.273,0.856,-1.715,0
2450,23.69,130.93,-0.648,0.776,0.807,0
2451,1.93,20.71,1.89,-0.645,-0.513,0
2452,18.25,22.87,0.39,2.796,2.339,0
2453,22.76,11.26,0.721,0.457,1.645,0
2454,13.47,69.16,2.387,-2.04,-0.751,0
2455,16.37,8.16,-1.183,-0.752,1.969,0
2456,10.8,77.03,-0.243,2.732,1.59,0
2457,19.65,27.85,2.626,-0.337,2.808,0
2458,0.32,118.97,1.163,2.228,2.44,0
2459,14.81,24.35,1.342,-0.136,-1.32,0
2460,16.91,18.65,0.472,0.57,1.588,0
2461,7.42,11.03,0.856,0.108,1.483,0
2462,3.47,32.2,1.346,0.723,-1.94,0
2463,7.8,41.08,1.716,0.436,-1.279,0
2464,10.93,56.54,1.516,0.267,-2.188,0
2465,4.58,102.03,0.64,-0.749,-1.926,0
2466,0.7,48.34,-1.545,0.586,2.969,0
2467,17.85,765.49,-1.796,0.271,0.227,0
2468,5.87,59.9,-0.232,-0.984,1.076,0
2469,11.59,292.39,0.199,1.39,-0.03,0
2470,16.33,27.05,-1.079,-1.118,0.26,0
2471,8.15,35.12,-1.967,-0.793,-1.63,0
2472,16.49,31.23,1.591,-1.326,-0.963,0
2473,20.97,7.17,0.561,0.638,1.288,0
2474,14.44,52.01,-0.049,-0.032,-0.227,0
2475,1.71,68.54,1.193,-2.415,1.851,1
2476,19.11,19.12,1.644,-0.562,-0.877,0
2477,15.9,263.66,-1.627,-0.469,1.457,0
2478,7.77,36.73,0.693,-0.933,0.839,0
2479,21.82,22.77,0.63,-0.085,-0.284,0
2480,18.73,93.18,-1.555,0.827,0.736,0
2481,15.96,131.19,-0.435,0.52,-1.656,0
2482,13.38,71.18,1.476,-1.828,1.819,0
2483,16.24,63.47,-1.348,0.763,1.392,0
2484,6.9,15.13,0.689,1.395,1.135,0
2485,19.62,113.36,-0.438,0.838,-0.485,0
2486,3.47,151.93,0.001,1.431,-1.183,0
2487,19.42,23.08,1.254,-1.207,1.422,0
2488,11.63,4.7,-1.012,0.679,0.991,0
2489,15.29,3.71,0.884,-1.038,-1.601,0
2490,10.07,4.13,-2.146,-0.626,0.769,0
2491,16.5,40.76,-0.817,-0.898,-0.106,0
2492,6.57,51.29,0.994,-1.381,-0.308,0
2493,22.93,13.33,0.738,1.48,0.583,0
2494,10.6,4.54,-0.295,-1.137,0.217,0
2495,15.09,30.21,2.224,-0.895,-0.472,0
2496,2.6,87.86,-1.924,-1.856,0.466,0
2497,11.48,18.39,-0.711,-0.099,0.343,0
2498,8.64,8.13,0.034,-1.037,-1.732,0
2499,20.49,17.83,3.168,-0.635,0.249,0
2500,13.43,30.04,-0.465,1.03,-1.463,0
2501,3.73,103.78,0.534,-0.831,-0.158,0
2502,8.07,24.8,2.113,-1.501,-0.704,0
2503,2.21,42.98,0.727,1.014,3.064,0
2504,15.42,54.04,-0.717,0.993,-0.384,0
2505,16.44,103.29,-0.982,0.882,0.29,0
2506,12.31,240.54,0.265,1.105,-0.84,0
2507,19.99,25.55,0.393,-0.425,-0.184,0
2508,16.53,61.92,0.668,0.334,-1.103,0
2509,6.38,8.57,-2.0,1.725,0.48,0
2510,11.64,42.49,-0.888,0.266,-1.472,0
2511,22.02,14.12,-0.941,-0.019,-0.261,0
2512,17.59,36.29,-0.89,-0.497,0.954,0
2513,3.41,40.75,-1.566,-1.557,0.429,0
2514,12.97,46.14,-2.579,-0.615,-0.412,0
2515,9.83,28.11,-0.061,0.886,0.539,0
2516,22.12,107.19,-0.7,1.087,1.666,0
2517,12.92,13.2,0.926,-1.416,-0.944,0
2518,11.78,33.94,1.196,0.762,-1.286,0
2519,20.46,54.46,0.187,0.173,0.103,0
2520,17.78,53.84,-0.341,-1.951,-2.688,0
2521,9.83,88.16,2.407,1.238,0.106,0
2522,22.02,31.66,1.143,0.345,-1.994,0
2523,20.79,28.11,1.298,2.093,-0.224,0
2524,14.85,34.98,-0.401,-1.392,0.211,0
2525,8.64,77.37,2.249,-2.01,-0.323,0
2526,13.85,53.97,-1.296,1.201,-2.213,0
2527,17.12,70.32,0.633,1.064,2.006,0
2528,1.54,12.4,0.824,0.179,0.784,0
2529,7.64,2.55,0.217,1.062,0.394,0
2530,11.21,18.21,0.667,-1.004,0.429,0
2531,16.43,132.24,1.904,-1.344,1.799,0
2532,13.61,574.75,2.566,0.642,1.753,0
2533,13.61,8.34,-2.155,1.318,1.048,0
2534,7.32,7.22,-0.656,0.119,0.613,0
2535,19.1,22.36,1.688,-0.412,-0.036,0
2536,0.9,32.26,1.342,0.632,2.741,0
2537,14.24,35.66,-0.158,-1.895,-0.693,0
2538,16.57,9.4,-1.061,-1.171,1.392,0
2539,22.39,23.13,0.162,0.747,1.235,0
2540,12.53,16.47,-1.138,0.245,0.193,0
2541,19.44,87.71,-0.675,1.041,1.136,0
2542,11.17,124.11,-2.188,-1.16,0.271,0
2543,15.83,67.96,1.001,0.961,-1.551,0
2544,17.59,10.51,-0.565,0.091,0.679,0
2545,10.01,89.1,-1.194,1.755,-0.835,0
2546,13.53,29.43,-1.397,0.223,2.024,0
2547,2.59,86.11,-2.229,-0.044,-0.446,0
2548,6.14,71.39,2.332,0.699,0.617,0
2549,11.87,26.41,0.586,1.312,-2.234,0
2550,9.71,71.54,-0.681,-0.011,0.685,0
2551,18.53,34.53,0.349,0.863,0.662,0
2552,21.08,78.92,-0.108,0.577,-0.291,0
2553,14.84,56.61,0.358,1.85,-0.406,0
2554,9.5,5.08,-1.361,0.673,2.595,0
2555,14.56,38.36,-1.413,1.167,-1.815,0
2556,6.99,13.39,0.26,-1.208,0.383,0
2557,8.41,51.28,-0.044,-2.509,1.651,0
2558,15.9,17.1,-2.085,1.14,1.836,0
2559,15.81,1.39,0.141,-0.541,0.678,0
2560,17.31,88.86,-0.909,-0.158,-2.097,0
2561,12.33,47.27,0.959,1.455,2.386,0
2562,11.5,55.91,1.054,-0.966,-1.635,0
2563,16.73,116.01,-0.257,-1.233,1.91,0
2564,5.98,308.49,1.215,1.804,-2.009,0
2565,7.5,14.82,0.012,1.699,-0.082,0
2566,19.55,53.96,-1.875,0.307,0.422,0
2567,13.93,18.29,1.418,0.439,-2.261,0
2568,12.8,51.35,-0.491,0.177,0.404,0
2569,21.59,62.86,-0.53,-0.973,2.172,0
2570,22.74,22.48,2.347,1.328,-0.204,0
2571,18.11,29.6,0.975,0.08,-0.187,0
2572,16.54,132.48,0.627,0.06,1.191,0
2573,18.54,28.98,-0.128,0.637,0.326,0
2574,9.29,20.1,0.67,0.369,-0.984,0
2575,2.05,110.09,1.215,-2.366,1.07,0
2576,22.59,11.9,-0.254,-1.548,0.861,0
2577,14.47,43.03,-0.27,-0.845,-2.373,0
2578,10.64,32.75,0.576,-0.725,0.142,0
2579,13.38,10.97,-0.597,1.069,-0.022,0
2580,19.76,100.24,0.507,-0.021,0.406,0
2581,19.27,11.34,1.497,2.207,0.361,0
2582,18.76,67.68,-0.522,1.586,-0.623,0
2583,17.06,13.12,-0.827,0.504,-0.06,0
2584,15.59,26.11,-1.741,0.714,-0.34,0
2585,15.34,189.39,1.307,-0.54,1.883,0
2586,15.16,36.06,-1.94,-0.655,-1.117,0
2587,15.92,50.34,0.748,0.634,0.59,0
2588,3.59,11.19,-1.77,-0.477,-0.557,0
2589,12.57,8.93,-1.151,0.231,-2.317,0
2590,5.31,158.25,0.47,-0.762,-0.49,0
2591,19.96,9.6,0.973,-0.474,0.603,0
2592,6.61,28.67,-0.397,1.202,0.303,0
2593,15.56,28.6,2.458,0.144,-0.88,0
2594,15.55,56.54,-0.84,-0.042,-0.557,0
2595,5.5,33.4,4.037,0.651,0.186,0
2596,8.2,267.4,0.604,0.682,-1.411,0
2597,14.76,33.48,0.741,0.217,-2.336,0
2598,22.54,52.04,-0.402,2.301,-1.796,0
2599,21.18,33.97,-0.429,-0.258,0.087,0
2600,12.07,20.84,2.951,-0.256,-0.334,0
2601,6.73,11.27,2.132,-0.137,1.842,0
2602,7.85,11.48,-1.032,0.668,-0.217,0
2603,20.96,47.37,-1.481,0.7,0.684,0
2604,4.09,52.16,0.984,-0.487,-0.839,0
2605,17.59,215.75,0.251,0.491,-1.793,0
2606,20.77,71.33,-1.321,2.778,-0.465,0
2607,12.56,19.45,1.779,2.769,-0.404,0
2608,7.43,27.0,1.481,-0.969,-0.256,0
2609,16.66,402.03,1.845,-0.249,-0.45,0
2610,19.25,302.98,2.376,-0.757,-1.091,0
2611,16.97,128.72,1.371,2.359,-0.784,0
2612,20.17,17.24,1.97,-0.727,0.72,0
2613,14.05,4.99,0.079,0.36,1.741,0
2614,17.09,144.86,-1.58,1.419,-0.324,0
2615,13.84,73.7,-0.006,0.588,0.967,0
2616,22.89,13.35,0.188,-0.616,1.927,0
2617,1.36,56.64,0.431,1.24,1.681,0
2618,19.38,20.35,-0.96,-0.819,1.793,0
2619,16.87,8.67,-0.317,0.922,0.709,0
2620,6.04,56.74,-0.645,1.844,-2.417,0
2621,15.37,135.01,-2.313,2.004,-2.578,0
2622,2.05,225.06,-1.407,0.098,-1.354,0
2623,6.99,14.1,1.15,-1.068,1.708,0
2624,12.3,77.81,0.307,0.621,0.484,0
2625,13.24,53.73,0.67,-2.239,0.015,0
2626,18.06,83.61,0.856,-1.564,1.313,0
2627,19.28,40.97,-0.22,2.65,1.599,0
2628,3.96,45.13,0.402,-1.067,1.596,0
2629,20.33,19.09,-1.992,-0.038,0.769,0
2630,17.72,19.36,-0.35,-0.823,1.154,0
2631,8.93,64.3,1.654,0.032,0.376,0
2632,7.35,110.72,-0.097,-0.383,0.927,0
2633,12.25,26.41,0.03,0.079,-1.952,0
2634,6.95,98.54,1.636,-0.84,-0.524,0
2635,13.67,31.92,-2.421,-1.165,1.747,0
2636,11.68,23.73,-0.056,0.867,-1.794,0
2637,18.94,60.03,-0.196,2.043,0.744,0
2638,17.15,91.93,0.884,1.143,1.274,0
2639,15.48,49.53,0.739,-0.883,0.798,0
2640,18.59,29.37,-0.09,0.197,-1.014,0
2641,13.4,18.16,-2.284,-1.194,0.92,0
2642,2.75,53.97,-2.41,-0.813,-0.982,0
2643,17.27,113.29,-0.172,-1.183,-3.556,0
2644,9.05,33.56,-2.408,2.005,1.599,0
2645,23.17,35.59,0.865,-1.848,-0.805,0
2646,11.4,398.23,-0.711,1.217,0.513,0
2647,12.95,96.93,0.595,1.518,0.612,0
2648,23.7,46.88,-0.907,-1.08,-1.579,0
2649,16.28,48.15,-1.554,0.489,-1.952,0
2650,18.41,48.19,3.836,-2.65,1.275,0
2651,5.64,39.44,0.393,-2.088,-1.76,0
2652,16.75,100.86,-1.606,-0.852,0.142,0
2653,12.77,56.18,-0.8,0.144,1.451,0
2654,6.49,60.82,-0.221,-0.826,-0.461,0
2655,17.8,19.92,-2.585,0.678,-0.399,0
2656,18.7,49.53,0.481,0.43,-2.758,0
2657,7.59,32.58,-0.512,0.874,2.412,0
2658,9.82,109.89,0.639,-0.063,-0.403,0
2659,11.26,11.31,-1.782,1.903,0.512,0
2660,10.28,25.49,-1.109,1.147,-0.481,0
2661,4.76,81.44,2.573,-1.889,0.092,0
2662,23.97,62.36,-2.788,-0.142,-1.68,0
2663,9.33,24.51,-0.322,-0.98,0.51,0
2664,21.82,30.1,0.257,0.094,-1.256,0
2665,5.8,38.01,2.414,3.213,-2.059,0
2666,7.06,36.03,-0.795,0.047,0.114,0
2667,16.72,7.3,0.656,0.586,-0.135,0
2668,16.23,31.12,1.431,0.434,-1.393,0
2669,21.52,9.98,-1.408,0.345,0.322,0
2670,15.55,91.09,-0.694,-0.17,0.329,0
2671,9.33,47.66,-1.007,-0.391,-1.078,0
2672,17.33,16.85,1.954,0.116,-1.426,0
2673,4.48,80.05,1.206,1.238,1.457,0
2674,11.67,64.07,1.305,0.083,0.206,0
2675,12.25,128.68,-1.259,-2.023,-0.713,0
2676,2.09,137.89,0.528,-0.508,-0.493,0
2677,11.25,76.34,1.944,0.543,1.212,0
2678,17.76,69.14,-1.259,0.334,-1.692,0
2679,13.81,264.4,2.603,-2.038,-2.128,0
2680,16.28,11.9,-0.016,-0.218,0.179,0
2681,8.82,98.27,-0.592,-1.244,-4.116,0
2682,15.31,87.67,0.311,-0.378,-0.667,0
2683,13.9,28.17,0.431,-0.317,-2.107,0
2684,11.1,10.63,0.211,-1.07,-1.476,0
2685,14.61,21.73,-0.474,0.16,0.744,0
2686,11.06,36.14,-1.361,-0.24,1.261,0
2687,14.49,236.7,-1.082,1.534,0.366,0
2688,15.45,212.92,1.826,0.409,1.359,0
2689,0.53,43.04,1.326,1.094,-2.058,0
2690,2.84,277.82,1.408,-0.122,-0.509,0
2691,11.02,10.92,-0.61,-1.907,0.799,0
2692,3.87,36.62,0.31,-1.464,-1.143,0
2693,5.69,355.22,-1.622,-0.867,1.031,0
2694,18.81,139.98,1.031,-0.652,0.729,0
2695,4.21,85.32,-2.027,-1.225,1.415,0
2696,11.32,36.36,-0.565,0.131,-1.735,0
2697,2.72,30.42,1.189,-0.475,-3.292,0
2698,15.99,123.16,-1.414,-0.449,1.032,0
2699,2.35,92.85,1.066,-0.295,-0.588,0
2700,19.31,171.25,-0.408,0.572,1.011,0
2701,15.48,73.46,0.707,1.301,0.16,0
2702,15.57,12.31,-0.474,-1.55,0.74,0
2703,14.72,65.7,-0.732,1.357,-0.627,0
2704,16.43,152.5,-0.668,-0.407,-2.538,0
2705,11.3,111.76,2.301,-0.505,0.55,0
2706,15.89,18.32,-1.47,-0.903,1.212,0
2707,8.99,8.77,1.245,0.196,3.111,0
2708,6.51,11.6,0.87,-1.169,0.49,0
2709,19.13,374.27,0.002,-0.651,2.037,0
2710,17.41,26.34,-1.353,-0.169,-2.054,0
2711,12.39,67.58,-0.399,0.736,-0.904,0
2712,11.56,27.15,-0.253,-0.11,-0.67,0
2713,11.93,62.37,-0.354,1.005,-0.033,0
2714,16.23,369.17,1.328,2.262,0.386,0
2715,22.03,51.03,0.155,-0.692,0.72,0
2716,15.33,37.7,-1.219,0.464,-1.201,0
2717,5.55,67.12,-0.155,-0.505,-2.099,0
2718,10.42,41.74,-0.409,-1.93,-0.145,0
2719,15.54,17.06,-1.946,1.353,0.522,0
2720,14.98,63.37,-0.596,-1.532,0.583,0
2721,16.09,34.76,0.779,-1.0,1.042,0
2722,18.65,13.57,-2.003,0.71,-1.532,0
2723,1.88,252.39,-1.009,0.007,-0.197,0
2724,11.54,61.06,0.633,1.721,-1.532,0
2725,14.65,83.56,-1.709,-0.882,1.099,0
2726,13.17,18.23,0.172,-0.955,0.308,0
2727,1.05,28.53,-1.376,0.076,-1.187,0
2728,16.54,9.59,-0.448,-2.915,1.506,0
2729,4.97,1036.68,-0.442,1.961,0.021,0
2730,10.41,71.55,0.814,1.528,1.208,0
2731,13.41,116.25,1.687,1.295,-1.049,0
2732,1.84,13.72,-0.743,1.097,0.362,0
2733,16.59,71.58,0.157,-2.128,-0.125,0
2734,1.9,33.88,-1.269,-0.163,-1.666,0
2735,21.94,71.25,0.615,-0.033,-0.961,0
2736,21.98,8.64,0.335,0.354,-1.763,0
2737,15.62,13.34,-0.096,-0.837,-1.519,0
2738,8.99,121.16,-2.295,-1.163,-0.353,0
2739,11.29,23.88,-0.343,-0.629,-2.154,0
2740,9.52,53.9,-0.895,-0.387,-1.556,0
2741,8.21,40.4,-1.272,0.088,0.827,0
2742,7.78,67.65,2.378,0.582,0.03,0
2743,0.14,21.23,0.652,0.183,-1.078,0
2744,2.33,9.15,1.129,0.95,-0.828,0
2745,21.12,193.34,0.81,0.415,-0.828,0
2746,4.57,44.44,-1.276,-0.12,0.888,0
2747,16.75,25.43,0.733,0.669,-3.907,0
2748,10.03,83.62,0.019,-1.104,0.7,0
2749,14.3,86.27,1.179,-0.257,-1.426,0
2750,23.9,90.82,0.651,-0.894,2.629,0
2751,22.47,77.61,-1.112,1.137,1.447,0
2752,4.11,81.62,0.208,-1.921,0.673,0
2753,0.81,171.31,0.375,-0.625,-0.946,0
2754,10.42,40.55,-2.239,-0.138,-2.374,0
2755,11.24,199.26,0.746,1.608,-0.523,0
2756,15.22,12.17,-0.58,-0.984,-0.191,0
2757,16.66,16.03,0.72,-0.293,-0.864,0
2758,10.78,47.94,0.776,1.324,-1.529,0
2759,20.23,99.87,1.281,-1.61,2.108,0
2760,15.35,70.71,-0.822,-0.477,1.265,0
2761,12.19,158.36,-0.23,-0.887,0.936,0
2762,9.86,24.08,-0.184,-0.22,1.969,0
2763,15.31,143.7,0.035,-1.065,0.944,0
2764,14.21,47.16,-3.342,-0.327,0.423,0
2765,17.74,27.1,0.325,-2.458,-0.32,0
2766,22.21,39.25,-0.913,-0.578,-2.024,0
2767,12.75,12.05,-1.139,0.113,0.795,0
2768,9.83,74.85,-2.99,-0.979,-1.725,0
2769,15.47,31.34,-0.547,1.873,0.837,0
2770,11.52,43.76,-2.146,1.368,0.773,0
2771,17.47,48.52,0.414,0.444,2.114,0
2772,16.79,24.38,-1.817,-0.718,0.13,0
2773,12.05,435.99,-0.194,0.225,1.947,0
2774,12.36,17.36,-1.262,1.926,0.731,0
2775,18.6,624.41,1.463,0.112,-3.614,0
2776,7.47,74.56,0.663,-0.857,1.06,0
2777,16.6,8.94,0.35,-1.266,1.406,0
2778,16.51,54.12,-0.002,2.274,0.519,0
2779,16.72,10.53,0.295,0.136,-1.09,0
2780,3.45,85.64,-0.05,-0.836,-2.262,0
2781,20.42,9.14,-0.706,1.007,1.702,0
2782,15.38,180.8,3.624,0.649,-0.617,0
2783,7.76,28.68,1.168,0.978,1.189,0
2784,15.08,36.72,2.208,-1.587,0.139,0
2785,9.3,71.36,0.211,-0.057,0.95,0
2786,18.58,180.15,-0.816,-0.613,-0.791,0
2787,2.28,14.05,0.116,1.962,2.47,0
2788,9.3,23.2,1.585,-1.344,-2.723,0
2789,12.98,52.02,-0.572,-1.539,-1.163,0
2790,18.29,24.1,2.08,-0.001,-0.37,0
2791,17.41,14.52,-0.238,0.944,0.164,0
2792,1.33,238.25,1.802,-0.303,0.131,0
2793,19.68,66.92,1.955,1.906,-0.356,0
2794,15.35,93.98,0.993,-0.034,-2.973,0
2795,4.58,149.45,-0.185,1.019,-0.382,0
2796,9.8,93.74,1.273,-1.443,-1.808,0
2797,11.61,36.44,-1.432,-1.161,1.764,0
2798,22.03,22.99,0.749,0.962,0.745,0
2799,2.03,20.19,0.054,1.121,-1.259,0
2800,12.25,21.77,1.515,-0.427,-4.631,0
2801,10.65,27.59,-0.213,1.31,-2.093,0
2802,19.19,20.36,1.907,0.444,-0.576,0
2803,17.27,181.66,-2.433,0.141,1.308,0
2804,3.43,52.7,-1.393,0.15,-1.314,0
2805,9.82,9.69,-1.299,-1.011,-0.217,0
2806,20.91,31.69,1.091,-1.004,-0.289,0
2807,17.86,16.65,-0.414,-0.761,0.779,0
2808,14.61,13.33,-1.359,-1.627,-0.857,0
2809,24.0,453.52,0.874,1.691,0.566,0
2810,11.67,135.74,-1.477,0.431,-0.631,0
2811,21.23,27.96,-0.343,-0.424,-1.32,0
2812,10.98,48.35,-0.224,-0.552,-1.212,0
2813,13.31,30.09,0.581,-0.654,0.813,0
2814,22.59,5.95,0.431,-0.442,-0.345,0
2815,7.53,301.46,0.95,-0.614,-1.41,0
2816,20.48,133.53,-1.973,0.974,2.056,0
2817,3.41,27.66,-1.61,-2.066,2.945,0
2818,13.94,106.67,0.604,0.728,-0.86,0
2819,12.45,156.37,0.287,-2.677,-0.5,0
2820,22.04,186.78,0.392,0.749,0.16,0
2821,11.79,29.01,-0.642,-0.358,-0.266,0
2822,11.62,84.63,0.273,-0.241,-3.397,0
2823,13.75,5.73,-0.016,0.519,0.56,0
2824,16.52,10.42,0.467,-1.098,-1.357,0
2825,20.01,66.65,0.528,3.431,1.495,0
2826,17.39,42.33,-0.032,-0.025,2.169,0
2827,5.39,41.58,-0.271,2.675,-0.485,0
2828,14.8,4.76,-0.455,0.166,-1.927,0
2829,23.6,18.25,1.179,-0.482,1.795,0
2830,19.24,133.08,0.872,0.404,-1.523,0
2831,9.94,164.36,0.26,0.89,-0.881,0
2832,16.35,2.98,-0.16,0.303,-0.903,0
2833,11.58,288.75,0.178,0.069,1.745,0
2834,18.55,26.86,0.307,0.62,1.166,0
2835,12.78,176.23,-1.991,-0.14,0.202,0
2836,18.43,36.92,1.063,-0.622,-0.918,0
2837,16.48,10.39,0.844,-0.443,-2.312,0
2838,16.6,12.92,0.156,-0.379,-0.052,0
2839,23.09,13.83,-0.961,0.176,-2.525,0
2840,19.86,35.41,0.065,-1.595,1.085,1
2841,13.27,353.08,2.957,-1.221,0.85,0
2842,7.02,25.12,-0.607,0.331,0.364,0
2843,11.01,165.59,1.074,-0.141,-3.112,0
2844,11.24,21.45,-0.444,-0.588,1.469,0
2845,5.24,79.18,-0.489,0.476,-0.34,0
2846,11.98,75.68,-0.844,2.289,0.571,0
2847,3.3,22.61,-0.155,-0.93,0.7,0
2848,17.14,842.97,-0.121,1.609,0.034,0
2849,9.61,139.01,-0.087,-0.034,-0.0,0
2850,18.97,85.01,-0.96,0.026,0.321,0
2851,21.07,29.46,0.379,-0.442,-1.1,0
2852,19.08,62.38,-0.325,0.349,1.01,0
2853,16.93,3.82,1.452,0.645,2.597,0
2854,9.69,8.34,-1.045,1.693,0.524,0
2855,20.38,238.04,0.429,-0.4,2.257,0
2856,17.63,10.17,0.193,0.816,-0.372,0
2857,4.08,9.17,0.441,0.387,-1.729,0
2858,1.2,120.02,-0.208,0.42,-0.52,0
2859,23.1,75.75,-0.777,-0.237,-0.652,0
2860,5.84,16.43,-1.446,-0.434,-0.864,0
2861,16.09,40.24,1.068,0.361,-1.034,0
2862,7.07,18.68,0.161,-0.386,0.236,0
2863,16.85,7.79,0.69,-0.985,-0.723,0
2864,20.28,70.37,0.173,0.48,1.836,0
2865,11.62,71.44,0.883,-2.311,3.062,0
2866,6.43,5.46,-0.731,-0.583,0.912,0
2867,11.76,56.77,1.792,0.274,-0.714,0
2868,6.72,148.27,0.373,0.812,-1.096,0
2869,21.55,11.96,1.038,-1.288,-0.238,0
2870,10.8,97.33,1.525,1.822,2.132,0
2871,11.1,182.81,0.794,0.562,-1.09,0
2872,13.97,18.94,0.936,0.325,-0.411,0
2873,9.53,51.88,0.954,2.088,0.238,0
2874,20.62,42.78,-2.514,0.032,-0.936,0
2875,23.43,64.73,-1.089,0.753,1.11,0
2876,21.46,5.31,0.842,-1.272,-0.921,0
2877,11.38,40.59,-0.07,-0.961,1.532,0
2878,2.19,41.94,-0.689,-1.326,1.447,0
2879,23.27,132.39,2.057,-1.024,2.484,0
2880,14.64,54.35,0.172,-0.938,-0.986,0
2881,17.56,35.46,-0.77,-0.016,-0.035,0
2882,16.0,37.44,-0.36,-0.227,0.157,0
2883,17.16,37.15,-1.256,0.3,-0.334,0
2884,10.06,296.42,-1.003,-0.835,2.095,0
2885,14.07,5.79,1.361,-1.178,0.08,0
2886,14.51,37.98,-0.09,-1.529,0.308,0
2887,18.46,44.5,2.353,1.083,3.36,0
2888,19.01,37.17,0.035,1.008,0.076,0
2889,8.69,58.78,-1.653,-0.922,-0.302,0
2890,12.17,2.7,-0.566,-0.224,-1.184,0
2891,11.6,65.59,1.575,0.756,-1.648,0
2892,12.89,108.25,-0.005,-0.823,1.962,0
2893,9.35,68.45,-1.776,1.214,-1.148,0
2894,17.35,53.53,-0.585,-0.767,1.317,0
2895,12.29,30.06,0.782,-0.291,0.633,0
2896,19.14,47.33,0.27,0.163,0.144,0
2897,9.74,51.7,1.066,0.065,1.135,0
2898,12.04,24.06,0.224,-0.819,0.39,0
2899,10.64,53.71,0.324,0.112,1.045,0
2900,8.31,38.69,2.817,1.292,1.021,0
2901,11.36,140.3,0.712,-3.215,0.292,0
2902,9.27,9.69,0.571,0.01,-0.876,0
2903,8.7,85.5,0.947,-0.77,0.349,0
2904,8.45,25.25,3.08,-0.594,-0.572,0
2905,4.2,6.93,0.343,-1.455,-0.038,0
2906,10.24,32.52,-0.795,0.398,1.314,0
2907,11.29,79.05,0.482,-0.319,0.007,0
2908,20.95,40.91,0.494,1.034,0.591,0
2909,13.46,20.61,0.251,0.373,-0.908,0
2910,2.25,50.81,1.444,-2.82,-0.304,0
2911,13.69,27.19,-2.298,0.756,-1.295,0
2912,10.41,53.1,0.23,1.597,-0.028,0
2913,15.42,47.81,0.063,0.277,2.543,0
2914,19.05,19.69,-0.593,-0.227,0.965,0
2915,19.35,79.05,-0.9,0.776,-0.907,0
2916,23.29,39.53,-0.437,0.158,1.684,0
2917,13.74,71.78,-0.325,0.636,-3.275,0
2918,16.47,33.48,-0.524,-0.54,0.662,0
2919,10.58,20.73,1.396,0.365,-0.591,0
2920,20.29,100.47,-1.802,-0.876,-0.052,0
2921,22.92,225.33,-0.016,-1.425,0.442,0
2922,19.7,329.93,-1.667,1.642,1.195,0
2923,13.8,161.51,-1.146,0.033,-0.547,0
2924,17.54,438.36,0.839,2.268,-1.642,0
2925,11.18,35.62,-1.578,-0.415,-3.083,0
2926,15.06,12.03,-1.433,1.137,-0.103,0
2927,5.29,5.87,0.333,1.231,-0.531,0
2928,16.77,114.71,-0.275,0.897,0.682,0
2929,7.89,29.8,0.9,0.583,1.596,0
2930,5.19,50.0,-1.178,-0.64,0.249,0
2931,8.53,79.88,-0.758,0.408,0.607,0
2932,21.53,58.96,-0.513,0.046,-2.418,0
2933,11.47,150.75,0.543,-1.322,-0.636,0
2934,12.35,19.31,-1.242,0.741,-0.649,0
2935,23.9,591.92,1.794,-0.354,0.245,0
2936,18.39,85.5,1.459,0.989,-0.144,0
2937,18.78,33.33,-0.609,0.723,2.237,0
2938,5.05,78.18,0.412,0.732,1.659,0
2939,11.76,15.34,1.456,0.29,0.961,0
2940,21.57,60.25,1.171,-0.96,-0.59,0
2941,12.8,68.8,2.233,-2.513,0.309,0
2942,12.79,368.58,3.851,0.083,-0.184,0
2943,4.15,268.43,-0.519,-1.618,0.518,0
2944,11.06,114.42,0.809,1.227,3.263,0
2945,16.87,549.19,0.085,-0.659,-1.07,0
2946,9.57,9.88,-0.237,-1.083,-1.855,0
2947,10.42,37.42,0.726,-0.95,1.232,0
2948,4.9,215.92,0.868,0.185,-1.664,0
2949,19.03,24.37,-0.406,-1.159,-0.988,0
2950,15.29,142.5,0.941,-0.501,-3.409,0
2951,18.78,68.41,0.859,-1.218,1.039,0
2952,17.39,28.12,1.329,0.775,0.948,0
2953,18.01,19.31,2.149,-0.16,-1.647,0
2954,18.91,54.93,-2.406,-0.048,2.31,0
2955,0.33,5.72,-1.331,0.703,2.235,0
2956,22.84,5.73,0.7,1.37,-0.496,0
2957,13.4,80.83,-0.367,-0.74,1.173,0
2958,10.07,118.81,0.758,-1.456,-0.532,0
2959,6.36,12.68,1.017,1.125,1.597,0
2960,11.59,8.75,-1.05,1.579,0.421,0
2961,8.01,32.89,-0.714,-0.02,1.93,0
2962,4.98,145.6,0.555,-0.213,0.672,1
2963,3.15,8.02,0.055,-1.251,1.344,0
2964,14.83,11.31,0.393,1.927,1.539,0
2965,16.5,29.9,-0.319,0.625,-1.692,0
2966,17.39,15.58,1.197,-2.132,-2.215,0
2967,13.77,128.31,0.847,0.61,0.044,0
2968,21.16,18.42,-0.704,0.499,-0.447,0
2969,9.62,37.56,-0.333,-2.254,-1.777,0
2970,2.07,49.53,0.153,0.024,-1.234,0
2971,0.71,25.54,-0.016,1.593,-0.327,0
2972,1.86,224.93,-0.703,-0.758,-2.97,0
2973,6.57,21.73,-0.824,0.482,-2.268,0
2974,7.39,76.76,0.214,1.797,0.675,0
2975,2.04,33.26,-0.296,-1.247,-1.982,0
2976,12.4,42.91,-0.613,1.459,0.323,0
2977,10.82,20.64,-1.546,0.411,-0.664,0
2978,14.78,32.15,0.445,0.376,0.433,0
2979,11.44,34.03,0.782,-0.148,1.05,0
2980,13.36,43.18,-1.189,0.842,-1.864,0
2981,16.05,16.42,-0.957,-0.642,0.373,0
2982,7.85,77.88,0.798,1.877,0.39,0
2983,16.73,16.04,2.024,-0.501,-1.164,0
2984,0.57,42.15,-0.199,-0.906,-2.892,0
2985,14.67,6.39,1.055,-0.472,-1.881,0
2986,17.7,12.44,-0.079,-0.062,1.576,0
2987,18.92,209.68,-0.582,0.264,1.588,0
2988,16.17,66.2,-1.025,1.092,1.271,0
2989,7.12,84.96,-0.248,0.782,-2.354,0
2990,12.94,13.78,-3.269,0.989,-1.442,0
2991,20.88,25.1,1.969,1.508,-0.709,0
2992,19.08,62.92,1.277,1.014,1.563,0
2993,13.23,108.07,-0.154,-1.212,0.115,0
2994,22.93,33.48,-2.467,-1.965,3.287,0
2995,6.55,6.24,-0.809,0.356,-1.427,0
2996,22.3,16.65,0.617,-2.46,-2.29,0
2997,10.72,256.67,-3.873,-1.18,0.877,0
2998,6.96,18.94,-0.381,0.934,-2.444,0
2999,20.84,39.3,-1.394,-0.971,0.557,0
3000,17.99,68.28,-0.499,0.706,-0.016,0
3001,7.86,12.54,-0.396,0.717,-0.985,0
3002,15.64,76.89,-2.195,-0.876,-0.429,0
3003,3.43,142.69,-0.203,-1.93,0.217,0
3004,15.16,105.65,2.07,1.507,1.405,0
3005,15.64,82.21,-1.367,1.4,-0.069,0
3006,10.21,18.85,0.977,0.395,-0.893,0
3007,21.48,6.33,-1.787,-0.964,0.357,0
3008,3.2,38.69,0.42,1.489,0.548,0
3009,17.6,19.9,-0.432,-0.576,2.318,0
3010,15.78,20.32,1.901,-0.186,0.232,0
3011,9.53,18.02,-1.122,1.938,1.347,0
3012,22.03,61.2,0.116,-0.286,-0.105,0
3013,19.64,104.53,1.161,-0.043,-1.347,0
3014,15.25,79.12,-2.397,-1.259,2.24,0
3015,6.05,27.91,0.407,-1.266,0.349,0
3016,22.27,52.38,0.975,-0.241,-2.118,0
3017,15.54,79.49,1.485,1.807,0.478,0
3018,18.66,15.66,-1.06,-1.293,-1.086,0
3019,17.16,21.6,1.512,0.87,-0.513,0
3020,4.68,56.25,-0.684,-2.245,-0.017,0
3021,17.83,64.79,0.038,-0.703,-1.984,0
3022,20.82,61.82,0.227,-1.016,-1.472,0
3023,0.47,11.51,-0.528,-0.561,0.93,0
3024,6.51,41.26,1.413,-2.243,0.142,0
3025,3.72,47.66,-0.332,1.509,1.818,0
3026,19.11,34.01,-0.414,1.874,1.357,0
3027,14.75,29.89,1.448,1.317,1.135,0
3028,11.76,35.07,-0.285,0.926,-0.911,0
3029,19.72,13.88,2.774,0.475,-0.961,0
3030,7.93,72.62,0.078,-1.691,0.218,0
3031,15.71,43.42,-0.698,0.007,-0.011,0
3032,19.87,124.52,-1.11,-0.266,-1.169,0
3033,17.54,128.35,-4.078,-0.586,-0.215,0
3034,4.12,25.76,1.352,0.672,0.206,0
3035,7.17,26.11,1.542,0.095,0.878,0
3036,18.99,22.04,0.687,0.858,-0.662,0
3037,12.72,30.11,0.45,-0.574,-0.662,0
3038,7.11,72.02,0.729,0.19,-2.836,0
3039,14.24,9.51,-0.884,0.084,1.13,0
3040,7.65,13.16,0.464,-1.495,0.13,0
3041,6.7,6.96,1.65,-0.896,-0.139,0
3042,21.2,37.11,2.089,1.98,1.468,0
3043,10.05,85.48,1.689,-0.01,-0.851,0
3044,16.87,22.82,1.984,1.669,1.127,0
3045,16.49,20.53,1.276,1.885,0.47,0
3046,22.15,40.42,-1.519,-0.321,-0.447,0
3047,14.6,178.59,0.591,0.623,-0.006,0
3048,13.41,39.78,-0.88,0.094,0.035,0
3049,10.88,38.68,-0.244,-0.532,-1.92,0
3050,11.3,4.3,0.213,1.099,-0.808,0
3051,11.12,64.42,2.203,0.827,1.034,0
3052,7.96,50.54,0.537,0.542,2.09,0
3053,19.54,35.89,-1.386,1.339,0.24,0
3054,11.4,75.51,0.756,1.66,0.432,0
3055,22.24,140.18,1.253,-1.114,1.578,0
3056,22.16,73.14,-0.821,0.659,0.544,0
3057,21.82,28.36,1.847,0.289,1.247,0
3058,17.0,84.78,0.881,-0.486,0.512,0
3059,4.58,13.33,-1.702,0.13,-0.13,0
3060,5.59,42.93,-0.465,2.31,-0.382,0
3061,14.74,26.75,-1.364,-1.763,1.317,0
3062,12.42,16.37,-0.144,0.613,2.128,0
3063,6.63,98.8,-1.666,-0.765,2.148,0
3064,14.88,17.05,0.939,0.409,1.62,0
3065,11.52,18.94,1.377,-0.41,-1.276,0
3066,12.91,7.88,0.494,1.055,-0.651,0
3067,10.49,48.13,0.16,-1.64,-1.278,0
3068,14.83,10.48,-1.554,1.522,0.988,0
3069,13.66,146.88,1.814,-0.851,0.715,0
3070,18.06,64.73,-1.623,-0.328,-3.292,0
3071,3.99,12.06,-0.707,0.309,1.62,0
3072,16.88,98.93,1.136,-1.197,1.148,0
3073,14.25,17.01,1.546,-0.153,2.3,0
3074,4.89,31.15,-0.101,-0.042,0.111,0
3075,9.58,16.2,0.878,1.459,-0.251,0
3076,17.74,8.55,-1.705,1.218,-0.77,0
3077,4.55,148.81,-1.978,2.343,0.994,0
3078,17.14,8.53,0.399,0.089,-0.835,0
3079,20.51,39.13,-1.096,-0.194,2.158,0
3080,15.02,27.37,0.284,1.078,-1.289,0
3081,10.98,65.81,0.639,-0.259,0.764,0
3082,20.07,45.87,1.631,-0.552,-1.215,0
3083,21.08,68.33,0.46,-1.155,1.283,0
3084,17.54,20.86,3.149,0.243,-0.68,0
3085,3.61,104.29,1.952,1.162,0.952,0
3086,20.83,42.48,-1.004,1.59,1.221,0
3087,19.34,64.64,-0.315,1.453,-2.472,0
3088,13.58,44.83,0.796,-1.538,-0.907,0
3089,17.3,15.46,-0.139,-1.684,0.818,0
3090,10.96,315.64,-1.003,-1.711,0.312,0
3091,5.34,11.33,-0.825,0.95,-0.878,0
3092,10.24,35.58,1.911,-1.829,2.981,0
3093,13.45,23.55,-2.263,-1.501,0.678,0
3094,2.72,71.35,-0.377,2.195,-0.705,0
3095,17.16,57.3,-1.274,1.073,3.099,0
3096,17.25,222.78,0.981,0.496,0.6,0
3097,13.11,309.9,-1.457,-0.196,-1.58,0
3098,13.87,27.81,3.331,-0.082,-1.956,0
3099,23.64,91.47,-0.772,-0.188,0.851,0
3100,10.92,23.26,-0.957,-1.105,-2.277,0
3101,16.82,66.07,-1.412,0.99,-1.325,0
3102,14.31,1033.49,0.488,-0.938,-1.972,0
3103,13.68,153.11,-0.432,1.145,0.768,0
3104,17.33,42.73,0.512,-0.628,0.193,0
3105,1.58,154.15,1.114,0.641,-2.228,0
3106,12.86,17.1,0.102,0.299,-1.581,0
3107,10.86,21.19,0.136,1.416,0.371,0
3108,4.22,7.07,-0.154,-1.773,2.639,0
3109,6.44,43.45,0.76,1.664,-1.22,0
3110,3.88,84.51,0.907,-1.375,-0.106,0
3111,19.75,5.73,-3.152,-3.58,-1.948,0
3112,5.92,287.13,3.455,0.339,-0.315,0
3113,9.04,45.2,0.106,-0.902,2.077,0
3114,4.85,87.24,1.535,2.263,-1.088,0
3115,21.89,62.85,-1.824,1.006,0.472,0
3116,23.96,3.47,0.668,-0.167,0.851,0
3117,3.15,10.2,0.505,0.096,-0.056,0
3118,21.0,8.15,1.402,-0.239,0.883,0
3119,16.47,140.9,-0.123,2.719,3.018,0
3120,9.83,22.41,1.187,-2.278,0.534,0
3121,12.64,97.86,-0.377,1.34,0.41,0
3122,7.49,50.76,1.169,-1.199,-3.041,0
3123,19.56,26.07,0.643,1.408,0.26,0
3124,10.47,12.21,-2.3,0.807,-1.519,0
3125,1.06,27.82,0.995,-0.644,-3.108,0
3126,15.19,309.94,0.119,0.74,1.423,0
3127,7.29,48.75,-0.718,0.169,0.54,0
3128,14.6,24.66,0.862,-1.088,-2.121,0
3129,22.58,58.35,0.904,-0.076,-0.404,0
3130,4.47,209.17,1.853,-1.432,1.625,0
3131,14.69,127.79,0.772,2.766,-0.504,0
3132,8.1,103.37,0.79,1.726,-1.134,0
3133,9.63,22.92,-0.945,-0.154,0.343,0
3134,13.93,8.76,-0.876,-0.644,-1.404,0
3135,18.49,77.74,0.621,-1.757,1.675,0
3136,5.7,36.09,0.499,0.476,-1.621,0
3137,16.47,4.89,-2.107,-0.028,-2.473,0
3138,17.33,212.63,-2.31,-0.268,0.807,0
3139,8.85,63.48,-0.045,-1.012,-1.242,0
3140,15.53,172.51,-1.178,0.375,-1.81,0
3141,15.07,19.61,-1.108,-1.121,0.834,0
3142,8.25,21.26,1.217,0.85,2.826,0
3143,12.67,65.86,0.358,0.07,-1.288,0
3144,13.05,52.83,0.508,-2.111,2.04,0
3145,14.99,54.38,-2.765,1.222,-0.326,0
3146,14.79,5.11,-1.322,-0.395,-0.428,0
3147,7.17,14.91,-2.346,0.021,0.759,0
3148,5.79,51.58,0.208,0.247,-1.931,0
3149,9.97,30.3,0.739,-0.081,0.202,0
3150,13.08,3.93,2.28,0.615,-1.932,0
3151,4.18,36.02,0.902,-2.52,-0.785,0
3152,12.09,7.73,-1.456,-0.64,-0.488,0
3153,7.29,42.01,-0.667,-1.033,1.474,0
3154,10.36,101.84,1.23,-1.469,-1.63,0
3155,7.18,29.81,-0.146,0.411,1.046,0
3156,13.28,130.25,-0.849,-2.462,0.75,0
3157,15.93,105.18,-0.698,0.074,0.612,0
3158,14.35,22.26,1.964,0.549,0.428,0
3159,6.32,88.7,0.384,0.504,-0.063,0
3160,14.25,21.75,0.211,0.012,0.119,0
3161,16.11,7.92,-2.035,0.89,1.861,0
3162,8.29,10.65,1.362,1.211,0.219,0
3163,13.3,88.99,1.91,2.05,-0.975,0
3164,11.61,26.63,-0.251,0.97,-1.948,0
3165,19.72,100.72,1.111,1.318,2.018,0
3166,7.15,142.94,1.665,0.586,1.89,0
3167,14.3,24.01,-0.791,2.891,-0.659,0
3168,19.85,11.5,2.967,-1.402,0.055,0
3169,15.39,35.31,1.752,1.411,1.262,0
3170,15.72,19.16,-0.381,-0.311,-0.768,0
3171,16.01,17.57,0.057,0.292,-0.405,0
3172,19.45,41.6,-1.881,0.638,1.221,0
3173,9.15,25.13,0.637,1.009,0.531,0
3174,8.86,21.09,-3.042,-0.984,1.293,0
3175,3.81,125.94,2.196,-2.711,-0.3,0
3176,13.58,35.49,-0.382,1.419,-1.759,0
3177,4.27,239.38,-0.881,-0.43,-1.616,0
3178,10.53,70.55,-1.175,0.659,-2.002,0
3179,17.27,48.99,0.128,-1.964,0.842,0
3180,9.63,9.67,1.287,-1.715,-1.073,0
3181,9.52,43.5,1.826,1.771,0.948,0
3182,20.12,20.85,0.035,-0.897,0.929,0
3183,11.58,46.36,-0.6,0.239,1.533,0
3184,15.73,188.24,1.203,-1.007,1.075,0
3185,14.53,16.18,-0.296,2.531,-1.075,0
3186,7.96,18.34,2.469,1.596,0.243,0
3187,16.04,74.94,0.51,0.871,-1.18,0
3188,5.91,31.04,0.025,-0.057,0.644,0
3189,23.5,37.09,0.667,0.137,-0.705,0
3190,13.53,18.34,2.457,-0.35,-0.473,0
3191,23.68,39.06,0.62,-2.458,-0.554,0
3192,3.11,88.82,0.206,1.084,0.76,0
3193,22.59,73.73,1.164,1.055,0.035,0
3194,17.02,85.32,0.488,1.255,0.269,0
3195,17.46,84.26,-0.176,-1.824,1.004,0
3196,2.79,32.42,-0.105,-0.254,-1.469,0
3197,9.55,23.64,-0.336,0.03,1.371,0
3198,14.46,40.51,0.532,1.025,0.136,0
3199,18.05,61.41,0.746,-1.133,3.345,0
3200,3.53,46.18,2.744,0.661,-0.081,0
3201,10.63,55.08,0.855,-1.284,2.938,0
3202,0.46,89.31,1.124,-1.576,1.306,0
3203,16.02,43.41,-1.215,-0.28,-0.183,0
3204,12.58,59.11,0.058,-1.262,0.927,0
3205,12.29,28.91,-0.122,0.166,0.421,0
3206,9.97,89.25,-0.64,0.496,-2.525,0
3207,0.47,29.16,1.205,-2.009,-0.482,0
3208,15.56,290.88,-1.025,-0.219,-0.689,0
3209,8.35,19.93,0.336,-0.701,1.807,0
3210,11.02,65.72,-1.04,1.079,0.67,0
3211,11.73,190.9,0.657,-1.274,-1.531,0
3212,15.78,11.72,0.243,-1.863,-0.597,0
3213,9.46,11.14,0.032,0.147,-1.485,0
3214,6.06,66.11,1.335,-0.312,-1.022,0
3215,14.44,79.41,0.369,0.634,-1.436,0
3216,13.9,7.22,0.61,-1.362,1.393,0
3217,19.28,23.88,1.155,0.15,-0.828,0
3218,14.58,5.86,0.671,3.359,3.708,0
3219,11.39,5.3,0.071,2.111,-0.443,0
3220,4.09,11.3,-0.356,-1.936,0.555,0
3221,12.55,22.79,-0.937,0.75,1.364,0
3222,7.54,20.3,0.737,1.95,0.253,0
3223,9.02,99.44,2.672,-1.254,-0.019,0
3224,6.63,173.42,1.338,-0.205,-0.578,0
3225,11.53,2.35,0.419,-2.411,0.365,0
3226,17.51,27.31,-2.0,-0.219,0.455,0
3227,5.02,428.27,-2.308,1.68,0.445,0
3228,8.19,16.53,-0.768,1.253,-2.255,0
3229,5.46,29.21,-1.816,0.017,2.336,0
3230,8.22,19.55,1.047,-2.135,1.179,0
3231,18.91,11.07,-0.032,0.408,-1.699,0
3232,19.51,61.05,1.098,0.639,1.286,0
3233,5.21,62.53,0.028,0.634,0.337,0
3234,14.93,9.88,-2.714,-1.181,0.812,0
3235,10.86,25.28,-0.369,0.147,-0.182,0
3236,11.01,39.33,1.312,-1.61,1.899,0
3237,9.07,179.51,-2.185,-1.152,1.554,0
3238,14.5,39.68,0.489,0.352,-0.768,0
3239,10.93,125.43,-0.195,-0.095,-0.272,0
3240,13.15,30.45,0.467,1.385,-0.788,0
3241,16.15,33.12,0.543,1.456,0.877,0
3242,13.07,66.5,-0.947,0.127,0.642,0
3243,10.77,36.1,-0.241,0.512,1.237,0
3244,3.23,52.67,0.691,-0.311,1.487,0
3245,14.47,34.29,0.204,1.551,-1.183,0
3246,3.71,62.76,-1.234,1.547,0.651,0
3247,6.96,107.62,-0.078,-1.199,0.381,0
3248,14.98,111.4,1.721,-1.483,1.567,0
3249,13.63,76.29,-1.68,2.413,-0.417,0
3250,22.16,26.98,1.21,-0.288,-0.284,0
3251,10.92,82.38,2.138,-0.43,1.4,0
3252,11.29,85.25,-0.716,1.729,1.57,0
3253,19.38,109.68,0.508,-0.495,0.209,0
3254,16.39,50.46,0.513,1.494,-0.579,0
3255,17.95,219.73,-0.161,-0.029,0.825,0
3256,7.61,39.32,-2.358,0.298,-0.623,0
3257,22.75,91.62,0.692,0.391,-1.161,0
3258,12.51,29.78,-2.626,-1.6,0.578,0
3259,11.5,53.11,-1.038,1.651,-1.729,0
3260,13.74,39.32,-1.536,-0.694,-1.043,0
3261,5.41,32.32,0.549,0.399,-0.456,0
3262,20.51,94.04,-0.473,1.321,0.392,0
3263,11.59,13.66,2.411,1.09,0.772,0
3264,5.6,25.37,0.321,-0.443,-1.865,0
3265,19.23,4.99,-0.607,0.05,-2.582,0
3266,16.39,48.77,-0.698,1.208,-1.187,0
3267,3.02,80.96,0.262,-1.699,0.008,0
3268,4.91,197.77,0.007,0.188,0.953,0
3269,20.2,128.39,-0.921,-4.121,2.521,0
3270,13.79,24.92,-2.386,-0.263,-2.397,0
3271,21.51,44.74,-2.189,-0.476,3.215,0
3272,15.08,57.28,-1.144,-0.573,-0.121,0
3273,12.75,27.57,-0.712,0.347,0.398,0
3274,17.85,58.93,0.254,1.029,-1.896,0
3275,11.72,32.77,-0.155,-1.652,0.464,0
3276,21.69,25.23,0.711,-0.336,-2.053,0
3277,17.48,279.81,0.261,0.223,3.12,0
3278,8.17,60.13,-2.779,0.251,-0.566,0
3279,0.73,52.43,-1.264,-0.107,-0.337,0
3280,7.25,36.29,0.766,-0.612,0.818,0
3281,12.62,6.47,-1.992,-0.304,0.699,0
3282,12.87,85.46,-1.536,-1.971,-0.831,0
3283,15.62,19.15,-0.235,1.103,0.068,0
3284,10.71,37.66,-0.636,-0.031,1.362,0
3285,1.87,253.96,0.075,-0.671,-0.739,0
3286,17.76,19.72,2.414,-1.594,-1.376,0
3287,7.64,37.67,-3.749,0.693,2.835,0
3288,11.62,7.98,1.057,0.148,-0.231,0
3289,22.68,21.51,1.56,1.593,-0.651,0
3290,14.68,56.96,-0.404,0.331,-2.728,0
3291,17.42,95.38,2.376,0.572,-1.004,0
3292,7.88,80.11,-0.726,-0.154,0.491,0
3293,10.7,45.16,-3.474,-0.148,-0.918,0
3294,11.35,33.88,-2.474,2.678,1.65,0
3295,9.3,19.81,-2.662,-2.174,0.003,0
3296,15.37,34.37,-0.157,-0.732,-0.452,0
3297,4.06,129.61,0.43,-0.044,-0.406,0
3298,11.43,37.31,1.539,-0.24,0.219,0
3299,17.82,295.01,0.536,-0.303,-0.132,0
3300,14.09,16.85,-1.669,-0.776,0.847,0
3301,4.73,21.59,1.494,0.582,-0.13,0
3302,21.0,39.7,0.651,-0.326,2.498,0
3303,7.47,110.1,0.503,2.043,0.332,0
3304,15.89,167.0,1.822,-0.686,1.932,0
3305,7.23,13.38,-1.253,1.913,0.631,0
3306,13.91,30.15,-1.951,-0.242,-0.066,0
3307,12.85,76.03,1.691,0.652,3.8,0
3308,11.14,82.13,1.242,0.471,1.653,0
3309,15.07,478.81,-1.413,0.19,0.848,0
3310,7.83,30.42,-1.553,0.679,-0.102,0
3311,7.61,53.59,0.969,-1.982,-0.052,0
3312,23.42,86.09,3.011,1.032,-4.445,0
3313,11.51,74.95,-1.724,-0.505,-3.262,0
3314,18.77,32.02,-0.628,-1.634,-0.02,0
3315,13.36,39.18,0.591,-1.253,0.868,0
3316,18.75,26.93,-0.553,-2.51,0.647,0
3317,10.12,38.26,-2.302,-0.774,-0.989,0
3318,14.63,2.41,-0.861,2.273,1.696,0
3319,13.69,44.3,1.169,-1.434,-1.529,0
3320,9.81,223.19,2.362,-2.314,2.876,0
3321,21.88,30.81,-1.05,-0.214,-0.871,0
3322,5.68,156.24,-2.792,1.003,-1.963,0
3323,10.32,17.12,0.8,-0.199,-1.257,0
3324,5.99,76.27,0.494,0.059,0.242,0
3325,16.92,28.08,-1.336,-0.478,0.137,0
3326,6.0,32.82,0.595,-0.354,1.224,0
3327,12.43,27.21,-1.912,1.309,-1.325,0
3328,12.95,15.6,-0.198,-0.184,-1.82,0
3329,17.21,337.19,-0.785,-1.436,-0.327,0
3330,11.69,12.36,1.301,0.656,0.781,0
3331,6.08,414.76,-0.112,0.75,-0.031,0
3332,10.17,77.72,-1.224,-0.763,1.606,0
3333,11.36,10.74,-0.545,0.773,0.096,0
3334,16.07,22.95,-0.642,-1.33,-0.148,0
3335,19.27,87.98,-0.68,1.344,-0.819,0
3336,17.02,38.78,2.669,1.504,-2.418,0
3337,9.79,99.37,-1.161,-1.28,1.162,0
3338,10.94,95.68,-0.632,0.349,-2.352,0
3339,18.04,75.51,-1.096,-1.346,0.064,0
3340,17.66,5.09,0.253,-0.02,0.306,0
3341,15.46,84.05,-2.235,0.28,-3.463,0
3342,4.87,37.33,1.225,-0.021,0.019,0
3343,16.71,246.04,-0.923,-0.171,0.264,0
3344,11.38,21.67,0.499,1.673,-2.226,0
3345,12.04,15.03,-0.049,0.658,1.831,0
3346,13.2,116.74,1.481,0.257,-0.557,0
3347,18.38,73.7,0.115,0.553,-1.456,0
3348,6.14,10.71,2.166,-0.712,0.997,0
3349,10.34,40.35,0.2,0.426,0.985,0
3350,10.23,11.19,-0.166,0.235,-1.723,0
3351,9.0,211.83,0.861,-0.522,1.087,0
3352,8.74,128.58,0.424,-0.942,0.552,0
3353,15.46,19.17,-0.007,-0.66,-1.226,0
3354,17.54,5.31,-0.01,0.156,-0.649,0
3355,10.28,35.77,1.445,0.67,-2.402,0
3356,19.05,87.42,2.063,-1.476,-0.972,0
3357,13.64,25.93,-1.792,1.94,0.655,0
3358,23.52,13.16,0.942,-0.534,-2.189,0
3359,20.46,147.03,0.788,-0.132,-1.13,0
3360,23.1,50.58,-0.454,-0.563,1.868,0
3361,21.65,34.41,3.434,-0.189,0.484,0
3362,11.56,43.7,1.406,0.851,1.537,0
3363,20.86,133.51,0.869,-0.768,-2.845,0
3364,10.34,15.82,0.166,0.44,0.983,0
3365,23.23,7.8,0.806,-0.479,-0.843,0
3366,14.14,16.66,-0.56,-0.794,-1.032,0
3367,4.23,14.86,2.214,-0.118,0.346,0
3368,13.27,9.84,-1.526,-1.265,0.972,0
3369,9.33,8.15,0.109,0.285,-0.172,0
3370,10.79,48.05,-0.597,0.547,0.649,0
3371,15.53,31.03,-0.488,-1.562,-1.414,0
3372,4.85,6.54,-0.492,-0.825,-0.244,0
3373,17.37,8.74,-1.259,-0.661,-0.511,0
3374,20.35,106.21,1.089,-1.125,1.179,0
3375,21.8,16.17,2.098,0.817,0.462,0
3376,14.61,65.04,0.982,-1.565,0.224,0
3377,22.27,75.74,-2.317,-1.767,2.663,0
3378,21.1,43.26,-1.629,1.464,2.207,0
3379,17.9,16.44,2.376,-1.624,0.534,0
3380,13.53,54.13,1.228,-0.457,-2.043,0
3381,18.92,116.89,1.437,0.612,1.935,0
3382,18.97,42.27,1.436,0.088,-3.936,0
3383,7.61,40.15,1.046,0.827,-0.668,0
3384,8.44,176.29,1.405,-0.355,0.813,0
3385,10.75,175.98,1.162,-0.052,-0.87,0
3386,7.63,32.06,0.567,0.637,-0.774,0
3387,10.86,60.06,-1.749,-0.475,1.346,0
3388,19.0,66.91,-0.632,0.186,0.13,0
3389,10.33,31.37,0.89,0.625,0.551,0
3390,16.04,125.78,1.417,-1.042,-0.616,0
3391,20.46,26.12,-1.398,0.978,1.724,0
3392,5.25,37.63,-0.662,-0.861,-0.021,0
3393,11.04,266.86,1.198,-0.033,-0.242,0
3394,8.06,44.13,0.635,1.009,-0.647,0
3395,11.07,16.44,1.93,1.746,-0.985,0
3396,13.85,8.13,-1.721,-1.129,-0.702,0
3397,10.67,16.92,-1.7,-0.808,-0.414,0
3398,21.07,16.79,-1.061,-1.886,-0.281,0
3399,12.68,20.4,1.737,0.098,0.009,0
3400,11.62,221.26,0.258,0.797,0.149,0
3401,11.85,22.01,-0.337,0.163,1.831,0
3402,23.47,52.03,-0.573,0.611,-1.625,0
3403,8.7,5.55,1.597,1.427,-0.749,0
3404,12.66,38.16,0.333,-1.117,1.771,0
3405,5.65,118.7,2.6,-2.043,2.032,0
3406,18.77,105.68,-1.495,0.232,0.446,0
3407,15.65,62.67,1.934,0.105,1.549,0
3408,16.72,30.95,-1.1,0.282,1.233,0
3409,22.95,107.6,1.574,-1.469,-1.147,0
3410,22.06,7.95,-0.22,0.758,-1.319,0
3411,10.94,60.69,0.281,1.013,0.203,0
3412,15.75,496.3,0.766,-1.696,-0.21,0
3413,13.78,162.87,-0.493,0.332,-0.536,0
3414,22.04,14.66,0.218,0.537,-0.475,0
3415,12.78,34.69,0.266,1.114,0.068,0
3416,13.82,29.15,0.481,-0.202,-3.433,0
3417,15.12,139.87,0.818,-1.008,-0.308,0
3418,15.9,61.07,-0.309,1.027,-1.06,0
3419,22.27,42.81,1.174,-0.404,2.54,0
3420,15.49,24.61,0.842,0.672,-0.921,0
3421,20.64,66.28,-0.606,0.119,0.038,0
3422,13.49,208.8,-2.024,1.097,-0.164,0
3423,14.57,53.92,-0.311,1.763,0.044,0
3424,6.48,129.01,0.998,0.001,2.292,0
3425,17.27,21.95,-0.177,-0.857,0.45,0
3426,18.41,97.74,0.274,-0.489,1.357,0
3427,21.22,104.99,-0.493,1.935,-1.301,0
3428,5.87,48.89,-0.923,-0.873,-2.628,0
3429,8.49,14.89,0.151,2.531,-0.318,0
3430,15.02,11.13,0.843,1.167,-1.856,0
3431,20.96,31.93,-1.177,-2.784,-0.779,0
3432,4.36,28.91,-1.107,0.075,-0.036,0
3433,20.14,75.84,0.965,0.541,0.748,0
3434,17.16,16.44,-2.739,-0.151,-0.061,0
3435,18.41,120.19,0.875,-0.174,0.471,0
3436,9.09,31.61,0.331,0.789,0.617,0
3437,20.11,127.16,-0.004,-2.281,-1.594,0
3438,15.78,140.82,0.07,0.796,-2.578,0
3439,7.71,15.63,2.237,-0.846,2.568,0
3440,16.63,32.44,0.212,-1.287,0.32,0
3441,11.17,133.2,-1.592,1.009,-0.114,0
3442,10.77,17.81,1.89,-3.279,0.614,0
3443,15.15,50.71,1.878,0.386,-2.43,0
3444,1.8,164.59,-0.788,0.927,0.801,0
3445,0.7,505.57,1.512,-1.397,0.526,0
3446,15.61,12.23,-1.434,1.222,0.892,0
3447,14.66,40.1,-0.85,-0.741,1.026,0
3448,18.5,8.63,0.001,0.033,-0.855,0
3449,9.61,107.72,-1.75,0.151,-0.918,0
3450,4.08,20.77,-0.138,1.384,-2.087,0
3451,19.52,70.54,-0.236,-2.014,-3.081,0
3452,12.64,15.65,-1.394,0.045,-0.38,0
3453,2.41,6.31,1.777,0.194,-0.738,0
3454,9.09,79.99,-1.319,1.166,-0.832,0
3455,6.32,24.14,0.668,-0.01,1.256,0
3456,20.7,34.6,-0.322,-2.288,-0.76,0
3457,20.19,72.9,-0.817,-1.76,-0.279,0
3458,16.12,6.34,0.329,-1.382,-1.036,0
3459,20.13,16.16,0.923,0.262,1.218,0
3460,9.13,18.19,1.329,0.788,0.241,0
3461,6.19,5.24,1.156,0.12,-0.357,0
3462,15.62,10.36,-2.675,0.347,0.483,0
3463,8.01,31.41,0.759,-0.756,-2.611,0
3464,16.11,9.03,3.004,-0.286,-0.893,0
3465,16.45,8.74,0.065,-0.707,2.821,0
3466,13.23,20.21,-0.514,-0.166,-1.2,0
3467,22.32,56.47,-1.516,0.758,-0.404,0
3468,11.1,207.79,-1.176,2.216,0.362,0
3469,9.5,31.02,0.292,-1.843,0.842,0
3470,13.7,59.18,1.358,-0.996,0.884,0
3471,4.11,33.22,3.252,-1.301,-1.01,0
3472,7.08,71.61,-1.98,-0.825,1.593,0
3473,12.11,28.68,-0.525,0.895,1.447,0
3474,18.91,57.07,0.052,1.373,-2.987,0
3475,16.36,31.16,-2.506,1.592,-0.328,0
3476,15.53,5.77,-1.233,-2.018,-1.409,0
3477,6.08,413.43,-2.749,1.967,2.214,0
3478,9.3,7.47,0.187,0.422,0.205,0
3479,20.87,39.55,0.697,-0.528,-0.724,0
3480,6.07,37.43,-0.535,-0.25,-0.822,0
3481,13.34,178.15,1.336,-0.604,0.052,0
3482,14.23,475.36,-0.745,0.15,-2.254,0
3483,17.97,14.18,1.192,1.255,1.607,0
3484,10.6,19.39,-0.317,-0.488,-1.737,0
3485,19.28,216.4,2.193,-1.451,0.003,0
3486,0.41,77.28,0.034,-0.302,1.002,0
3487,13.84,9.12,1.415,1.383,-0.554,0
3488,16.13,9.34,-0.482,0.261,0.148,0
3489,1.66,6.71,-0.338,-1.309,-0.485,0
3490,4.27,11.44,1.221,1.566,-0.37,0
3491,13.29,18.46,1.543,-0.102,1.741,0
3492,17.49,7.4,0.382,1.769,-0.021,0
3493,10.09,12.01,0.786,-1.277,0.641,0
3494,15.03,6.59,-0.031,-0.873,0.392,0
3495,18.65,32.51,2.096,1.07,-1.166,0
3496,11.15,133.92,1.813,1.497,-1.36,0
3497,15.43,47.04,1.888,0.458,0.532,0
3498,2.96,16.42,1.424,-2.118,-0.484,0
3499,8.9,8.09,-1.139,-0.638,0.419,0
3500,23.08,76.71,2.609,1.846,-0.492,0
3501,18.86,139.65,0.623,1.409,1.682,0
3502,16.4,138.77,2.552,0.117,0.948,0
3503,8.5,62.34,-0.057,-1.431,-1.195,0
3504,17.64,40.14,0.505,0.543,0.528,0
3505,0.55,36.74,-0.407,-0.859,1.819,0
3506,21.5,54.75,-0.471,-0.357,-1.653,0
3507,6.29,663.45,-0.911,-1.256,1.971,1
3508,7.35,151.03,0.874,-2.186,-2.203,0
3509,7.94,15.99,-1.088,-0.279,1.561,0
3510,19.32,40.42,-2.212,1.184,0.586,0
3511,17.75,26.53,-1.272,1.053,1.859,0
3512,9.06,15.09,0.576,0.896,-1.076,0
3513,13.41,47.73,-0.23,0.106,0.278,0
3514,17.88,55.54,-0.56,0.204,0.452,0
3515,12.91,13.23,3.139,-0.571,0.603,0
3516,19.77,164.88,0.456,0.749,-0.525,0
3517,1.23,12.18,-1.712,2.764,-2.0,0
3518,14.67,20.51,-0.537,1.171,3.232,0
3519,7.68,33.26,-0.182,-0.793,-0.365,0
3520,13.14,80.89,-0.056,0.575,0.759,0
3521,13.41,78.81,-1.042,0.143,-1.817,0
3522,20.34,5.97,-1.146,-0.63,-0.412,0
3523,0.1,56.43,2.743,1.618,1.501,0
3524,6.38,114.54,0.348,-0.853,-0.242,0
3525,16.62,67.59,2.579,-1.911,-0.799,0
3526,14.51,74.61,1.51,-0.572,1.388,0
3527,13.78,10.5,1.207,-1.554,1.974,0
3528,4.57,12.26,-0.91,1.13,-0.381,0
3529,17.37,237.16,0.414,0.748,0.9,0
3530,11.44,162.6,-0.508,-0.453,-0.639,0
3531,11.76,12.0,0.359,-1.838,-0.68,0
3532,20.43,16.6,-0.351,-0.31,1.941,0
3533,18.17,25.38,0.185,-0.274,2.118,0
3534,9.02,11.65,0.855,-0.016,0.645,0
3535,13.04,155.21,0.858,2.449,0.292,0
3536,1.55,7.18,-0.457,-0.42,-0.425,0
3537,12.87,236.23,1.44,-0.807,0.381,0
3538,7.78,24.08,-0.737,-0.375,-0.763,0
3539,15.14,71.59,0.924,-0.48,-1.271,0
3540,15.7,56.98,0.248,-0.31,1.183,0
3541,12.34,28.53,-1.958,-1.2,2.193,0
3542,16.93,18.61,1.468,-2.019,3.209,0
3543,16.85,9.3,-0.496,-1.523,0.059,0
3544,13.27,99.44,-0.061,0.715,0.028,0
3545,18.64,71.16,-0.701,1.582,0.562,0
3546,12.85,26.56,-1.905,0.414,-0.194,0
3547,6.57,53.91,2.784,1.415,-0.217,0
3548,20.79,41.16,2.472,-1.394,0.612,0
3549,16.03,43.46,-0.688,1.226,1.5,0
3550,19.67,28.33,0.61,-1.659,0.38,0
3551,0.7,319.65,0.231,-0.508,-1.026,0
3552,18.27,140.03,0.218,-1.802,-2.395,0
3553,8.05,13.92,0.838,-0.574,1.626,0
3554,11.19,156.76,-0.996,0.462,-0.267,0
3555,14.65,57.01,-0.478,-1.481,1.046,0
3556,19.24,141.85,-1.418,0.484,-0.795,0
3557,15.15,60.23,-1.027,1.462,-0.235,0
3558,14.19,735.17,0.445,2.146,-2.016,0
3559,10.66,144.36,-0.997,-0.024,-0.345,0
3560,3.69,106.66,0.184,1.54,-2.478,0
3561,17.33,5.76,0.626,-0.637,2.035,0
3562,15.71,16.25,-0.973,0.438,0.261,0
3563,12.19,15.0,0.559,-0.711,1.081,0
3564,11.08,210.76,0.333,-0.168,-0.361,0
3565,0.06,127.04,-0.935,-1.379,-1.36,0
3566,0.98,37.93,-0.572,-1.198,-0.271,0
3567,12.73,56.27,-0.724,0.511,0.515,0
3568,9.65,41.74,-1.213,1.001,-2.127,0
3569,13.03,9.93,-0.226,0.296,0.566,0
3570,23.41,22.24,1.564,-0.653,1.002,0
3571,19.0,145.01,-0.738,1.137,-0.581,0
3572,22.75,14.34,0.395,1.53,0.071,0
3573,11.6,10.14,1.078,0.323,1.135,0
3574,6.89,176.08,1.625,-0.069,2.84,0
3575,14.65,149.01,-3.35,-0.331,-0.504,0
3576,13.57,48.09,-0.704,0.209,-1.591,0
3577,23.98,39.35,2.429,0.203,-1.351,0
3578,22.03,184.27,-1.088,-0.515,1.056,0
3579,7.29,60.98,1.384,-0.015,0.008,0
3580,19.9,6.86,-2.196,0.665,0.489,0
3581,14.52,59.38,-1.478,0.516,-3.148,0
3582,10.56,132.08,1.081,-1.444,-0.341,0
3583,17.74,119.46,0.64,2.84,-0.411,0
3584,17.54,35.62,-1.686,-0.271,0.61,0
3585,0.15,91.28,-0.799,0.172,0.013,0
3586,13.27,1.92,3.341,-0.37,-0.53,0
3587,14.94,11.49,2.031,-0.084,1.205,0
3588,8.25,47.16,-0.998,-1.337,0.218,0
3589,13.62,30.59,1.339,-1.848,1.059,0
3590,20.26,41.76,-0.762,-0.158,0.262,0
3591,18.59,95.44,-1.953,-0.615,-1.728,0
3592,1.95,22.95,-1.248,2.116,-0.202,0
3593,9.8,38.02,0.422,0.794,1.212,0
3594,11.11,179.9,-2.046,2.157,-1.606,0
3595,13.33,242.65,0.565,-0.922,0.379,0
3596,16.94,15.95,-0.9,-0.02,2.636,0
3597,10.57,290.39,1.047,-0.405,2.312,0
3598,12.23,17.7,-1.497,-0.709,-1.115,0
3599,1.75,77.54,-1.164,0.608,-1.52,0
3600,13.17,32.37,-0.429,1.09,0.086,0
3601,21.1,18.2,0.725,-0.449,-0.487,0
3602,6.73,36.98,-0.1,0.209,2.509,0
3603,14.59,6.53,0.028,-3.236,-1.008,0
3604,8.11,70.64,1.556,0.872,2.33,0
3605,13.16,21.0,-0.532,-1.491,0.21,0
3606,10.08,216.37,1.521,0.555,2.02,0
3607,18.46,13.64,-0.08,-1.06,-2.033,0
3608,18.14,78.47,1.188,-0.689,0.62,0
3609,11.37,305.66,-1.718,-0.108,1.864,0
3610,2.77,43.63,-1.102,-0.075,-0.452,0
3611,7.17,2.57,0.213,-0.165,0.191,0
3612,23.64,121.03,-0.72,-0.969,0.023,0
3613,9.55,23.99,0.404,-0.204,2.772,0
3614,20.5,140.19,1.363,1.203,-1.703,0
3615,17.4,150.57,-0.501,-0.8,-0.074,0
3616,16.47,27.64,-0.813,1.272,1.582,0
3617,7.6,29.03,2.824,-0.747,1.435,0
3618,17.14,39.44,2.311,-0.578,-0.11,0
3619,22.11,27.96,-0.524,1.684,0.422,0
3620,13.16,191.98,-1.113,0.746,-2.238,0
3621,14.1,170.25,1.463,1.045,-0.005,0
3622,0.98,109.99,-1.153,0.748,-1.09,0
3623,5.55,160.09,-1.42,-0.729,-0.088,0
3624,8.44,6.13,0.877,3.427,2.433,0
3625,18.13,172.47,0.61,0.253,-0.558,0
3626,14.28,138.51,-1.017,-1.117,-0.477,0
3627,17.27,29.12,-0.473,1.987,-1.98,0
3628,10.27,47.87,-1.465,1.591,-2.857,0
3629,6.35,127.5,1.249,0.441,3.194,0
3630,14.57,5.13,0.637,-0.789,-2.086,0
3631,8.95,17.97,-1.736,0.605,0.818,0
3632,1.72,39.51,-1.671,-0.057,-0.32,0
3633,21.25,129.23,-0.302,-1.359,-1.482,0
3634,8.17,443.48,0.78,-0.043,2.877,0
3635,15.9,10.45,-2.113,-0.497,0.255,0
3636,17.02,152.74,0.205,1.772,-0.86,0
3637,17.85,10.72,0.031,0.117,0.619,0
3638,12.55,49.56,0.289,0.082,-1.763,0
3639,9.73,13.26,-0.05,1.216,-0.738,0
3640,23.06,8.85,0.072,-0.211,1.73,0
3641,16.68,29.41,1.214,-0.85,-1.638,0
3642,16.42,3.3,1.516,-1.256,-3.65,0
3643,19.79,30.09,-0.323,0.386,-0.806,0
3644,16.99,29.13,0.925,-0.513,-0.628,0
3645,7.49,88.99,1.318,-1.708,0.273,0
3646,13.47,64.52,0.546,-1.142,1.082,0
3647,15.38,13.47,-0.531,-0.334,-0.155,0
3648,16.98,392.77,-1.262,1.049,-0.307,0
3649,10.2,18.62,-0.361,0.743,-1.432,0
3650,15.91,25.09,-0.072,1.03,1.227,0
3651,15.35,48.2,-0.229,1.19,-0.575,0
3652,0.96,42.1,-1.298,0.47,-1.331,0
3653,18.68,51.87,-1.725,-0.237,-0.436,0
3654,19.01,9.94,-0.675,-0.954,0.001,0
3655,22.19,259.09,0.764,1.282,-0.403,0
3656,15.49,97.07,1.663,1.647,-1.7,0
3657,13.54,25.52,1.309,-1.375,0.276,0
3658,0.2,7.71,0.846,-1.087,1.406,0
3659,20.74,45.6,1.096,-0.25,0.687,0
3660,19.39,45.26,-1.17,-0.899,0.104,0
3661,20.55,39.42,0.314,-1.44,-1.313,0
3662,8.82,969.41,0.681,-0.365,-1.572,0
3663,5.46,16.9,0.948,0.972,-1.678,0
3664,14.67,16.26,-0.933,-0.881,1.63,0
3665,14.21,48.59,-0.522,0.866,-1.162,0
3666,21.45,91.41,1.591,0.569,0.229,0
3667,7.19,27.38,-0.235,-0.065,-1.422,0
3668,11.64,157.03,0.119,-2.67,1.047,0
3669,11.6,20.91,0.467,-0.737,3.286,0
3670,15.84,20.19,2.095,-0.697,-2.633,0
3671,13.05,13.76,0.19,-1.722,3.881,0
3672,14.93,517.64,1.43,-0.262,2.439,0
3673,13.09,79.83,3.453,0.919,0.223,0
3674,9.13,11.99,-0.278,-0.236,0.469,0
3675,12.58,38.29,1.614,-1.434,-1.834,0
3676,12.82,21.02,0.483,0.164,-3.162,0
3677,8.25,21.22,-0.993,-0.393,0.129,0
3678,9.66,253.45,-0.225,-0.125,0.767,0
3679,5.07,532.97,0.113,-0.379,-0.98,0
3680,20.82,103.46,-1.68,-1.034,2.316,0
3681,18.34,30.97,0.199,0.48,-0.059,0
3682,12.32,160.33,0.752,1.173,1.309,0
3683,18.27,4.55,-1.056,0.905,0.876,0
3684,9.16,30.1,0.215,0.541,-0.463,0
3685,21.14,33.9,1.115,-0.264,0.1,0
3686,19.02,9.6,-1.84,2.41,1.709,0
3687,18.43,23.3,-0.742,0.941,2.48,0
3688,16.91,160.5,0.162,-0.265,0.538,0
3689,17.83,28.22,-1.244,-0.942,-0.009,0
3690,8.63,64.25,-1.825,0.966,3.646,0
3691,7.41,919.12,-0.945,0.471,1.502,0
3692,4.31,19.54,0.491,-0.254,0.057,0
3693,9.59,17.83,-0.175,-0.374,0.533,0
3694,14.29,11.3,0.046,-0.818,-1.492,0
3695,16.56,65.45,-1.443,-0.334,-2.602,0
3696,23.58,20.97,0.897,0.867,-2.414,0
3697,16.31,8.87,-0.0,-0.274,-1.445,0
3698,19.84,72.84,0.155,0.292,0.087,0
3699,18.63,271.35,0.901,0.414,0.577,0
3700,10.1,31.31,1.301,-1.159,0.606,0
3701,16.91,17.62,0.653,1.648,1.388,0
3702,7.12,12.93,0.84,0.814,-0.049,0
3703,17.25,53.44,-2.225,-0.329,-3.158,0
3704,12.8,164.35,2.403,0.717,-2.858,0
3705,1.74,63.86,1.637,0.267,0.972,0
3706,17.93,74.43,1.289,-0.22,1.218,0
3707,8.34,19.3,1.617,1.58,0.093,0
3708,12.41,21.72,-0.058,-0.358,-1.499,0
3709,15.97,176.05,-0.167,-0.62,0.888,0
3710,12.53,98.16,-1.145,0.804,-1.275,0
3711,9.65,11.26,-1.372,-1.01,1.599,0
3712,12.89,24.35,-0.178,0.768,0.405,0
3713,12.63,41.96,1.513,-0.358,1.293,0
3714,16.03,46.53,0.572,-0.975,-0.305,0
3715,7.55,10.86,-1.192,-0.35,-2.48,0
3716,7.3,88.5,-0.184,0.977,-0.785,0
3717,19.17,200.21,0.893,-0.113,3.058,0
3718,18.44,7.41,-1.333,1.061,-0.138,0
3719,1.96,36.97,0.115,0.757,-0.423,0
3720,19.55,6.12,1.699,-2.418,1.186,0
3721,12.59,33.36,2.193,0.669,0.362,0
3722,7.89,320.0,-0.413,-2.365,1.462,0
3723,10.5,11.13,0.286,-0.043,-1.959,0
3724,8.13,45.81,0.567,-0.863,-2.455,0
3725,15.48,104.49,-0.92,2.18,1.26,0
3726,21.98,108.0,-0.027,0.333,-1.194,0
3727,21.91,60.67,0.707,0.94,0.077,0
3728,12.42,6.52,-1.651,-1.813,-0.774,0
3729,18.91,41.33,-0.987,0.175,0.763,0
3730,18.58,45.17,-3.06,-0.34,1.841,0
3731,8.21,14.61,-0.342,2.057,-0.509,0
3732,9.11,9.16,1.058,-1.764,-0.792,0
3733,16.89,30.88,-1.248,-1.69,-2.633,0
3734,12.2,76.72,-1.424,2.221,1.842,0
3735,13.36,14.39,-0.983,2.847,-1.454,0
3736,21.02,50.44,-1.998,0.82,3.263,0
3737,12.15,89.96,0.602,1.823,-2.453,0
3738,23.33,35.31,-1.091,-0.211,-0.901,0
3739,16.8,132.85,-0.209,-0.919,-1.373,0
3740,22.43,23.85,0.604,-0.189,-0.57,0
3741,18.89,275.39,0.235,-1.039,-1.367,0
3742,8.47,33.97,2.128,-1.032,-2.024,0
3743,17.6,151.46,-0.274,0.487,1.75,0
3744,12.63,19.97,-3.346,0.592,-0.915,0
3745,18.49,5.19,-2.206,-0.136,1.311,0
3746,14.99,32.1,0.527,0.194,-0.78,0
3747,22.95,80.23,-1.663,0.388,-0.027,0
3748,16.01,41.34,-1.255,0.328,-0.625,0
3749,3.89,33.41,-1.905,0.178,-0.355,0
3750,8.28,10.12,1.413,1.933,0.745,0
3751,11.42,25.82,0.274,-1.239,0.196,0
3752,7.55,35.17,0.885,0.793,-0.689,0
3753,13.52,148.21,1.492,-2.461,1.066,0
3754,23.77,325.04,0.886,-0.021,0.34,0
3755,13.77,15.61,-2.398,1.947,0.653,0
3756,15.57,37.01,2.382,-1.358,0.769,0
3757,3.47,13.53,1.658,-0.253,-1.033,0
3758,16.74,132.66,-1.417,0.423,1.168,0
3759,15.38,90.65,0.604,-0.439,0.341,0
3760,12.08,182.4,-0.51,0.387,-0.378,0
3761,14.49,151.77,-1.196,-0.822,1.22,0
3762,8.0,1052.57,2.59,-0.553,-1.72,0
3763,5.56,37.0,0.484,2.113,0.278,0
3764,13.1,3.82,-0.492,0.052,0.777,0
3765,20.41,22.26,-0.468,0.606,-0.334,0
3766,2.55,60.0,1.892,-1.715,-0.355,1
3767,5.74,13.13,-1.25,0.064,-2.409,0
3768,13.47,110.86,1.244,-0.408,-0.712,0
3769,19.17,85.53,1.172,1.074,-0.41,0
3770,16.5,28.12,0.416,-2.107,-1.616,0
3771,21.96,44.92,1.752,0.299,0.111,0
3772,16.68,18.57,-1.292,-0.602,0.061,0
3773,11.25,44.4,0.019,-2.251,0.37,0
3774,0.22,110.28,0.45,1.85,-0.725,0
3775,9.52,19.63,-0.851,1.126,-0.079,0
3776,18.06,293.0,-0.815,0.99,0.126,0
3777,19.62,57.04,-0.111,-2.725,-3.738,0
3778,9.87,24.21,0.016,-0.328,-1.589,0
3779,9.99,96.85,-0.364,2.958,1.977,0
3780,5.63,18.08,0.625,-0.482,0.831,0
3781,20.97,16.21,0.978,1.291,-0.926,0
3782,14.39,106.82,-0.966,1.395,-0.783,0
3783,2.28,27.87,-1.023,1.654,1.089,0
3784,9.77,87.1,0.07,-1.938,-1.158,0
3785,2.91,95.3,0.132,0.335,0.514,0
3786,13.21,84.12,-0.962,0.158,0.267,0
3787,7.33,96.2,1.803,1.8,-0.854,0
3788,10.65,47.74,0.133,0.656,1.714,0
3789,19.98,161.09,1.135,-1.259,0.924,0
3790,16.85,190.37,0.753,-2.334,1.673,0
3791,16.41,38.94,0.453,0.999,1.958,0
3792,6.41,52.53,-0.629,-0.668,1.218,0
3793,21.46,92.12,-0.576,2.115,-1.38,0
3794,19.22,14.21,-0.336,1.493,-1.633,0
3795,8.97,101.27,-0.406,2.932,0.099,0
3796,18.23,10.55,-1.255,0.886,1.433,0
3797,10.95,16.81,-0.057,1.012,-0.097,0
3798,16.72,336.58,1.355,-0.965,0.237,0
3799,9.84,5.12,0.554,-0.492,2.409,0
3800,11.33,10.87,0.173,0.297,-0.066,0
3801,11.78,21.94,0.592,0.169,0.488,0
3802,7.96,719.95,1.041,-2.315,1.239,1
3803,16.32,59.53,0.381,0.438,-0.771,0
3804,12.67,10.21,0.657,-1.223,1.787,0
3805,18.51,11.1,0.221,0.726,-2.261,0
3806,21.52,31.1,-0.185,1.338,1.105,0
3807,19.3,15.53,0.428,-0.131,0.266,0
3808,10.23,24.3,0.246,-1.526,-1.743,0
3809,4.85,58.32,-0.901,0.147,0.387,0
3810,14.38,161.31,-0.918,0.31,0.048,0
3811,7.82,13.5,0.066,-0.896,0.16,0
3812,2.41,288.81,-0.166,-1.085,0.178,0
3813,11.6,26.89,-1.046,1.678,-2.567,0
3814,10.22,24.93,1.183,1.781,0.014,0
3815,11.37,17.47,-1.582,-0.247,1.475,0
3816,13.93,22.34,-1.464,0.264,1.114,0
3817,20.44,67.18,0.424,-1.141,1.152,0
3818,15.41,106.73,0.765,0.713,-0.682,0
3819,8.95,20.2,-0.64,0.973,-0.383,0
3820,11.41,112.15,-0.023,0.785,-1.007,0
3821,21.27,36.42,-1.593,1.125,0.587,0
3822,17.6,64.58,-1.67,-1.729,-0.832,0
3823,11.9,11.42,1.649,-0.491,0.419,0
3824,10.26,563.69,0.148,-0.875,0.338,0
3825,17.1,99.93,-0.2,-2.771,1.788,0
3826,22.85,26.57,-1.45,0.766,-0.015,0
3827,16.57,198.95,0.308,-1.398,0.683,0
3828,15.79,77.94,1.512,-0.31,-1.699,0
3829,17.18,74.8,0.553,1.077,2.423,0
3830,1.53,118.43,0.938,-0.299,-2.124,0
3831,13.76,44.92,0.407,2.472,-0.414,0
3832,18.05,8.44,-1.75,0.577,-0.195,0
3833,14.2,37.02,-3.353,1.31,0.202,0
3834,13.45,92.87,-0.842,0.107,1.684,0
3835,0.39,84.36,0.031,0.392,0.327,0
3836,17.58,13.58,1.337,1.088,1.337,0
3837,22.75,3.38,0.336,-0.424,0.849,0
3838,16.8,6.39,0.935,-0.129,-2.053,0
3839,4.89,18.09,-1.25,-1.077,-1.657,0
3840,3.82,54.08,-0.764,-1.648,-1.373,0
3841,17.83,15.06,1.199,-0.097,0.524,0
3842,15.94,39.03,-0.009,1.724,2.574,0
3843,17.57,100.19,0.545,-0.742,2.716,0
3844,18.05,35.78,1.017,0.5,0.858,0
3845,20.49,21.06,1.944,0.045,-0.663,0
3846,17.6,35.36,-1.217,0.697,0.337,0
3847,15.26,16.91,-0.834,-1.595,1.962,0
3848,21.8,77.27,1.111,0.089,0.114,0
3849,9.87,14.92,-0.133,0.96,-0.179,0
3850,10.58,1.18,-0.14,0.358,-0.687,0
3851,17.49,118.41,-1.342,-1.899,1.523,0
3852,11.86,100.41,0.965,1.723,-0.852,0
3853,2.78,272.51,0.019,3.109,0.809,0
3854,20.8,7.3,-0.256,-0.534,-0.442,0
3855,10.02,25.19,-0.012,1.535,0.772,0
3856,16.96,113.93,0.247,-0.057,0.27,0
3857,15.24,181.02,1.109,-0.758,0.149,0
3858,8.15,47.88,0.666,-1.0,1.321,0
3859,13.54,39.27,-0.75,-1.855,0.528,0
3860,10.05,60.4,1.43,0.457,0.334,0
3861,15.72,75.19,-1.628,0.019,0.09,0
3862,14.74,18.3,0.998,0.753,1.755,0
3863,20.02,28.73,3.42,0.766,0.621,0
3864,10.78,181.84,0.995,-0.999,1.992,0
3865,11.37,48.4,0.407,1.779,1.492,0
3866,9.41,59.92,0.582,0.872,2.162,0
3867,2.67,72.79,-1.761,1.322,1.541,0
3868,23.4,53.03,1.704,-0.483,-0.6,0
3869,13.11,67.98,1.002,-0.911,-2.325,0
3870,15.54,113.83,2.243,0.714,0.196,0
3871,5.16,66.59,-0.1,-2.001,1.177,0
3872,23.75,34.09,-1.285,0.614,-1.21,0
3873,9.9,17.03,-0.379,0.174,1.023,0
3874,15.76,7.2,-0.424,0.838,0.588,0
3875,21.9,455.68,-0.073,1.329,-0.532,0
3876,7.79,42.24,3.631,-2.307,1.921,1
3877,8.99,14.59,-1.02,-1.826,0.345,0
3878,15.35,2.65,0.804,2.775,0.85,0
3879,2.72,194.11,-0.878,-1.789,2.156,0
3880,12.27,309.99,0.707,0.055,0.183,0
3881,6.33,31.06,0.042,-1.66,1.057,0
3882,4.01,23.26,-1.571,0.538,0.305,0
3883,18.61,10.85,-1.934,-0.608,0.451,0
3884,15.19,38.78,0.108,-1.115,1.247,0
3885,17.69,75.97,0.2,0.926,-0.169,0
3886,7.07,1.76,1.006,0.65,0.934,0
3887,9.93,8.79,-0.908,2.002,-0.367,0
3888,11.25,31.91,0.2,-0.764,-1.562,0
3889,17.9,112.79,0.511,1.872,1.276,0
3890,7.97,35.09,0.106,0.539,2.022,0
3891,18.81,228.76,1.88,0.458,-0.103,0
3892,9.36,235.65,-0.152,-0.943,-0.059,0
3893,16.24,145.05,0.129,-0.421,-0.058,0
3894,12.73,64.75,0.404,-0.824,1.649,0
3895,15.78,146.64,-0.127,-1.798,0.063,0
3896,17.62,30.6,2.061,2.699,0.49,0
3897,15.74,82.51,0.336,0.758,-0.95,0
3898,19.07,5.35,0.498,2.591,-0.361,0
3899,16.05,24.11,0.296,1.335,0.742,0
3900,11.84,41.29,0.45,-1.521,1.891,0
3901,16.61,29.93,-0.892,1.36,-1.263,0
3902,8.45,83.22,1.522,-1.111,-0.355,0
3903,20.35,249.39,1.281,-2.367,-0.263,1
3904,21.57,74.46,-3.029,1.66,-2.05,0
3905,4.32,4.91,-0.006,0.808,-0.896,0
3906,7.17,6.72,-1.3,-0.813,1.05,0
3907,15.74,58.38,-0.331,-0.936,1.849,0
3908,4.79,349.99,-0.8,0.836,0.194,0
3909,3.2,40.86,2.899,1.133,-0.174,0
3910,21.11,43.92,0.805,0.729,2.579,0
3911,17.96,4.76,1.035,0.918,-2.137,0
3912,10.92,37.02,0.889,1.28,2.344,0
3913,11.53,150.89,2.184,1.26,-2.341,0
3914,14.97,62.98,0.874,0.71,-0.673,0
3915,12.07,10.14,1.106,-0.348,-0.159,0
3916,16.72,176.64,-1.108,0.042,0.916,0
3917,10.25,43.69,0.15,-0.177,-0.794,0
3918,17.89,18.35,-2.498,-0.257,-1.421,0
3919,12.78,44.25,-0.616,0.569,2.261,0
3920,21.78,139.93,2.39,-0.323,-0.026,0
3921,10.05,23.06,0.852,-0.089,0.119,0
3922,16.95,128.75,1.015,0.43,0.317,0
3923,12.93,58.11,-0.811,1.747,2.03,0
3924,22.41,287.76,-1.327,0.416,0.19,0
3925,18.63,92.61,-0.661,-2.957,-1.535,0
3926,14.25,22.89,0.483,1.053,2.315,0
3927,13.41,38.71,1.07,-0.052,-1.348,0
3928,0.75,171.0,-0.417,-0.294,-1.452,0
3929,6.48,33.32,0.711,-1.492,2.002,0
3930,6.2,42.48,-1.241,1.948,0.896,0
3931,2.37,24.14,-1.011,1.126,0.948,0
3932,16.93,11.35,0.39,-1.247,-0.734,0
3933,10.42,30.38,-0.539,0.646,-0.524,0
3934,15.84,83.1,-0.607,1.663,-0.564,0
3935,18.22,27.55,-0.643,1.004,-0.046,0
3936,0.85,57.54,2.688,-0.677,-1.495,0
3937,17.83,61.38,1.431,-0.747,-0.108,0
3938,8.08,43.52,0.297,-1.011,1.064,0
3939,20.87,18.65,1.293,-1.047,-1.621,0
3940,12.48,173.61,-1.023,-0.367,1.401,0
3941,16.83,17.84,-2.749,-0.309,-1.124,0
3942,5.92,35.32,-0.125,-1.126,1.364,0
3943,8.6,67.6,-0.321,2.059,0.406,0
3944,11.61,14.08,-0.303,0.114,0.57,0
3945,16.06,112.39,-0.565,1.645,1.542,0
3946,22.59,24.19,-0.078,-0.605,0.229,0
3947,16.6,1.7,-0.903,0.348,-1.219,0
3948,18.73,29.19,-0.001,0.129,2.508,0
3949,12.21,79.32,-0.961,0.962,0.51,0
3950,13.94,105.68,0.301,1.059,-1.097,0
3951,6.93,52.84,1.488,-1.415,0.091,0
3952,12.55,21.74,-0.981,-0.349,4.024,0
3953,13.2,71.49,-1.207,0.553,0.622,0
3954,5.2,147.72,-1.176,-0.029,4.045,0
3955,1.58,24.68,0.464,1.3,0.77,0
3956,15.24,109.13,-1.119,0.65,-0.159,0
3957,0.12,98.74,2.063,0.411,-1.197,0
3958,10.35,103.48,-0.196,0.252,1.563,0
3959,3.76,29.11,0.253,-0.292,0.07,0
3960,10.85,29.15,0.037,0.312,1.41,0
3961,9.11,13.16,-2.715,0.092,-0.406,0
3962,3.38,36.66,2.731,-0.395,1.917,0
3963,16.66,48.78,1.045,0.025,-0.27,0
3964,8.32,54.66,-1.362,-1.143,-2.997,0
3965,15.89,122.94,-1.94,0.065,0.114,0
3966,13.7,27.68,1.657,0.49,1.497,0
3967,22.71,277.31,0.449,0.631,0.907,0
3968,9.19,104.31,-1.23,-1.183,0.448,0
3969,5.9,122.59,4.042,-2.15,3.023,1
3970,9.91,11.35,-1.327,-0.339,0.214,0
3971,7.72,24.39,-0.684,-0.737,-1.376,0
3972,14.87,1.53,-1.111,-0.453,1.374,0
3973,7.35,26.39,0.285,-0.643,0.649,0
3974,11.4,165.05,1.481,-1.386,-1.633,0
3975,21.75,44.1,0.703,0.676,1.389,0
3976,14.42,76.12,1.167,0.005,-0.74,0
3977,19.85,7.85,-0.489,-0.616,0.449,0
3978,4.62,8.97,-1.145,0.571,0.819,0
3979,18.25,553.67,0.157,0.117,0.055,0
3980,14.71,28.9,1.013,2.434,1.047,0
3981,13.33,27.22,-0.909,-1.792,0.492,0
3982,15.4,15.75,2.491,0.584,-0.98,0
3983,16.13,55.6,0.378,-1.722,-1.372,0
3984,18.87,94.05,-2.792,-0.21,0.725,0
3985,7.67,55.7,1.696,0.05,-1.334,0
3986,19.52,34.07,0.182,-0.536,0.885,0
3987,13.86,158.79,-2.077,-0.94,1.75,0
3988,20.21,55.26,-1.283,-2.551,0.061,0
3989,20.78,36.38,2.209,1.5,1.144,0
3990,14.26,772.39,-1.995,-0.669,-0.77,0
3991,19.63,57.45,1.94,0.38,-1.867,0
3992,18.63,7.64,-0.598,-1.925,-0.025,0
3993,2.07,100.05,-0.943,-0.145,-2.613,0
3994,8.87,15.69,-0.152,-0.264,1.324,0
3995,15.59,9.09,0.359,-0.907,0.659,0
3996,12.2,16.25,0.761,0.962,-3.575,0
3997,13.35,12.42,0.974,0.581,0.821,0
3998,8.1,250.15,-1.325,-1.623,1.886,0
3999,22.18,713.72,-0.236,0.875,0.584,0
4000,10.33,20.11,0.43,-3.223,-0.1,0
4001,16.14,24.8,0.135,0.446,1.004,0
4002,5.07,131.96,-0.308,0.552,-1.705,0
4003,16.95,471.13,-1.53,0.439,-0.952,0
4004,11.28,104.49,0.422,0.034,-0.386,0
4005,21.66,24.87,1.062,-1.896,-0.238,0
4006,8.95,14.43,-1.158,-0.555,-2.067,0
4007,3.68,57.49,-0.799,2.037,3.374,0
4008,5.42,57.59,0.343,0.149,2.078,0
4009,14.77,11.36,0.53,0.663,0.834,0
4010,14.51,10.03,-0.972,0.837,-0.127,0
4011,11.08,56.51,2.365,1.603,-0.847,0
4012,17.43,673.25,0.438,-0.804,-1.718,0
4013,11.58,19.32,-0.8,-0.481,0.973,0
4014,7.41,57.89,1.707,0.137,0.654,0
4015,10.08,48.51,-1.682,0.725,1.531,0
4016,13.53,25.0,-1.663,2.493,-1.618,0
4017,7.35,8.69,1.346,-0.545,-0.311,0
4018,15.33,85.72,0.654,-0.227,0.511,0
4019,15.93,30.42,-0.02,-0.232,1.589,0
4020,15.72,79.33,-1.027,1.516,-1.248,0
4021,15.28,144.62,-0.74,-0.117,-2.193,0
4022,15.93,72.75,-1.665,-0.113,1.261,0
4023,18.42,16.67,-1.53,-0.729,2.846,0
4024,11.62,170.02,-0.406,-0.376,-1.349,0
4025,19.92,64.01,-0.773,-1.614,-2.966,0
4026,14.46,50.67,-1.788,1.107,-1.666,0
4027,13.4,46.83,-1.753,-0.236,-1.15,0
4028,17.65,16.87,-0.806,2.069,-0.648,0
4029,13.76,182.1,-0.669,-1.202,0.256,0
4030,14.88,184.21,-0.631,-0.894,3.851,0
4031,10.62,62.66,-0.433,-0.784,-1.054,0
4032,18.12,27.85,-1.859,-1.512,1.831,0
4033,21.04,81.9,-0.211,0.686,-1.285,0
4034,3.08,25.58,-2.035,-0.362,2.792,0
4035,7.66,106.28,0.779,1.133,3.08,0
4036,6.03,52.35,-0.904,-1.117,-1.279,0
4037,14.17,393.66,-2.165,0.163,0.52,0
4038,12.76,33.56,0.56,1.554,0.585,0
4039,8.77,172.06,1.502,-2.547,1.855,1
4040,14.36,69.31,-0.655,-0.76,-2.06,0
4041,9.64,117.3,-2.457,-0.054,-0.661,0
4042,14.86,30.1,0.87,1.017,2.209,0
4043,23.96,21.48,0.703,-0.61,0.134,0
4044,17.19,37.62,-1.96,0.233,0.04,0
4045,18.35,90.5,-0.252,-1.702,-0.769,0
4046,14.2,78.97,-1.718,0.441,0.931,0
4047,21.1,104.69,0.934,2.488,-1.679,0
4048,10.04,106.7,-1.584,-1.659,-1.892,0
4049,7.47,18.11,0.055,0.629,-0.114,0
4050,10.36,44.78,-2.368,0.73,0.61,0
4051,10.14,7.0,-1.572,-1.235,-1.232,0
4052,7.24,11.8,-0.175,-0.087,-0.585,0
4053,2.35,65.28,-0.896,1.051,-0.878,0
4054,8.76,20.35,-0.176,-0.549,1.442,0
4055,23.16,137.96,-2.247,-1.232,-0.682,0
4056,2.21,12.07,-0.621,-0.743,-0.254,0
4057,15.45,125.57,0.992,-0.584,0.439,0
4058,15.67,90.06,-0.398,-0.433,-0.613,0
4059,17.58,14.8,-0.27,0.302,0.029,0
4060,15.51,58.92,0.894,-1.317,-0.092,0
4061,9.27,25.44,-1.384,-1.115,2.134,0
4062,6.02,32.29,-0.755,0.525,0.351,0
4063,4.97,67.15,0.372,0.422,0.112,0
4064,17.37,18.85,-1.46,-0.139,-1.634,0
4065,4.59,194.83,0.311,-1.135,1.744,0
4066,20.32,25.75,0.832,-0.193,-0.161,0
4067,18.39,13.88,2.605,0.126,-0.119,0
4068,19.85,20.32,1.238,-0.903,-0.394,0
4069,1.29,32.46,-1.776,-0.196,0.634,0
4070,10.41,168.65,-0.263,2.016,1.255,0
4071,13.71,21.74,0.178,-1.383,3.141,0
4072,13.53,34.53,-1.501,-0.905,-0.66,0
4073,17.55,10.54,-1.59,0.818,2.152,0
4074,0.34,40.64,-1.449,0.275,-0.781,0
4075,12.55,9.09,-0.339,0.499,2.325,0
4076,12.35,53.95,0.519,-0.408,-0.658,0
4077,14.0,56.49,1.005,0.319,0.94,0
4078,10.86,30.22,-0.342,-0.817,-0.011,0
4079,13.72,97.64,-0.032,-1.529,0.48,0
4080,3.08,72.35,0.945,1.581,2.666,0
4081,11.11,196.78,2.964,-0.099,0.656,0
4082,19.84,8.45,0.778,-1.236,1.992,0
4083,3.48,66.45,-0.125,-1.642,0.332,0
4084,11.52,31.97,3.637,1.866,0.759,0
4085,10.93,171.27,-0.345,-1.243,-1.309,0
4086,4.34,163.19,-0.456,-0.821,-0.93,0
4087,11.46,192.49,-2.16,0.021,3.043,0
4088,16.68,18.46,-0.819,-0.334,2.075,0
4089,1.86,214.81,-2.197,-0.431,-1.66,0
4090,4.18,3.72,1.079,-1.961,0.518,0
4091,4.44,38.88,-0.364,0.223,1.844,0
4092,22.6,21.46,-1.505,0.822,-1.619,0
4093,8.82,38.66,-0.46,-0.733,1.864,0
4094,14.44,30.37,-2.338,0.941,0.567,0
4095,5.31,58.82,2.764,0.738,0.232,0
4096,5.21,460.1,-1.353,0.932,-1.448,0
4097,1.98,35.16,0.469,0.664,-0.333,0
4098,18.56,178.7,-1.661,1.783,0.747,0
4099,17.24,23.49,-0.404,0.103,-0.657,0
4100,21.27,7.22,-2.53,1.018,-1.611,0
4101,19.5,25.39,-0.731,-0.142,-1.344,0
4102,8.83,63.5,1.31,0.039,-1.375,0
4103,18.56,35.7,-0.619,0.903,1.169,0
4104,15.42,548.45,-0.509,-0.418,1.033,0
4105,22.23,4.52,2.951,-2.311,-1.574,0
4106,16.01,13.06,-0.033,-0.427,0.806,0
4107,1.89,113.66,0.701,-0.748,0.287,0
4108,9.12,10.77,3.129,-0.522,-0.766,0
4109,16.6,14.83,-2.427,0.678,-1.569,0
4110,19.23,32.68,-0.591,-0.855,0.826,0
4111,16.79,13.44,-2.71,-0.054,0.952,0
4112,13.45,5.04,-2.09,1.982,-0.767,0
4113,14.83,180.98,0.714,-0.691,2.372,0
4114,14.29,753.7,-1.38,0.148,0.042,0
4115,11.69,275.31,1.075,-1.237,0.512,0
4116,5.48,37.23,-0.849,-1.086,-1.107,0
4117,9.64,98.89,-1.742,-1.476,-1.418,0
4118,14.17,8.79,-0.299,-0.919,-0.934,0
4119,10.41,22.21,1.175,-1.345,-1.262,0
4120,20.99,17.16,-0.776,-0.78,-1.175,0
4121,16.14,167.35,-0.693,-1.704,0.341,0
4122,23.65,7.98,-1.359,-0.145,0.749,0
4123,1.3,52.86,1.806,-0.916,-0.806,0
4124,21.25,28.06,-0.109,0.582,-2.171,0
4125,19.08,40.89,-1.192,0.745,0.089,0
4126,4.37,48.39,-0.9,1.166,-0.02,0
4127,11.97,150.22,0.422,-1.663,-0.62,0
4128,23.46,77.44,1.349,-0.808,-1.065,0
4129,1.87,32.58,3.496,0.622,-0.356,0
4130,14.85,66.86,0.64,-0.753,-1.615,0
4131,21.99,41.68,0.27,-0.095,-1.801,0
4132,6.09,92.96,1.317,-0.248,0.501,0
4133,17.8,55.26,2.131,-0.916,0.279,0
4134,17.74,56.26,-0.864,-0.597,1.82,0
4135,18.43,12.16,-0.6,0.457,0.129,0
4136,16.38,108.29,-0.429,-0.01,-0.267,0
4137,15.53,53.59,0.142,1.168,-2.485,0
4138,5.41,20.43,-0.85,0.347,-1.484,0
4139,6.46,232.19,0.392,2.271,2.497,0
4140,12.11,65.53,-0.166,-1.007,-0.291,0
4141,9.6,38.82,-1.207,0.501,-0.006,0
4142,6.33,7.76,-2.092,1.12,-0.636,0
4143,18.26,80.29,-1.381,0.207,-0.134,0
4144,19.79,56.99,-0.409,0.793,-3.305,0
4145,20.73,5.34,-0.124,-2.05,-1.28,0
4146,7.07,20.5,0.791,-1.235,-0.584,0
4147,10.34,9.85,0.529,1.428,3.911,0
4148,19.31,10.51,-0.384,0.533,-2.198,0
4149,16.02,17.03,-1.385,0.406,1.21,0
4150,16.81,55.12,1.461,-0.556,2.53,0
4151,12.94,19.84,-1.611,1.202,1.72,0
4152,20.85,47.07,1.493,-0.622,1.683,0
4153,12.21,388.23,-1.246,-0.022,-1.309,0
4154,21.66,7.97,-1.374,-0.38,-0.427,0
4155,0.35,8.91,0.616,1.634,-1.381,0
4156,6.05,40.27,-0.385,-1.404,1.619,0
4157,10.2,24.1,-0.232,-0.869,-0.287,0
4158,13.23,24.08,-1.154,0.819,0.962,0
4159,21.04,217.97,0.648,0.921,2.517,0
4160,14.11,89.16,-0.627,-2.121,0.428,0
4161,4.86,23.18,-0.15,0.057,1.621,0
4162,12.27,174.21,1.091,-1.759,-0.947,0
4163,8.81,20.05,-0.751,2.27,-0.251,0
4164,13.16,158.04,-1.68,2.038,3.771,0
4165,2.94,40.09,0.725,0.175,1.105,0
4166,9.74,65.88,0.987,0.67,-0.745,0
4167,18.58,36.9,-2.127,-0.359,2.371,0
4168,16.1,32.6,-1.518,-0.133,-0.038,0
4169,0.54,35.18,0.771,0.236,0.206,0
4170,5.59,24.32,-1.007,1.029,1.635,0
4171,0.83,1091.59,1.979,-2.618,1.105,1
4172,14.94,86.5,-0.982,1.065,-0.35,0
4173,12.4,11.74,0.732,-1.179,0.528,0
4174,15.35,49.15,-0.141,0.964,-0.927,0
4175,15.1,20.82,-1.812,-1.366,0.192,0
4176,18.66,78.72,-1.419,-0.81,0.513,0
4177,7.32,495.12,2.632,0.645,1.119,0
4178,19.82,23.44,0.102,2.021,0.272,0
4179,8.46,158.0,-1.959,0.278,1.678,0
4180,10.0,21.25,0.104,-0.11,-0.746,0
4181,13.48,23.59,1.542,-1.168,-0.684,0
4182,18.5,123.7,1.128,0.376,-0.56,0
4183,8.43,60.44,-0.95,1.427,0.774,0
4184,14.87,34.73,0.39,1.542,-0.153,0
4185,18.65,40.58,-2.679,0.584,1.341,0
4186,4.07,31.98,-2.444,-0.284,0.843,0
4187,11.44,29.71,-2.345,-0.858,2.696,0
4188,11.44,277.46,0.308,1.283,-0.504,0
4189,19.98,7.13,-0.992,-0.727,-0.992,0
4190,22.87,169.88,0.681,1.202,0.132,0
4191,15.95,149.57,1.398,0.373,-1.873,0
4192,9.87,20.84,0.159,-0.117,-0.768,0
4193,13.88,14.2,-0.66,0.45,-3.056,0
4194,0.84,16.24,0.289,0.608,-0.246,0
4195,17.4,180.95,1.451,-1.188,-2.273,0
4196,22.17,38.12,-1.063,-0.65,2.075,0
4197,2.73,45.96,-1.995,-1.613,-1.374,0
4198,12.53,37.49,0.065,1.297,-0.06,0
4199,1.2,48.8,1.287,-1.005,3.22,0
4200,10.18,45.19,1.453,0.22,2.243,0
4201,15.23,9.13,-1.276,0.415,-1.061,0
4202,18.44,21.2,1.325,0.273,-2.362,0
4203,13.42,18.53,0.035,-2.789,-0.141,0
4204,10.99,228.86,0.846,0.608,-2.626,0
4205,21.36,24.42,0.581,-1.174,-2.552,0
4206,5.81,4.2,-1.941,-0.399,-1.8,0
4207,14.8,43.62,-0.364,-0.531,-2.527,0
4208,14.16,35.67,-0.84,0.53,-1.724,0
4209,4.35,300.92,1.948,0.461,2.458,1
4210,13.42,23.14,0.562,0.207,0.955,0
4211,7.42,51.43,3.009,-0.924,-1.428,0
4212,6.51,18.35,-0.608,0.586,0.034,0
4213,16.02,13.97,1.198,0.227,-0.026,0
4214,18.38,17.46,0.168,0.135,1.69,0
4215,4.83,58.33,1.489,-0.316,1.084,0
4216,7.68,45.46,2.609,0.034,0.393,0
4217,18.19,15.89,1.364,-1.087,-1.012,0
4218,5.27,79.99,-0.353,-0.251,-0.931,0
4219,11.65,42.74,-1.534,-0.926,-0.069,0
4220,8.31,109.21,-1.722,0.833,-0.084,0
4221,12.35,7.81,2.793,0.708,-2.139,0
4222,20.47,23.46,-1.61,-0.753,1.488,0
4223,9.55,37.96,1.379,-2.106,-1.366,0
4224,19.13,9.64,-2.033,0.12,1.466,0
4225,17.34,407.82,1.044,-1.127,0.267,0
4226,20.15,371.85,-0.356,0.692,0.23,0
4227,13.08,69.05,1.884,0.23,-1.342,0
4228,18.84,17.29,-1.191,0.208,0.135,0
4229,20.62,10.89,0.739,-1.672,-1.422,0
4230,21.74,132.02,-1.074,-0.655,1.45,0
4231,6.97,19.4,-1.038,-0.597,-0.427,0
4232,13.01,11.61,1.003,-1.15,-1.3,0
4233,22.51,150.84,-1.04,0.366,-0.432,0
4234,15.3,43.12,3.168,0.432,-0.513,0
4235,16.76,19.93,-0.214,-0.011,-0.023,0
4236,5.82,28.2,-1.307,0.175,0.291,0
4237,21.45,17.23,2.877,-0.02,-2.059,0
4238,13.24,276.12,-3.464,-0.381,-0.946,0
4239,5.37,39.65,0.746,0.397,2.118,0
4240,19.44,11.9,0.708,1.473,1.164,0
4241,15.95,86.64,1.298,1.345,-2.611,0
4242,12.03,25.11,2.889,-1.219,2.627,0
4243,20.44,72.87,-0.212,0.176,-0.601,0
4244,13.21,38.28,0.615,1.037,2.311,0
4245,13.22,11.84,-1.846,-1.396,1.141,0
4246,8.54,49.9,-1.332,-0.399,-1.857,0
4247,9.76,102.48,-0.346,-1.243,-1.245,0
4248,1.15,177.85,-0.321,0.213,-0.212,0
4249,13.81,46.59,1.093,1.495,-0.259,0
4250,19.36,42.53,-0.462,0.395,0.032,0
4251,8.48,28.09,-2.076,-0.549,0.91,0
4252,3.9,41.52,0.128,0.963,-1.27,0
4253,15.96,64.9,0.023,-2.793,0.141,0
4254,12.44,24.54,-0.578,-0.224,-0.547,0
4255,14.64,126.73,1.186,0.609,-1.391,0
4256,18.73,94.9,-2.141,-0.074,1.882,0
4257,18.69,47.25,2.234,-0.06,0.001,0
4258,0.76,19.17,-1.04,0.725,-0.627,0
4259,7.73,33.9,1.009,0.911,0.39,0
4260,13.88,584.03,-1.799,0.921,-0.629,0
4261,21.92,115.81,2.097,0.419,-1.226,0
4262,0.28,18.69,0.703,0.741,-0.654,0
4263,9.56,86.66,0.46,0.207,-0.815,0
4264,5.3,60.86,-2.127,-0.658,-0.519,0
4265,12.21,42.89,-1.127,-2.467,-2.094,0
4266,12.83,18.07,0.079,-0.234,0.891,0
4267,3.64,62.6,0.006,0.697,-2.0,0
4268,3.66,12.05,2.106,1.916,-0.401,0
4269,22.48,389.56,-1.338,0.967,2.541,0
4270,4.68,127.65,-1.815,-1.165,-0.44,0
4271,16.94,44.97,-1.712,1.164,1.381,0
4272,16.6,77.08,-1.622,0.933,0.779,0
4273,14.48,37.74,0.704,-1.374,0.88,0
4274,18.52,183.69,0.132,0.182,-2.002,0
4275,7.69,528.88,-1.021,-0.556,1.142,0
4276,4.68,12.83,0.657,0.376,-0.403,0
4277,12.14,38.61,1.733,0.178,0.977,0
4278,0.87,57.96,2.902,1.501,0.183,0
4279,3.98,14.56,1.6,0.355,-0.263,0
4280,13.18,44.71,-0.131,-0.615,-0.065,0
4281,17.49,37.14,-0.515,-1.682,-0.031,0
4282,15.11,123.03,0.427,1.195,1.358,0
4283,11.57,58.15,1.066,1.017,0.541,0
4284,16.04,41.95,-0.756,1.263,-1.274,0
4285,12.83,219.75,0.267,0.469,-2.455,0
4286,16.67,219.75,-0.509,2.371,-1.293,0
4287,21.73,42.55,-1.475,-1.067,-0.681,0
4288,10.34,57.68,1.525,-0.919,-0.742,0
4289,14.87,72.08,2.1,-1.437,0.264,0
4290,12.07,3.74,0.503,1.892,-0.878,0
4291,6.48,14.89,1.349,0.92,2.828,0
4292,10.36,76.67,-0.687,1.041,-0.917,0
4293,17.57,113.42,0.52,-0.319,-1.063,0
4294,11.51,75.04,-0.011,-0.64,0.774,0
4295,8.89,41.59,1.638,0.155,-1.668,0
4296,14.43,300.29,0.66,1.374,-2.429,0
4297,18.5,271.53,-0.725,0.478,-0.109,0
4298,14.27,62.87,0.297,-0.29,0.12,0
4299,15.82,5.05,-0.068,0.695,0.991,0
4300,18.02,40.03,0.153,-0.854,0.005,0
4301,17.6,9.24,1.231,0.599,0.682,0
4302,18.94,17.22,1.913,1.548,-0.019,0
4303,3.98,391.7,-1.509,-0.174,-1.524,0
4304,8.21,15.64,-0.866,-0.263,-1.294,0
4305,18.4,48.9,-0.228,-0.849,-1.176,0
4306,8.62,41.21,-2.048,-0.401,-0.292,0
4307,0.58,28.12,-0.523,1.115,-0.62,0
4308,21.18,232.39,1.845,-1.03,-1.394,0
4309,19.12,42.04,0.342,-0.226,0.541,0
4310,22.4,38.83,0.574,-0.103,-0.291,0
4311,18.91,7.44,-0.114,-1.826,0.002,0
4312,15.22,21.29,0.866,-0.219,-0.414,0
4313,12.98,30.16,-0.225,-1.693,1.478,0
4314,16.22,94.44,-2.42,0.848,-0.287,0
4315,15.07,29.65,-0.738,-1.214,0.854,0
4316,9.45,23.62,2.907,0.035,3.322,0
4317,23.71,180.3,-3.034,-0.111,0.505,0
4318,23.94,68.18,0.256,-0.614,-1.539,0
4319,15.82,10.51,-0.243,1.315,2.573,0
4320,5.28,49.4,0.161,-0.32,-0.066,0
4321,12.72,330.32,0.55,-0.973,-0.508,0
4322,9.48,81.14,0.131,1.771,-2.071,0
4323,11.57,8.22,-2.322,-1.282,1.3,0
4324,14.78,22.41,0.722,-0.398,1.28,0
4325,18.18,15.77,0.463,0.788,0.459,0
4326,13.83,4.3,1.372,-0.6,0.903,0
4327,14.28,12.38,0.4,-1.096,-2.011,0
4328,21.66,105.49,0.946,0.238,-2.411,0
4329,14.32,114.09,1.912,1.708,1.97,0
4330,17.19,42.13,1.974,1.84,-0.084,0
4331,0.82,266.92,2.712,-2.234,4.642,1
4332,15.44,4.67,1.247,-0.733,1.46,0
4333,8.4,23.59,0.421,1.68,0.368,0
4334,12.65,93.91,-0.39,0.936,1.944,0
4335,22.78,104.17,2.507,-0.481,-0.37,0
4336,5.67,28.16,-0.254,-1.503,-0.643,0
4337,11.53,45.05,0.876,-0.255,-0.332,0
4338,2.31,18.55,-0.186,-0.172,0.152,0
4339,11.3,13.46,1.895,0.991,-1.178,0
4340,1.6,3.85,1.851,-0.521,1.719,0
4341,17.9,28.23,-2.52,0.817,-2.131,0
4342,14.34,42.03,-1.607,-0.382,1.007,0
4343,0.67,24.69,2.456,-0.651,-0.39,0
4344,15.14,58.03,-1.413,-0.802,0.829,0
4345,15.18,104.39,-2.567,1.346,1.685,0
4346,17.8,77.2,0.364,2.47,-0.649,0
4347,10.76,3.65,-0.114,-1.806,2.168,0
4348,17.21,57.64,-0.993,-0.662,-0.847,0
4349,13.2,43.76,0.346,-1.01,-3.268,0
4350,9.67,19.92,1.23,0.514,-1.013,0
4351,22.44,23.14,2.243,1.142,0.059,0
4352,1.04,9.25,-3.512,-0.181,-0.181,0
4353,15.96,9.86,-2.44,0.581,1.317,0
4354,16.0,10.78,-0.256,1.016,0.746,0
4355,4.85,65.09,-1.364,0.661,0.118,0
4356,16.36,7.13,-0.691,0.482,-2.469,0
4357,15.97,39.63,-0.853,-0.92,-0.65,0
4358,6.67,48.66,1.824,-1.634,0.233,0
4359,20.45,38.35,-1.307,0.106,-0.946,0
4360,9.87,15.58,1.626,-1.042,0.688,0
4361,18.85,9.94,1.122,2.084,-0.658,0
4362,17.83,3.24,1.636,0.336,-1.368,0
4363,16.82,20.95,0.819,0.705,0.633,0
4364,0.19,22.4,-0.954,1.65,-0.546,0
4365,10.22,185.01,0.244,1.077,-0.142,0
4366,18.74,24.27,-0.943,-0.682,1.341,0
4367,16.94,73.46,0.282,0.849,-1.284,0
4368,22.9,177.8,0.261,0.393,1.508,0
4369,11.49,8.47,-2.568,0.586,1.177,0
4370,21.66,50.12,0.267,-0.6,-1.108,0
4371,18.27,29.78,-0.772,-0.673,0.303,0
4372,16.83,66.64,-0.015,-0.996,-3.108,0
4373,11.89,177.96,0.782,0.329,-1.635,0
4374,11.62,38.9,1.157,-0.251,-2.912,0
4375,14.44,30.12,-0.12,0.157,0.353,0
4376,9.97,193.5,-0.522,0.982,-0.898,0
4377,9.56,116.92,-0.083,-0.304,-0.745,0
4378,7.71,59.66,1.99,1.022,-0.881,0
4379,16.9,108.97,-0.226,-1.404,-0.323,0
4380,17.38,40.76,1.532,-0.01,-0.905,0
4381,20.04,76.8,0.476,-0.959,2.012,0
4382,10.36,64.05,1.584,-0.24,1.378,0
4383,10.83,21.93,1.364,0.425,1.657,0
4384,14.17,94.28,0.93,-0.645,1.402,0
4385,9.44,644.25,0.506,-0.328,0.447,0
4386,0.45,43.04,-0.575,-0.711,0.694,0
4387,21.13,7.47,-1.797,1.1,0.902,0
4388,12.55,159.82,0.352,-0.304,-0.195,0
4389,16.78,5.34,-0.356,-0.321,-1.32,0
4390,15.44,73.22,-1.902,0.059,1.545,0
4391,11.23,104.93,-0.436,-0.63,-1.345,0
4392,16.81,765.72,1.475,0.152,-1.412,0
4393,1.52,31.91,0.793,0.745,-0.086,0
4394,16.03,33.98,0.736,0.256,-3.881,0
4395,11.15,20.12,-0.328,-0.449,-1.579,0
4396,21.44,152.3,0.179,-1.189,0.56,0
4397,16.51,10.04,0.179,0.471,-0.199,0
4398,7.19,98.27,0.688,-0.245,-0.194,0
4399,5.51,9.4,-0.403,-3.528,-0.717,0
4400,12.67,85.37,-1.158,-0.416,0.941,0
4401,12.59,32.51,0.947,-2.039,-0.81,0
4402,16.16,54.37,2.694,-0.635,-1.855,0
4403,12.52,12.43,0.39,-0.007,1.248,0
4404,16.27,11.03,2.999,1.498,2.292,0
4405,11.72,96.45,3.151,0.323,-2.664,0
4406,4.98,117.75,-0.054,0.076,-0.628,0
4407,10.54,33.55,1.704,-0.698,0.401,0
4408,16.71,18.61,0.516,0.858,-2.225,0
4409,14.28,82.13,0.961,-2.196,0.154,0
4410,20.83,15.41,-0.456,-0.754,-0.97,0
4411,11.3,139.06,0.376,-0.565,-0.123,0
4412,13.33,216.2,1.079,0.672,-1.13,0
4413,10.13,289.21,0.642,-1.081,-2.198,0
4414,17.3,49.56,1.488,-0.523,-0.316,0
4415,10.85,96.0,-0.637,-0.119,1.123,0
4416,17.94,39.91,-0.585,1.573,-0.086,0
4417,19.49,34.31,-0.469,0.145,0.545,0
4418,6.62,58.7,0.238,-0.229,0.258,0
4419,19.36,10.33,-1.653,-0.467,1.34,0
4420,10.59,7.35,0.27,-1.029,-0.996,0
4421,0.63,61.75,-0.017,-0.489,-0.203,0
4422,21.11,59.75,-0.166,0.854,0.626,0
4423,18.39,33.52,0.479,-0.613,-0.623,0
4424,6.79,30.46,0.648,1.752,1.763,0
4425,18.84,70.92,0.53,-0.453,-2.618,0
4426,9.84,152.22,0.061,0.669,-1.528,0
4427,9.72,34.57,1.22,1.182,0.403,0
4428,12.06,16.42,0.732,-1.55,-1.347,0
4429,11.22,30.96,3.75,0.062,0.051,0
4430,22.73,247.55,-2.908,-0.141,-1.721,0
4431,17.34,69.03,1.6,1.032,-0.635,0
4432,15.35,16.37,-0.644,-1.161,1.209,0
4433,8.75,66.13,-1.305,0.705,-0.376,0
4434,21.2,207.4,0.328,0.453,0.98,0
4435,12.1,8.98,-0.453,-0.814,0.152,0
4436,19.53,12.02,0.17,-1.065,0.203,0
4437,15.44,90.69,2.565,0.451,-0.64,0
4438,8.1,111.09,3.115,-3.159,0.885,1
4439,22.99,167.7,-0.763,3.227,0.568,0
4440,23.6,112.13,-0.058,0.481,-1.226,0
4441,19.28,34.75,-1.331,1.538,0.341,0
4442,5.43,24.8,-1.286,-0.967,0.423,0
4443,14.14,26.24,1.364,0.503,1.599,0
4444,15.52,73.8,1.884,0.249,0.708,0
4445,3.15,92.9,-0.451,-0.725,-1.416,0
4446,17.75,33.85,1.179,-0.423,0.822,0
4447,15.67,14.25,0.851,-1.318,1.283,0
4448,16.31,8.42,-1.625,0.357,0.108,0
4449,19.53,55.96,0.198,-3.496,-0.886,0
4450,15.53,29.91,1.363,1.502,-0.581,0
4451,12.34,152.79,-1.193,1.55,0.097,0
4452,12.57,396.99,0.121,-1.34,-2.094,0
4453,1.45,21.09,-0.443,-0.443,1.269,0
4454,7.29,30.59,-1.174,3.091,-0.032,0
4455,10.95,42.2,2.014,-0.812,0.515,0
4456,23.72,28.2,0.943,-0.125,1.012,0
4457,7.81,129.68,0.01,2.374,-0.307,0
4458,13.11,118.12,-0.936,-1.217,-0.424,0
4459,14.85,32.16,-0.103,-1.147,-0.133,0
4460,7.5,30.8,0.925,0.001,-1.789,0
4461,13.19,119.73,0.582,-0.504,2.231,0
4462,18.75,69.62,-0.266,1.087,0.703,0
4463,1.48,128.94,-0.29,0.112,0.582,0
4464,7.99,232.64,-0.03,1.482,-0.667,0
4465,19.26,136.66,1.728,1.456,1.04,0
4466,18.76,271.89,1.692,-0.235,1.197,0
4467,6.16,392.64,-1.74,0.082,-2.045,0
4468,12.96,20.54,0.648,-2.007,3.384,0
4469,14.79,17.13,-0.603,-0.33,2.047,0
4470,10.29,73.08,1.215,-0.833,2.203,0
4471,21.27,34.1,0.876,-0.213,1.084,0
4472,1.67,8.39,0.851,-1.134,-0.887,0
4473,3.82,7.62,0.013,1.778,-0.989,0
4474,0.88,14.25,0.341,0.096,-3.486,0
4475,11.28,128.2,0.783,1.373,-2.701,0
4476,2.7,22.3,-1.086,0.783,-0.129,0
4477,13.08,62.54,1.921,-0.585,0.813,0
4478,15.71,101.34,2.484,0.264,-1.19,0
4479,20.91,7.74,0.992,1.383,0.468,0
4480,13.0,130.69,-2.348,0.106,-1.092,0
4481,12.32,206.09,1.55,-0.641,-1.875,0
4482,7.03,117.22,-1.326,-0.439,1.706,0
4483,3.08,66.47,0.336,-0.424,0.364,0
4484,21.49,38.89,-0.68,1.144,1.374,0
4485,21.65,60.92,-1.164,0.401,1.404,0
4486,14.62,139.93,-0.035,0.7,1.638,0
4487,2.93,40.94,0.834,1.202,-0.835,0
4488,1.98,40.59,-0.169,-1.59,-0.734,0
4489,17.09,33.06,-0.123,-0.609,-0.821,0
4490,20.21,11.33,2.709,-0.455,0.384,0
4491,20.35,111.79,1.566,1.536,0.095,0
4492,0.77,48.1,1.693,1.752,-2.222,0
4493,6.09,179.25,-0.091,0.128,-1.732,0
4494,9.3,29.05,-0.121,-0.06,1.013,0
4495,3.36,12.89,-0.571,-0.79,0.155,0
4496,2.2,203.3,0.804,1.244,-0.037,0
4497,12.68,46.93,2.882,-0.12,0.064,0
4498,16.78,183.46,-0.094,-2.06,0.904,0
4499,14.37,9.44,-0.097,-1.184,2.138,0
4500,11.96,149.01,0.48,0.34,0.999,0
4501,18.25,41.4,-2.136,2.707,2.942,0
4502,10.81,8.9,2.138,0.994,0.098,0
4503,12.88,25.74,-0.915,-1.418,1.204,0
4504,8.14,214.26,0.141,1.936,0.303,0
4505,17.49,34.33,-0.049,0.207,-0.396,0
4506,16.35,608.78,-1.154,0.844,0.326,0
4507,16.37,87.56,0.803,0.286,-0.371,0
4508,15.55,156.64,-0.986,-0.724,0.99,0
4509,12.01,17.07,2.378,1.805,-0.735,0
4510,19.15,269.22,-3.164,1.708,-1.305,0
4511,6.33,52.24,2.058,-0.972,0.8,0
4512,19.64,49.63,0.273,-0.9,1.005,0
4513,18.24,40.13,4.023,-1.121,0.806,0
4514,11.54,30.26,2.191,1.434,0.097,0
4515,18.96,144.61,0.051,-0.127,-0.271,0
4516,16.24,17.41,-0.739,0.62,-0.266,0
4517,17.21,383.75,-0.359,1.567,2.162,0
4518,13.72,7.34,0.602,-1.439,0.305,0
4519,18.19,106.36,-1.1,0.552,-1.012,0
4520,9.95,25.12,1.692,1.027,0.946,0
4521,15.71,235.47,-1.009,1.165,1.383,0
4522,14.05,13.27,-1.1,-2.032,1.371,0
4523,14.27,370.99,0.292,1.186,0.588,0
4524,3.22,29.26,-0.798,0.026,2.365,0
4525,22.81,31.56,1.054,1.33,0.423,0
4526,13.58,11.78,0.567,2.163,0.004,0
4527,17.96,61.66,-0.688,0.699,-1.48,0
4528,17.48,54.91,-0.931,1.23,5.337,0
4529,18.31,19.6,-2.258,-0.255,0.45,0
4530,12.84,28.33,-3.036,-0.041,-1.664,0
4531,21.89,69.07,-0.161,-0.158,-3.217,0
4532,0.6,108.16,-1.153,-1.015,0.747,0
4533,17.81,533.46,-0.611,-1.226,-0.961,0
4534,14.92,27.11,0.928,0.386,1.864,0
4535,14.65,229.34,-0.68,0.992,1.812,0
4536,10.02,79.81,-1.035,-0.021,-0.132,0
4537,16.94,38.24,1.548,-0.345,0.089,0
4538,18.73,72.18,0.155,-1.645,0.133,0
4539,21.15,8.61,-0.465,-0.833,1.089,0
4540,19.58,79.66,0.967,-0.186,0.501,0
4541,20.65,130.87,-0.62,-0.897,2.659,0
4542,22.36,103.15,-0.888,-0.931,1.056,0
4543,13.21,129.53,-1.385,0.502,2.402,0
4544,1.56,87.45,0.299,0.89,-0.727,0
4545,13.29,11.16,1.417,1.613,0.512,0
4546,10.63,310.01,-1.115,-0.094,-2.005,0
4547,8.48,51.78,1.264,1.601,-0.568,0
4548,11.85,23.2,-1.685,-1.754,-0.4,0
4549,12.66,13.59,0.678,-1.556,-1.489,0
4550,15.6,26.02,-2.758,0.182,-0.774,0
4551,9.09,83.41,-0.251,1.132,-1.578,0
4552,13.66,12.09,0.071,0.762,-0.409,0
4553,16.89,86.42,-0.954,-1.329,-1.071,0
4554,13.55,35.28,-1.516,-0.522,-1.392,0
4555,3.41,164.92,0.366,2.258,-1.783,0
4556,10.28,48.71,-0.528,2.143,-2.157,0
4557,11.95,25.88,-1.228,0.177,1.861,0
4558,12.66,26.09,1.636,-0.124,2.436,0
4559,2.36,64.06,-0.946,0.864,0.805,0
4560,17.09,26.8,-0.077,-0.989,-2.165,0
4561,20.83,78.68,0.051,-0.206,-1.246,0
4562,13.99,337.55,1.379,-0.321,-2.671,0
4563,12.91,79.49,0.962,1.469,-0.414,0
4564,15.91,19.78,-0.799,-0.281,-0.184,0
4565,13.33,90.19,0.625,-0.483,-1.302,0
4566,12.37,31.54,0.725,1.132,-2.285,0
4567,18.12,10.18,-2.234,0.014,-1.328,0
4568,12.96,17.25,0.179,1.288,0.589,0
4569,12.62,102.67,-0.399,-0.362,-0.323,0
4570,4.15,59.86,-1.353,-1.42,1.219,0
4571,11.58,14.28,-2.259,-1.242,-1.847,0
4572,7.8,8.28,3.38,1.489,2.524,0
4573,9.32,113.21,-3.908,-0.217,-0.347,0
4574,7.97,429.0,0.161,0.052,2.33,0
4575,2.95,25.53,-1.343,2.998,0.312,0
4576,6.65,88.13,0.244,0.386,0.129,0
4577,7.04,15.28,2.213,-0.606,0.641,0
4578,13.24,24.15,-1.332,1.252,1.591,0
4579,11.87,122.5,1.09,1.523,0.31,0
4580,13.82,89.53,1.258,-0.256,0.213,0
4581,7.68,152.31,-1.101,0.946,-0.102,0
4582,11.66,140.03,0.01,-0.779,-1.353,0
4583,20.52,10.1,-0.822,-2.212,0.351,0
4584,9.17,213.48,1.248,0.282,-0.534,0
4585,16.94,6.06,-0.478,1.656,2.135,0
4586,21.32,30.6,-0.69,0.437,-1.254,0
4587,15.28,22.39,-1.874,3.261,0.424,0
4588,11.1,23.56,3.622,-0.022,-1.25,0
4589,14.23,129.79,-0.083,-2.059,2.387,0
4590,1.27,21.55,-0.525,0.224,-1.607,0
4591,7.5,609.06,2.229,1.275,0.783,0
4592,16.33,96.66,0.055,1.582,-2.007,0
4593,6.83,38.47,-0.114,0.773,-0.761,0
4594,13.7,5.65,0.25,0.302,-0.963,0
4595,9.01,125.77,-1.694,0.186,0.749,0
4596,2.28,55.31,1.539,-2.197,1.074,0
4597,7.7,27.97,1.578,-0.283,-2.924,0
4598,8.73,128.65,-1.271,1.298,-0.793,0
4599,13.84,41.48,0.833,1.192,0.796,0
4600,17.26,70.7,1.257,-1.071,-0.364,0
4601,22.71,77.42,-1.135,0.437,-1.4,0
4602,18.87,6.52,-0.273,0.842,-3.168,0
4603,15.87,111.15,-0.082,-0.841,-2.616,0
4604,20.66,25.18,1.669,0.159,-0.879,0
4605,4.57,133.86,-2.483,-0.243,0.312,0
4606,23.07,15.4,-0.324,1.236,1.928,0
4607,7.9,220.7,1.22,0.016,-1.365,0
4608,11.65,72.26,0.785,1.07,1.658,0
4609,17.41,58.37,0.876,1.959,-0.375,0
4610,18.5,48.5,-0.537,0.83,-0.917,0
4611,15.35,18.4,-1.729,0.174,-2.286,0
4612,4.84,9.24,0.997,1.733,0.201,0
4613,10.93,102.01,1.56,-0.2,1.898,0
4614,9.81,11.05,0.296,-3.113,1.028,0
4615,23.45,58.66,-0.301,0.661,0.037,0
4616,5.0,147.18,0.836,-2.858,-1.222,0
4617,8.4,114.19,-1.3,1.812,-0.237,0
4618,21.39,88.52,-0.036,-0.59,2.911,0
4619,23.83,26.32,-1.111,1.377,-1.133,0
4620,10.14,114.95,-0.446,-1.289,-0.408,0
4621,15.17,6.56,-0.592,1.421,-3.344,0
4622,8.19,293.47,0.854,0.345,-1.083,0
4623,13.12,50.22,-2.503,-0.738,1.045,0
4624,10.73,128.8,-2.725,1.082,0.07,0
4625,19.11,29.48,1.804,0.127,-3.845,0
4626,5.31,608.75,3.94,-0.867,2.548,1
4627,10.68,82.66,-0.077,0.7,1.062,0
4628,2.54,43.18,1.449,-2.702,-2.25,0
4629,15.58,185.89,-0.471,0.395,0.074,0
4630,17.95,153.35,-1.85,0.247,1.202,0
4631,16.84,79.19,1.702,-2.498,0.448,0
4632,9.61,60.31,-2.88,-1.067,2.58,0
4633,5.49,26.79,1.606,-3.556,-0.702,0
4634,2.74,57.09,-1.559,-0.637,0.811,0
4635,12.69,36.52,-1.299,0.775,-0.111,0
4636,21.13,33.86,-0.143,-0.848,-0.795,0
4637,9.35,32.41,-0.246,-0.753,1.595,0
4638,13.48,44.36,-1.936,0.973,0.861,0
4639,10.33,12.97,-1.385,1.036,1.478,0
4640,23.29,43.91,-1.702,1.452,-1.948,0
4641,10.89,12.61,-0.873,2.869,2.553,0
4642,6.07,88.81,-0.397,0.974,1.424,0
4643,4.1,57.79,0.561,0.649,1.365,0
4644,8.13,159.16,0.285,0.617,-1.134,0
4645,23.64,249.59,-0.932,-0.579,0.958,0
4646,19.03,49.1,-1.204,-0.974,-0.246,0
4647,13.17,179.25,-0.774,-1.497,-1.082,0
4648,10.63,19.6,1.057,-0.783,0.32,0
4649,9.22,48.21,-4.194,-0.557,-1.118,0
4650,6.8,91.26,-0.242,0.226,-0.541,0
4651,13.52,44.48,0.389,0.202,2.418,0
4652,6.77,32.05,0.132,2.118,-2.017,0
4653,5.43,52.76,2.535,0.489,-1.3,0
4654,18.77,47.42,-0.592,1.295,-0.303,0
4655,10.46,24.28,-1.178,-0.366,1.128,0
4656,6.78,69.16,-0.154,1.261,-2.031,0
4657,0.35,215.06,-1.729,-0.765,1.374,0
4658,7.83,11.16,-2.368,1.391,3.145,0
4659,13.75,11.59,1.696,-1.005,-0.412,0
4660,14.46,78.93,-0.241,-0.447,0.593,0
4661,15.62,16.8,1.514,-0.095,-1.112,0
4662,9.77,402.25,-0.49,1.189,-1.136,0
4663,7.19,25.89,-0.104,-0.385,-2.466,0
4664,9.67,32.01,2.096,1.398,-1.623,0
4665,12.44,12.31,1.523,2.662,1.348,0
4666,0.56,29.47,-0.127,0.204,-0.616,0
4667,8.97,36.93,0.403,-1.14,-0.38,0
4668,9.75,307.95,0.524,-0.037,0.194,0
4669,5.72,27.55,2.004,1.657,-0.798,0
4670,13.49,511.9,-0.2,-1.309,1.451,0
4671,18.51,186.67,1.338,-0.76,1.31,0
4672,13.28,10.78,0.645,0.688,0.866,0
4673,5.97,6.1,-2.917,-2.276,1.246,0
4674,5.64,27.34,-1.075,-1.293,-0.773,0
4675,19.79,64.32,-0.728,-0.296,0.037,0
4676,6.54,51.86,-1.394,0.389,-0.417,0
4677,10.29,68.27,-0.075,0.116,2.329,0
4678,13.97,32.75,-0.445,0.332,-2.616,0
4679,10.98,165.11,-2.85,-0.088,4.149,0
4680,13.84,274.89,-2.519,-0.008,0.008,0
4681,14.85,48.98,-0.379,0.302,0.104,0
4682,1.11,2.6,-0.186,0.89,-0.034,0
4683,17.73,53.96,0.916,1.582,1.437,0
4684,7.52,12.93,-0.158,-0.837,1.306,0
4685,16.6,13.72,-2.025,-1.4,0.96,0
4686,13.15,276.04,-2.548,0.765,-0.294,0
4687,14.76,176.83,0.14,0.984,1.124,0
4688,13.3,34.48,-1.115,-0.106,0.889,0
4689,5.71,154.47,1.07,-0.281,0.173,0
4690,7.61,87.41,1.227,-1.557,0.831,0
4691,14.01,29.91,-0.249,0.629,0.09,0
4692,5.62,61.33,0.099,0.178,0.797,0
4693,17.25,110.88,2.215,0.474,1.13,0
4694,19.92,86.78,1.08,-1.3,1.191,0
4695,23.85,410.95,0.353,-0.537,-0.626,0
4696,23.63,65.31,-0.396,1.974,-0.446,0
4697,20.71,27.85,1.206,0.19,-1.631,0
4698,15.64,13.81,-1.06,0.136,0.479,0
4699,9.34,37.65,-2.059,0.802,-0.805,0
4700,14.47,125.16,-2.084,-1.473,1.856,0
4701,5.07,19.84,-1.769,0.932,2.406,0
4702,9.61,21.52,1.426,1.276,1.721,0
4703,8.82,23.77,0.342,1.22,0.88,0
4704,8.85,10.66,-0.74,0.4,-0.788,0
4705,13.83,27.55,-0.488,-2.473,-0.108,0
4706,18.06,108.13,2.183,2.391,-0.165,0
4707,1.19,126.14,-1.115,-0.35,-0.841,0
4708,4.22,24.77,0.748,1.115,-1.383,0
4709,16.38,26.34,0.18,-1.615,0.36,0
4710,12.96,28.11,2.897,1.906,0.665,0
4711,6.85,14.21,1.636,0.629,2.769,0
4712,19.61,15.63,2.514,0.94,0.49,0
4713,14.12,15.92,0.433,1.336,0.71,0
4714,12.81,41.2,0.374,-0.239,-1.063,0
4715,11.4,42.48,0.15,0.733,-0.563,0
4716,18.23,13.85,-1.586,-1.579,1.304,0
4717,16.33,25.87,-2.193,-0.786,-0.998,0
4718,17.47,12.63,-0.803,-0.639,0.374,0
4719,13.4,15.71,-2.197,-1.478,0.377,0
4720,7.77,54.37,-2.168,-0.44,-2.538,0
4721,6.37,13.13,1.435,1.944,1.385,0
4722,2.73,47.99,0.354,0.357,3.834,0
4723,13.48,20.88,-1.481,0.282,1.546,0
4724,18.88,104.49,-1.602,-0.291,0.612,0
4725,19.46,12.44,0.533,-0.709,0.452,0
4726,19.12,72.33,-0.124,-0.677,0.711,0
4727,14.38,85.46,1.73,-1.712,-2.061,0
4728,15.41,131.81,-0.404,2.052,0.632,0
4729,21.39,20.2,1.179,-2.136,0.265,0
4730,18.98,10.98,0.072,1.139,-1.013,0
4731,5.63,18.92,0.028,0.851,0.783,0
4732,10.99,9.22,0.971,1.706,0.219,0
4733,8.91,150.87,1.266,0.831,0.644,0
4734,14.2,70.78,0.611,-2.129,-2.446,0
4735,10.35,259.7,1.472,0.627,-0.95,0
4736,19.62,17.18,-1.779,0.924,-0.49,0
4737,11.2,131.88,-0.89,-0.331,1.96,0
4738,7.7,68.28,2.05,1.347,0.634,0
4739,14.22,15.59,-1.786,2.094,-3.973,0
4740,13.17,137.87,0.017,-1.423,0.32,0
4741,10.93,82.58,1.626,-0.402,-3.036,0
4742,20.99,18.41,-1.406,0.708,-1.453,0
4743,14.66,40.57,0.555,0.927,-0.96,0
4744,10.62,24.68,0.459,0.964,0.555,0
4745,14.72,40.36,-0.439,2.218,1.79,0
4746,9.47,22.67,-2.077,1.194,-3.704,0
4747,23.32,75.45,-0.014,0.984,2.672,0
4748,8.1,94.88,-0.323,0.582,-1.508,0
4749,12.78,20.17,0.68,0.138,-0.475,0
4750,10.56,30.08,-0.629,-0.139,-0.43,0
4751,14.72,32.07,-0.881,0.633,0.244,0
4752,6.03,17.31,1.082,-0.257,0.725,0
4753,9.34,3.44,0.46,0.91,-1.374,0
4754,12.59,13.01,-0.154,-1.48,0.294,0
4755,23.19,42.7,-0.427,0.471,1.49,0
4756,17.18,14.47,1.554,2.09,-2.19,0
4757,0.12,23.98,-0.451,0.171,1.081,0
4758,15.84,10.5,0.106,-0.409,-1.191,0
4759,15.1,46.76,-0.043,0.306,-1.652,0
4760,12.29,53.13,-0.472,0.771,-2.011,0
4761,16.57,51.02,-1.66,0.635,-0.935,0
4762,0.38,21.12,-1.749,-3.46,-1.726,0
4763,14.16,7.63,-1.126,1.449,0.85,0
4764,15.07,134.76,-1.461,1.555,-1.616,0
4765,5.31,21.51,-2.097,-0.766,1.971,0
4766,16.74,160.95,0.335,1.472,1.203,0
4767,12.4,306.8,0.642,0.891,1.087,0
4768,8.91,7.34,-1.888,-0.076,-0.576,0
4769,7.55,15.71,-1.347,0.215,-0.493,0
4770,20.89,24.25,-2.076,-0.063,-0.251,0
4771,9.7,11.99,-0.341,0.157,-1.365,0
4772,20.33,93.08,-0.376,1.822,-0.644,0
4773,13.27,34.61,0.542,0.547,0.121,0
4774,17.99,172.95,-0.497,-0.61,0.721,0
4775,19.1,19.83,-0.978,-1.325,-1.437,0
4776,19.59,30.73,1.151,0.546,-1.483,0
4777,3.36,14.51,-3.946,1.158,1.277,0
4778,10.56,61.96,-2.949,-0.268,-0.918,0
4779,12.0,6.83,0.883,-0.308,-0.737,0
4780,17.67,30.19,-0.26,-1.219,1.111,0
4781,11.66,450.35,-1.624,-1.992,1.805,0
4782,11.51,48.3,0.188,0.727,2.271,0
4783,8.43,71.48,-0.149,1.286,-0.239,0
4784,15.93,83.42,-1.504,0.062,-0.277,0
4785,10.44,14.95,1.005,-0.105,-1.613,0
4786,8.46,79.63,0.494,-1.892,-2.284,0
4787,22.06,111.1,0.053,-0.287,-1.134,0
4788,15.12,17.46,1.046,-0.578,0.701,0
4789,13.7,15.37,-1.07,1.135,0.605,0
4790,15.64,29.06,2.239,0.478,0.748,0
4791,12.36,7.35,-0.385,0.456,-0.94,0
4792,14.42,40.3,1.552,1.308,1.134,0
4793,23.37,39.04,0.34,0.617,-0.465,0
4794,8.35,22.26,-0.171,0.257,0.158,0
4795,2.36,31.64,-1.541,-0.352,1.019,0
4796,11.4,14.28,0.448,-1.761,1.561,0
4797,3.41,218.4,-1.087,0.768,-2.24,0
4798,8.36,21.08,0.29,-0.905,1.653,0
4799,1.28,6.54,-2.066,1.536,-0.334,0
4800,7.83,27.24,0.667,-0.471,0.195,0
4801,16.51,20.5,1.001,-0.226,1.582,0
4802,16.35,43.92,-1.035,-1.398,3.063,0
4803,2.92,21.33,0.144,-0.278,-2.194,0
4804,8.28,52.14,-0.288,-0.137,1.896,0
4805,16.4,46.79,-1.527,0.682,0.536,0
4806,6.07,31.12,1.357,-2.317,0.123,0
4807,10.55,25.88,1.3,-0.624,-0.186,0
4808,12.04,148.58,-1.296,0.764,-0.256,0
4809,16.8,23.16,0.892,-2.321,-0.294,0
4810,20.07,362.96,-0.518,-0.543,0.583,0
4811,13.74,35.11,0.407,0.532,0.276,0
4812,19.69,82.01,-1.162,-1.377,1.897,0
4813,10.23,69.15,1.299,1.074,-1.198,0
4814,15.64,110.97,-0.115,0.756,1.696,0
4815,14.59,165.32,-2.645,0.165,-0.241,0
4816,15.75,11.18,-0.207,0.941,-2.234,0
4817,14.18,127.93,-1.071,-0.421,-0.311,0
4818,13.17,63.55,-0.269,0.518,1.132,0
4819,16.45,91.77,-0.659,1.96,-0.786,0
4820,3.72,99.55,1.725,-2.187,-1.022,0
4821,10.05,153.62,1.684,1.18,-1.017,0
4822,17.69,216.01,1.012,0.424,-2.237,0
4823,13.79,26.67,-0.717,0.083,2.165,0
4824,17.57,13.04,3.18,-1.447,0.772,0
4825,10.61,3.54,-2.895,-1.085,-0.084,0
4826,15.1,157.78,-0.107,-0.958,-0.408,0
4827,19.56,34.68,0.744,0.032,0.992,0
4828,20.51,274.86,1.647,-0.075,0.373,0
4829,12.83,46.52,1.21,-0.73,-2.766,0
4830,19.5,61.95,-0.569,-0.954,3.483,0
4831,23.01,152.63,1.328,-0.514,-2.172,0
4832,17.32,55.66,0.071,-0.1,-2.007,0
4833,9.52,45.13,2.711,0.053,-1.144,0
4834,11.39,25.15,-0.054,0.566,-1.32,0
4835,12.88,9.54,0.706,1.694,-1.555,0
4836,11.66,5.09,0.374,0.8,0.123,0
4837,8.5,31.08,-0.1,0.421,-0.25,0
4838,23.01,316.71,1.365,-1.259,1.651,1
4839,9.42,6.49,-2.12,0.634,-2.09,0
4840,22.76,99.71,1.058,0.761,-1.248,0
4841,8.14,31.05,-0.546,1.13,-1.469,0
4842,7.52,63.37,-0.459,0.847,0.104,0
4843,9.16,74.59,-0.264,1.31,-1.645,0
4844,11.83,100.89,-0.949,0.054,0.962,0
4845,22.79,17.85,3.554,0.107,1.844,0
4846,12.34,216.31,0.4,0.377,0.905,0
4847,19.52,17.39,-0.313,-0.8,-0.659,0
4848,12.52,59.37,0.455,-0.463,0.549,0
4849,10.36,136.24,-0.819,-0.982,-0.323,0
4850,18.23,121.4,-1.316,0.513,-0.057,0
4851,20.85,129.09,-0.422,0.002,-0.935,0
4852,14.73,242.46,-0.165,0.174,0.514,0
4853,9.81,119.39,-0.595,-0.134,-0.492,0
4854,21.53,109.75,-0.342,-0.189,1.687,0
4855,3.03,28.69,-1.046,-1.005,-1.054,0
4856,8.69,50.15,-1.066,-1.101,-0.764,0
4857,14.5,145.59,1.248,2.497,0.109,0
4858,0.55,335.77,0.274,-2.224,1.208,0
4859,5.61,185.5,1.095,-1.823,-0.654,0
4860,13.1,28.84,-0.912,3.343,-0.721,0
4861,0.92,28.44,0.407,-1.106,-1.009,0
4862,13.0,90.32,-1.251,0.3,-3.402,0
4863,10.86,4.0,-1.53,0.327,-1.286,0
4864,20.66,13.49,-0.332,-0.24,1.426,0
4865,1.18,77.44,0.289,0.807,-0.382,0
4866,13.03,49.02,1.215,-0.013,0.766,0
4867,12.29,30.62,-1.242,0.937,-3.027,0
4868,0.03,2.1,0.286,-0.839,0.215,0
4869,23.58,24.73,-1.605,-0.664,-3.752,0
4870,21.81,57.03,1.081,-1.566,-0.854,0
4871,4.95,15.22,0.493,-1.182,2.165,0
4872,7.6,29.21,-1.841,-0.189,-3.549,0
4873,6.8,49.08,0.244,-0.199,0.335,0
4874,14.74,54.37,-2.9,-0.195,-0.794,0
4875,12.98,217.14,1.687,-0.362,0.062,0
4876,8.84,59.6,-1.152,0.073,0.308,0
4877,6.84,86.9,2.288,1.218,2.341,0
4878,17.29,11.7,0.941,1.053,1.032,0
4879,15.23,55.83,0.11,0.793,-2.771,0
4880,14.3,33.58,-0.573,-0.484,-1.344,0
4881,21.29,32.31,-0.789,-0.659,1.239,0
4882,16.88,37.5,-0.298,0.581,0.087,0
4883,7.81,9.08,1.352,-0.332,-0.535,0
4884,13.67,30.6,-0.292,1.663,2.307,0
4885,7.62,60.47,2.562,1.598,0.505,0
4886,10.78,5.4,1.386,-1.574,2.243,0
4887,14.35,18.46,-2.621,0.794,0.864,0
4888,15.44,88.12,-0.893,-0.021,0.093,0
4889,18.37,137.3,1.485,-0.752,0.275,0
4890,20.33,9.56,0.506,-0.409,0.613,0
4891,21.44,46.37,1.63,-0.105,-1.326,0
4892,19.25,209.02,-0.401,1.218,-2.443,0
4893,17.61,46.58,-0.937,-0.333,1.697,0
4894,23.55,46.7,-0.553,-0.997,1.785,0
4895,11.7,14.04,-1.412,2.268,-1.882,0
4896,9.56,10.57,-0.338,1.267,0.639,0
4897,1.96,205.75,-0.736,0.224,0.949,0
4898,16.35,380.67,0.734,0.397,0.393,0
4899,12.97,313.37,1.497,0.337,-1.61,0
4900,7.33,7.83,-0.658,1.011,2.479,0
4901,18.13,56.59,0.772,0.678,0.888,0
4902,20.54,57.77,-0.585,-1.472,-2.844,0
4903,8.56,9.48,2.546,1.824,-0.184,0
4904,19.82,12.06,1.156,-1.155,4.427,0
4905,16.33,132.38,0.883,0.235,1.401,0
4906,13.86,69.33,-1.773,-1.209,2.468,0
4907,11.24,37.81,-1.587,0.999,-0.624,0
4908,17.68,14.75,-0.206,-1.987,0.548,0
4909,16.62,91.13,1.44,1.117,0.301,0
4910,2.91,18.49,-0.147,-1.757,0.485,0
4911,19.26,30.51,-1.239,0.384,-0.002,0
4912,12.49,34.69,-1.813,0.619,2.195,0
4913,3.95,512.96,-0.357,0.506,0.738,0
4914,17.82,194.33,2.782,1.501,1.167,0
4915,2.59,245.29,0.324,0.841,0.553,0
4916,17.09,34.61,0.901,-1.556,-0.272,0
4917,13.45,59.91,0.948,-1.107,-0.851,0
4918,16.41,108.86,0.35,0.428,0.087,0
4919,19.08,90.93,0.172,0.674,-0.114,0
4920,14.38,23.82,-0.868,-1.039,0.809,0
4921,9.48,18.78,0.207,0.823,-0.592,0
4922,2.05,7.83,1.447,0.229,-0.284,0
4923,12.15,19.97,0.359,-1.336,0.526,0
4924,22.65,6.5,0.918,-2.084,0.123,0
4925,20.64,18.4,-0.278,-0.443,-2.383,0
4926,6.53,21.17,-0.637,0.73,1.146,0
4927,14.2,101.75,0.201,0.135,-3.546,0
4928,17.01,6.68,0.11,-0.385,2.222,0
4929,15.36,222.27,-0.339,-0.294,0.497,0
4930,7.97,22.96,-0.221,1.186,1.285,0
4931,8.7,53.98,0.294,-0.535,2.7,0
4932,10.86,116.93,-0.263,-1.165,-0.234,0
4933,0.29,16.39,-0.546,-0.443,-0.754,0
4934,10.87,43.57,1.086,0.297,-1.722,0
4935,10.75,64.75,-0.799,0.923,0.432,0
4936,15.7,21.6,-3.233,-1.997,-0.503,0
4937,20.11,884.74,0.278,0.932,-1.307,0
4938,14.27,12.89,-0.209,0.042,-1.762,0
4939,15.12,17.41,2.137,1.257,0.281,0
4940,15.86,72.62,-0.305,-0.303,1.251,0
4941,21.02,120.42,0.218,-0.526,-1.63,0
4942,10.13,9.57,-0.216,-0.213,-0.17,0
4943,15.27,199.37,0.762,1.684,0.296,0
4944,18.49,23.43,-1.032,2.298,0.89,0
4945,14.23,33.75,0.147,-2.228,-1.325,0
4946,9.14,13.87,0.754,-0.494,0.705,0
4947,23.56,135.49,-1.005,-0.021,-0.213,0
4948,23.78,15.81,1.979,-0.141,0.0,0
4949,20.44,29.77,0.449,1.102,2.356,0
4950,18.3,68.55,-0.655,2.866,-2.99,0
4951,10.86,34.14,-0.759,0.554,-1.361,0
4952,3.42,112.12,0.679,0.611,0.544,0
4953,10.92,70.12,-1.993,0.38,0.171,0
4954,15.25,139.28,-1.129,-0.084,1.632,0
4955,13.21,40.76,1.452,0.105,1.504,0
4956,8.84,79.21,-1.734,-0.46,-0.746,0
4957,20.4,49.42,-0.135,1.644,-0.449,0
4958,9.34,23.45,0.367,-0.38,-0.664,0
4959,10.16,19.69,0.418,-0.617,-0.306,0
4960,14.81,73.8,3.155,0.892,1.269,0
4961,8.51,32.02,3.71,-1.52,1.266,0
4962,18.58,27.89,0.305,0.932,-1.544,0
4963,11.33,115.32,0.407,1.042,1.791,0
4964,19.36,180.15,-1.376,0.085,2.048,0
4965,23.4,207.78,1.343,-0.54,-1.704,0
4966,7.08,4.85,0.663,-0.746,1.17,0
4967,6.35,54.7,-0.653,-0.978,-0.278,0
4968,19.82,55.14,0.731,-0.961,0.635,0
4969,6.64,14.74,1.527,0.793,1.665,0
4970,14.72,163.11,-0.351,-0.979,1.414,0
4971,12.25,33.47,1.208,-0.063,-1.809,0
4972,13.55,13.4,-0.104,-0.067,-0.206,0
4973,18.75,6.05,0.888,0.451,-0.56,0
4974,16.3,34.15,1.648,-1.445,-0.437,0
4975,17.3,5.77,-0.893,-0.448,0.437,0
4976,15.85,315.97,0.917,1.304,-0.261,0
4977,21.97,37.77,0.426,0.51,0.354,0
4978,10.02,24.3,-0.987,-0.961,1.796,0
4979,3.38,8.3,-0.009,-0.513,-1.081,0
4980,15.34,193.52,-0.838,-0.24,1.198,0
4981,9.11,71.27,-0.944,-1.33,-0.064,0
4982,16.35,49.77,-0.991,2.224,-0.075,0
4983,12.12,88.87,-0.023,-0.81,-2.351,0
4984,16.27,805.2,0.974,-0.528,0.041,0
4985,22.62,6.23,2.399,-0.954,1.03,0
4986,19.88,316.72,-0.942,1.197,1.559,0
4987,12.7,2.4,1.363,2.154,-1.43,0
4988,22.09,15.04,-1.478,-0.643,2.326,0
4989,11.19,9.57,-0.737,-0.963,-0.886,0
4990,14.95,186.23,-1.653,-0.621,0.697,0
4991,7.52,51.26,-0.534,0.036,-1.098,0
4992,16.33,57.01,-1.428,0.275,0.939,0
4993,18.3,38.47,1.597,1.172,-0.02,0
4994,15.62,19.64,0.588,1.694,-2.479,0
4995,9.77,5.21,-1.942,0.364,-1.176,0
4996,14.82,11.11,-2.552,0.964,-0.062,0
4997,12.5,77.89,2.22,-0.375,-2.377,0
4998,4.31,179.47,0.529,-0.405,-3.556,0
4999,18.18,52.69,0.11,0.657,-1.606,0
5000,9.31,34.83,-1.146,-2.502,-2.028,0
5001,15.72,21.15,-1.162,-0.623,-0.25,0
5002,18.08,51.65,-1.38,0.707,0.275,0
5003,23.24,135.82,0.355,-1.041,-0.178,0
5004,15.26,2.68,0.321,-0.376,-0.829,0
5005,0.97,9.36,-1.247,0.213,0.213,0
5006,15.24,17.63,-1.004,0.36,-0.561,0
5007,10.03,37.72,-1.452,1.237,-0.285,0
5008,21.31,193.97,-1.467,2.087,-0.63,0
5009,15.78,81.31,0.025,1.208,-0.624,0
5010,19.85,287.12,-2.456,-1.683,0.868,0
5011,9.66,26.36,-0.042,-2.391,-0.842,0
5012,9.23,22.32,-1.031,0.105,1.183,0
5013,19.27,53.47,-1.691,0.079,-0.648,0
5014,7.28,265.19,-0.296,2.254,-0.103,0
5015,21.33,8.27,0.843,-1.925,-0.79,0
5016,12.63,29.42,-0.689,0.062,-0.889,0
5017,12.4,15.4,0.224,0.388,0.055,0
5018,19.27,245.18,0.513,1.117,0.904,0
5019,10.19,10.33,1.25,-0.958,0.86,0
5020,0.57,78.8,0.663,-1.085,1.445,0
5021,20.9,16.34,-0.999,0.16,0.281,0
5022,16.21,20.93,-0.031,-0.531,-0.652,0
5023,12.88,7.59,1.86,-1.889,-0.421,0
5024,14.35,25.44,1.895,0.319,0.42,0
5025,17.6,30.64,-0.246,0.803,-1.933,0
5026,3.19,2.47,0.832,-0.136,0.626,0
5027,22.33,5.79,0.231,0.28,0.108,0
5028,12.51,74.27,3.215,0.82,0.595,0
5029,9.17,36.16,-1.136,-0.018,-0.492,0
5030,10.91,152.66,-0.922,0.066,0.677,0
5031,16.35,62.98,1.022,-0.145,-0.622,0
5032,13.19,115.05,0.988,-1.089,-0.566,0
5033,3.1,78.76,1.168,1.558,-2.63,0
5034,17.76,41.39,-2.121,0.073,0.71,0
5035,18.02,68.73,0.072,-1.149,-0.285,0
5036,17.12,117.78,0.076,1.477,-0.398,0
5037,9.9,27.78,0.412,0.099,0.367,0
5038,7.28,9.34,0.484,0.167,-1.693,0
5039,9.2,43.51,-0.73,0.199,0.616,0
5040,10.83,79.44,1.63,0.171,1.029,0
5041,6.31,12.17,-0.625,-0.904,-3.203,0
5042,8.93,66.81,-0.94,0.09,0.39,0
5043,15.85,83.24,-0.329,1.463,-0.388,0
5044,23.54,12.19,0.722,1.027,0.019,0
5045,16.0,23.47,-1.454,0.204,-0.919,0
5046,7.91,4.38,2.515,-0.445,0.21,0
5047,14.64,227.01,0.945,-1.573,0.413,0
5048,12.49,50.78,-1.243,-0.955,0.92,0
5049,10.04,320.19,-1.115,-0.273,2.315,0
5050,9.58,26.97,-0.374,0.832,0.218,0
5051,12.97,38.22,0.029,0.94,1.654,0
5052,17.29,158.15,-3.105,0.57,1.369,0
5053,17.2,25.09,1.616,-1.179,2.087,0
5054,11.8,103.1,-1.446,0.069,-2.385,0
5055,16.35,67.63,-1.135,-0.206,-1.215,0
5056,15.16,26.46,1.073,-1.05,-1.668,0
5057,8.94,102.8,-1.084,0.966,-0.424,0
5058,13.08,39.41,1.233,0.085,-3.126,0
5059,10.44,11.06,-2.69,-1.163,-2.69,0
5060,16.09,105.66,-0.693,-1.315,0.734,0
5061,15.49,143.69,0.841,0.287,-0.414,0
5062,18.05,48.94,0.058,0.09,-0.742,0
5063,11.27,175.4,0.636,-1.206,-0.656,0
5064,8.39,127.39,-2.026,-2.715,-0.037,0
5065,20.4,19.16,-0.231,-1.537,1.675,0
5066,18.26,72.88,0.902,0.795,0.061,0
5067,6.88,54.57,0.164,-2.097,0.217,0
5068,15.81,153.88,0.453,-0.605,-0.906,0
5069,8.04,144.71,-2.091,0.309,-0.77,0
5070,21.79,26.43,-0.029,0.579,0.658,0
5071,7.64,29.38,-1.079,-0.28,0.645,0
5072,19.2,74.27,0.332,-1.104,0.746,0
5073,15.15,20.33,0.016,-1.279,3.11,0
5074,8.89,71.88,-2.873,-1.526,-0.136,0
5075,23.04,172.49,1.065,-1.856,-0.702,0
5076,9.33,30.48,0.231,0.377,-0.237,0
5077,15.43,112.62,0.167,0.155,-1.105,0
5078,8.79,32.78,-2.097,-0.393,-1.943,0
5079,15.33,222.66,-0.322,1.76,0.627,0
5080,15.52,33.45,0.39,1.695,1.378,0
5081,17.63,269.99,0.681,1.012,-0.793,0
5082,0.4,36.2,1.812,-1.038,-1.395,0
5083,22.23,49.94,-1.914,0.485,2.046,0
5084,9.16,59.32,-1.851,-0.875,-0.334,0
5085,8.42,3.22,-0.477,-0.568,0.77,0
5086,22.33,11.56,0.019,0.461,-2.853,0
5087,14.81,416.76,-1.68,2.56,-1.191,0
5088,3.02,14.74,1.625,0.753,0.333,0
5089,9.95,74.36,-0.18,-0.534,0.359,0
5090,10.41,82.46,-2.206,0.843,-1.025,0
5091,10.79,146.25,-0.209,0.358,-0.903,0
5092,6.17,44.87,-1.097,1.448,-1.138,0
5093,9.2,57.29,0.614,-0.146,-0.372,0
5094,18.69,17.63,0.49,0.086,-0.716,0
5095,7.98,6.57,0.816,0.777,0.385,0
5096,1.76,31.77,-0.13,0.385,-0.971,0
5097,7.57,31.11,-1.134,0.644,-0.42,0
5098,16.08,16.71,0.652,-0.545,0.096,0
5099,21.2,16.97,1.713,1.371,0.137,0
5100,15.33,43.88,-0.443,-0.858,0.255,0
5101,21.04,68.09,1.777,1.356,-0.503,0
5102,19.99,9.81,-0.184,0.018,-1.37,0
5103,12.82,35.79,-0.506,1.398,0.318,0
5104,8.25,46.85,-0.687,-1.227,0.65,0
5105,20.19,17.76,2.559,0.507,0.443,0
5106,18.1,64.86,-1.563,0.677,1.891,0
5107,10.02,45.67,0.078,0.179,-1.424,0
5108,14.12,38.24,-0.548,-2.096,-1.461,0
5109,18.29,50.54,1.779,-0.88,2.342,0
5110,18.83,55.91,0.272,-0.071,-0.304,0
5111,6.53,8.37,-0.55,0.567,-1.076,0
5112,14.3,56.51,1.534,0.409,-2.843,0
5113,14.13,12.43,-1.237,1.786,-1.34,0
5114,13.1,38.91,-3.149,0.34,-0.657,0
5115,11.65,39.95,-0.49,-0.199,-0.313,0
5116,15.34,5.49,-0.888,0.388,-0.52,0
5117,1.33,66.47,0.551,1.392,1.398,0
5118,17.92,49.16,1.873,-1.304,-1.075,0
5119,15.95,34.95,-1.325,1.383,4.137,0
5120,7.99,174.75,-2.981,0.27,1.245,0
5121,16.31,72.82,-1.167,-0.382,1.582,0
5122,15.97,22.65,-1.096,-0.908,1.556,0
5123,12.96,12.61,-0.509,0.871,0.26,0
5124,10.59,19.29,2.179,0.328,-0.313,0
5125,22.82,15.39,1.545,0.985,0.892,0
5126,19.2,53.98,-1.395,0.73,0.497,0
5127,15.22,30.95,-0.085,0.182,-0.888,0
5128,8.9,11.14,0.852,0.526,-0.042,0
5129,13.32,30.49,-0.443,-1.882,1.618,0
5130,6.51,49.45,0.252,1.454,-1.35,0
5131,1.72,71.92,2.007,1.026,2.074,0
5132,21.05,41.8,-0.629,-0.567,-1.194,0
5133,12.81,92.81,0.509,1.297,-0.056,0
5134,8.44,33.54,1.099,1.031,1.345,0
5135,12.55,46.18,0.072,0.035,-2.094,0
5136,6.67,218.12,-0.434,0.884,-0.415,0
5137,23.51,40.02,0.923,-0.887,-1.197,0
5138,1.96,100.73,-0.798,-0.48,-2.493,0
5139,5.64,120.98,1.048,0.056,0.337,0
5140,9.35,18.17,0.407,0.647,-1.494,0
5141,5.19,1355.51,0.62,-1.302,-0.582,0
5142,9.9,31.11,2.019,-1.213,2.008,0
5143,11.68,23.28,1.206,-0.381,2.107,0
5144,14.13,14.72,-0.843,1.633,-3.376,0
5145,10.46,6.18,-0.085,-1.431,-1.078,0
5146,14.22,39.41,2.617,0.555,-1.069,0
5147,12.87,137.81,0.968,0.113,1.006,0
5148,16.6,49.87,0.058,1.325,-1.621,0
5149,13.58,125.2,0.677,0.046,-0.089,0
5150,9.33,62.88,-1.119,-0.249,-1.089,0
5151,5.81,6.97,-1.094,1.186,0.201,0
5152,17.04,12.33,-0.625,-1.115,-0.998,0
5153,16.88,27.12,-0.839,-0.214,-1.144,0
5154,9.86,11.14,-2.573,0.031,-0.409,0
5155,15.18,15.79,1.694,0.379,2.228,0
5156,14.26,202.44,-0.606,0.48,-0.432,0
5157,7.55,3.56,0.321,-0.328,-0.957,0
5158,9.5,157.25,-2.0,-1.309,-1.652,0
5159,9.49,288.02,-0.513,-1.006,0.624,0
5160,7.35,43.03,-1.743,0.279,-2.985,0
5161,20.69,20.01,0.85,1.071,-1.276,0
5162,13.31,251.91,-0.323,-0.065,2.549,0
5163,12.75,107.85,2.154,0.423,0.47,0
5164,15.44,892.25,2.926,1.036,1.498,0
5165,14.11,27.11,0.085,1.598,-1.198,0
5166,17.33,64.69,0.807,-0.774,-0.448,0
5167,8.39,22.86,0.475,0.531,0.879,0
5168,10.28,21.53,1.692,-1.592,0.895,0
5169,3.19,24.75,-1.452,-2.159,-2.738,0
5170,0.52,34.32,1.312,1.944,-0.883,0
5171,5.42,103.21,-1.443,-1.245,-1.193,0
5172,9.86,28.22,-1.517,0.229,2.962,0
5173,0.44,125.77,-1.731,-0.954,-1.776,0
5174,11.18,38.32,-2.273,1.18,-2.981,0
5175,11.55,13.58,-0.933,1.632,0.23,0
5176,10.22,28.01,1.507,0.725,0.259,0
5177,15.15,13.66,0.068,-0.137,2.418,0
5178,5.96,97.08,-0.32,0.329,-0.133,0
5179,17.75,27.96,1.128,1.541,0.791,0
5180,15.5,17.61,-0.082,1.276,-1.453,0
5181,18.61,54.27,0.77,-0.168,1.835,0
5182,9.38,15.77,-1.596,2.123,-0.153,0
5183,16.29,7.95,1.874,-1.312,0.285,0
5184,22.03,99.11,-0.789,0.669,-0.179,0
5185,20.88,20.38,1.287,-1.051,-0.987,0
5186,12.21,41.21,-0.172,0.685,-0.13,0
5187,11.91,12.22,1.682,1.107,-0.643,0
5188,13.26,41.57,-0.33,-0.398,-1.048,0
5189,8.17,3.76,0.953,-0.873,0.286,0
5190,15.4,36.61,-1.142,-1.875,-1.482,0
5191,13.72,8.3,0.708,-0.097,1.253,0
5192,19.74,80.0,-2.136,1.541,0.775,0
5193,13.1,5.77,2.371,-0.318,0.728,0
5194,0.2,27.36,0.567,0.262,2.116,0
5195,10.05,23.22,0.07,0.62,0.656,0
5196,4.72,38.12,-0.585,-0.971,-2.503,0
5197,16.2,17.0,-0.145,0.019,-0.723,0
5198,12.19,9.24,-1.536,1.175,0.443,0
5199,8.1,10.85,-0.198,-0.346,1.862,0
5200,7.74,120.04,0.362,1.528,0.429,0
5201,21.71,112.93,0.663,1.586,1.475,0
5202,20.54,69.77,-0.898,0.207,0.423,0
5203,12.42,11.94,2.35,-0.665,0.616,0
5204,10.17,7.56,0.217,-1.07,-0.284,0
5205,13.15,82.43,-0.855,-0.335,0.138,0
5206,11.09,17.43,0.822,0.196,1.283,0
5207,13.95,35.59,2.129,0.076,-1.343,0
5208,12.64,29.07,0.56,0.534,0.629,0
5209,22.29,15.35,0.446,-0.479,-0.343,0
5210,12.44,29.19,-0.478,0.214,-2.353,0
5211,8.66,15.18,-1.717,-1.68,1.605,0
5212,9.89,57.66,-1.202,-1.512,-1.376,0
5213,17.65,113.12,-1.572,1.484,-0.498,0
5214,5.96,131.73,-1.28,1.279,2.306,0
5215,15.39,40.39,-0.724,-0.15,-0.506,0
5216,11.83,5.69,0.366,0.734,-0.559,0
5217,9.37,95.7,1.043,0.2,-2.717,0
5218,3.02,6.92,1.353,0.375,-2.132,0
5219,9.79,24.91,0.205,1.821,1.24,0
5220,12.68,3.0,1.065,-0.24,0.428,0
5221,13.54,94.52,-2.399,-0.759,0.028,0
5222,5.6,113.14,1.63,-0.2,1.228,0
5223,15.95,59.29,1.371,-1.004,-0.647,0
5224,6.31,343.86,0.952,1.772,-2.542,0
5225,13.99,250.07,0.142,1.797,-2.662,0
5226,2.14,25.96,-0.086,1.935,1.5,0
5227,17.99,6.46,0.982,-1.074,-2.89,0
5228,2.02,83.91,1.073,1.575,-2.155,0
5229,22.43,508.56,-1.082,1.416,0.716,0
5230,4.98,23.58,0.258,-0.526,-0.89,0
5231,11.64,12.19,-0.355,2.035,0.623,0
5232,14.83,282.97,-1.007,-0.804,2.284,0
5233,14.38,19.14,0.576,0.712,-0.604,0
5234,14.03,51.42,0.334,0.447,-1.961,0
5235,15.26,51.27,0.36,0.386,0.707,0
5236,18.2,4.62,-1.209,-0.85,-0.929,0
5237,17.11,92.85,-0.041,-1.38,3.164,0
5238,6.32,21.3,-0.746,-1.78,1.662,0
5239,15.96,28.64,-1.494,-0.664,-0.046,0
5240,8.51,10.86,0.521,1.892,-0.711,0
5241,7.06,70.41,-0.578,-1.41,0.867,0
5242,19.5,34.22,-1.422,0.779,1.301,0
5243,11.24,178.24,0.971,0.471,-1.979,0
5244,2.75,83.85,-1.574,1.001,-0.6,0
5245,14.69,82.03,-0.364,-0.134,1.846,0
5246,22.33,16.58,1.325,-0.577,-1.353,0
5247,14.21,47.52,-0.591,-0.98,-0.857,0
5248,13.02,31.07,-2.482,0.459,2.6,0
5249,18.67,164.87,-0.669,0.004,2.064,0
5250,13.26,33.62,0.742,-0.748,-0.983,0
5251,13.86,128.31,0.767,-0.554,0.298,0
5252,15.02,146.45,-0.428,0.708,0.482,0
5253,15.15,211.72,1.086,3.585,1.416,0
5254,15.27,33.33,-1.238,1.012,-1.329,0
5255,10.7,161.65,0.031,1.145,1.788,0
5256,15.74,8.92,-1.005,0.694,0.978,0
5257,20.17,50.49,0.37,1.651,1.633,0
5258,2.66,10.68,0.008,-1.324,2.262,0
5259,11.3,124.77,0.91,-0.596,-0.685,0
5260,14.26,57.41,1.464,1.555,-1.715,0
5261,20.8,39.34,-1.083,0.407,-1.665,0
5262,17.31,191.17,-0.613,-1.891,-0.531,0
5263,17.15,21.47,1.875,-1.176,1.073,0
5264,19.3,133.31,-1.438,1.327,-1.705,0
5265,13.1,23.43,-1.96,0.795,-2.35,0
5266,23.99,17.87,1.112,-1.181,-2.645,0
5267,15.78,825.32,0.341,1.379,-0.281,0
5268,13.89,38.03,-1.833,0.801,-0.15,0
5269,11.08,177.18,-1.651,0.567,-1.238,0
5270,9.61,61.58,-0.642,-0.583,-2.068,0
5271,16.34,177.92,-3.582,-1.721,0.611,0
5272,20.83,8.13,0.002,0.066,-1.668,0
5273,18.28,52.38,-0.931,0.157,-1.303,0
5274,10.6,124.75,-0.567,1.706,-1.237,0
5275,13.67,16.57,0.674,-1.944,-0.806,0
5276,16.05,61.57,-2.444,1.145,-2.149,0
5277,12.51,28.93,2.539,-0.145,-0.433,0
5278,15.16,32.41,-1.125,-0.346,0.943,0
5279,20.85,129.97,-1.292,2.28,1.161,0
5280,17.49,18.6,0.175,-1.032,-1.996,0
5281,20.35,71.28,-0.003,1.155,-0.012,0
5282,14.79,129.26,1.42,-0.435,0.576,0
5283,18.27,112.94,0.17,-0.59,-1.873,0
5284,12.44,84.8,0.56,0.91,0.511,0
5285,16.06,80.97,-0.512,-0.88,-0.796,0
5286,13.12,114.24,-0.229,1.114,1.064,0
5287,12.04,129.73,-0.126,-0.312,-1.349,0
5288,17.01,67.85,-0.207,-3.314,0.363,0
5289,13.7,44.82,-1.513,0.044,-1.275,0
5290,17.42,97.73,2.549,0.134,0.783,0
5291,10.17,21.82,-0.387,2.218,1.555,0
5292,17.2,122.18,0.602,-1.235,0.035,0
5293,13.38,5.65,-0.383,-0.006,2.511,0
5294,6.06,152.76,-0.398,0.607,-0.511,0
5295,6.62,9.3,-1.116,-1.338,0.54,0
5296,11.46,32.52,0.148,-0.47,-0.653,0
5297,14.16,44.53,0.246,1.313,0.168,0
5298,12.74,499.03,0.403,1.082,0.131,0
5299,21.21,352.96,1.468,-1.727,-1.56,0
5300,19.54,582.5,-0.779,0.826,-2.944,0
5301,16.53,386.85,-0.96,0.35,-0.227,0
5302,17.11,67.02,1.088,0.442,-1.162,0
5303,14.73,13.77,-0.951,1.522,0.515,0
5304,18.43,124.11,-0.45,1.683,0.441,0
5305,18.95,23.65,-0.183,0.269,-2.189,0
5306,17.74,190.79,-0.212,0.835,1.196,0
5307,20.46,64.49,0.145,0.211,3.011,0
5308,18.94,103.16,1.496,0.243,1.963,0
5309,19.93,44.84,-0.068,-0.551,-0.526,0
5310,15.94,152.79,0.765,0.468,1.277,0
5311,19.56,32.35,-0.338,0.875,0.707,0
5312,17.91,13.8,1.078,0.215,-0.79,0
5313,4.47,90.18,-0.861,-0.002,-0.11,0
5314,8.41,63.56,-0.472,-1.046,-1.658,0
5315,16.86,104.29,1.256,1.741,1.383,0
5316,16.78,53.16,-1.212,-1.999,-0.731,0
5317,11.6,4.15,0.267,0.456,-0.48,0
5318,22.7,24.83,-1.121,-0.015,0.128,0
5319,13.75,23.01,-0.769,0.772,0.914,0
5320,13.36,148.84,-0.789,1.617,-0.872,0
5321,18.68,17.95,-0.769,1.175,-0.235,0
5322,11.68,83.06,1.781,0.043,-2.696,0
5323,12.87,34.83,1.457,-0.123,-1.282,0
5324,16.06,25.13,-1.696,-3.531,0.447,0
5325,12.89,80.89,0.858,-0.989,2.243,0
5326,13.68,37.71,0.786,1.702,-2.287,0
5327,4.8,82.99,0.884,-1.432,-0.965,0
5328,14.29,17.38,0.319,1.064,0.888,0
5329,10.21,120.85,1.342,-0.836,1.924,0
5330,9.19,5.54,-0.36,0.187,0.018,0
5331,11.87,34.51,0.204,-0.333,1.265,0
5332,19.42,30.11,1.593,0.976,1.056,0
5333,19.57,54.19,0.103,-0.23,-1.096,0
5334,13.15,25.8,1.339,-0.257,-3.051,0
5335,12.91,25.82,-0.881,0.794,0.796,0
5336,6.32,27.7,0.771,0.064,-1.608,0
5337,17.07,94.68,-0.791,-0.163,1.124,0
5338,9.65,18.96,0.774,-1.63,-2.661,0
5339,11.49,11.94,0.13,0.333,0.262,0
5340,10.62,23.39,-0.312,0.866,-1.395,0
5341,9.74,14.24,0.102,-0.799,-0.304,0
5342,17.4,29.33,1.329,0.465,0.904,0
5343,20.29,91.95,0.111,1.018,-1.359,0
5344,21.42,54.66,-0.368,0.563,1.093,0
5345,20.11,7.42,0.329,0.189,3.361,0
5346,13.41,85.37,1.252,-0.456,-2.083,0
5347,5.29,8.55,0.802,-1.381,-0.175,0
5348,16.11,14.37,0.396,0.343,-1.482,0
5349,12.69,66.48,-0.052,0.026,-2.494,0
5350,21.11,130.57,-2.448,-0.715,0.61,0
5351,6.1,27.03,-0.751,-0.859,1.104,0
5352,14.35,13.05,1.683,-1.252,-1.791,0
5353,9.15,139.39,-3.008,-1.551,0.649,0
5354,13.06,85.02,1.544,-0.361,-0.097,0
5355,9.08,44.46,2.137,-0.243,-1.558,0
5356,14.43,294.56,1.044,-0.311,1.449,0
5357,16.71,165.79,-0.219,-0.085,0.837,0
5358,12.87,197.69,-0.583,0.687,1.017,0
5359,21.33,16.28,-0.218,-0.094,2.128,0
5360,22.73,27.85,1.673,-0.186,-1.549,0
5361,15.18,119.56,0.5,-1.4,-0.25,0
5362,13.95,24.75,-0.927,-0.45,0.57,0
5363,22.67,47.81,0.916,1.052,-0.248,0
5364,17.87,213.58,0.903,-1.538,-1.937,0
5365,21.16,132.82,0.057,1.572,-0.684,0
5366,7.43,61.97,-0.139,-0.484,-2.672,0
5367,14.9,124.99,1.162,0.69,0.731,0
5368,17.67,101.92,2.12,-0.251,-1.757,0
5369,21.94,233.72,1.183,-0.045,1.164,0
5370,11.13,130.14,0.986,-1.732,-3.847,0
5371,3.02,157.44,0.34,0.94,-1.968,0
5372,8.3,72.11,2.724,-1.096,0.093,0
5373,12.89,68.55,-1.492,-2.663,0.283,0
5374,20.03,25.69,-0.739,-1.154,-0.596,0
5375,14.43,43.42,2.554,0.368,-2.909,0
5376,16.17,6.79,-1.584,-1.207,-2.071,0
5377,13.98,76.38,0.554,-0.128,1.654,0
5378,14.99,103.95,-0.114,-1.134,1.189,0
5379,8.59,64.9,2.549,-0.588,-1.116,0
5380,20.2,52.46,0.185,-0.533,0.131,0
5381,10.88,18.26,1.221,0.812,2.569,0
5382,2.66,28.36,2.289,0.691,-0.605,0
5383,15.32,10.92,-0.405,-1.581,-0.124,0
5384,16.7,11.22,-1.763,-1.041,2.638,0
5385,19.87,23.91,2.472,-1.46,2.207,0
5386,12.93,35.48,-1.213,-0.402,0.216,0
5387,19.34,29.54,-0.878,1.321,3.015,0
5388,12.78,262.31,0.269,-0.388,-1.352,0
5389,12.4,34.6,0.185,1.08,1.393,0
5390,8.67,12.46,-2.125,-2.319,1.248,0
5391,6.21,12.37,0.454,0.135,1.321,0
5392,12.65,30.46,0.524,0.729,-0.922,0
5393,18.94,20.85,-0.564,-0.752,-0.486,0
5394,13.32,20.67,-0.56,0.859,0.365,0
5395,23.89,49.64,1.245,-0.997,-0.239,0
5396,14.2,3.65,1.063,-0.888,-3.052,0
5397,5.09,23.13,-0.275,2.047,1.373,0
5398,5.08,281.66,-1.057,1.07,0.339,0
5399,16.1,4.98,0.055,-2.573,-2.433,0
5400,20.18,76.19,-1.23,1.067,-0.421,0
5401,13.56,9.12,0.043,-0.554,1.396,0
5402,11.24,79.22,2.654,-1.029,-0.829,0
5403,0.75,82.43,2.509,-0.173,0.391,0
5404,19.21,11.94,0.894,-0.132,-1.808,0
5405,16.89,147.32,-0.717,1.932,-1.435,0
5406,17.45,99.31,1.113,0.843,-1.795,0
5407,14.86,242.2,0.041,-0.741,-0.291,0
5408,19.1,9.17,-2.829,-1.402,1.557,0
5409,9.3,32.26,-0.69,0.925,0.445,0
5410,8.04,80.85,0.092,-1.153,1.111,0
5411,18.0,23.71,-1.257,0.629,2.003,0
5412,11.28,61.02,0.867,-0.319,-1.161,0
5413,3.89,79.67,0.992,-0.457,0.683,0
5414,14.0,77.52,0.931,0.088,0.046,0
5415,16.43,34.81,0.061,0.634,-0.625,0
5416,20.8,45.51,1.168,-0.79,0.817,0
5417,9.57,28.15,-2.56,-1.508,-1.418,0
5418,19.35,42.86,0.013,-1.406,2.726,0
5419,16.82,14.11,0.322,1.228,1.55,0
5420,12.91,23.17,0.492,-2.159,-2.071,0
5421,23.23,14.51,1.489,0.38,0.193,0
5422,3.32,114.07,-0.723,-0.877,-1.527,0
5423,16.51,44.19,0.319,-0.008,0.155,0
5424,19.1,12.96,0.795,0.332,0.875,0
5425,12.76,13.5,0.26,-0.605,0.104,0
5426,16.1,4.64,0.143,-1.719,-1.129,0
5427,13.39,39.86,1.788,-0.413,1.13,0
5428,20.92,294.31,0.77,-1.063,0.149,0
5429,22.71,90.98,-0.588,-1.012,-1.023,0
5430,14.05,48.63,-1.242,1.538,-1.561,0
5431,10.82,2.45,2.405,-1.51,3.065,0
5432,9.55,52.63,0.844,-1.142,-0.082,0
5433,2.91,113.01,-1.45,0.764,-1.878,0
5434,15.97,158.03,-1.974,0.19,-0.111,0
5435,14.48,149.99,0.076,0.295,-0.8,0
5436,13.78,50.81,-0.466,2.054,0.437,0
5437,13.19,2239.9,-0.269,0.752,-1.734,0
5438,13.89,36.63,-2.41,0.01,-0.009,0
5439,16.53,257.39,-0.245,0.312,1.133,0
5440,9.95,24.69,-2.036,0.834,0.343,0
5441,16.05,128.11,1.315,0.615,0.922,0
5442,16.12,17.75,0.745,-0.014,0.877,0
5443,15.15,263.22,1.301,-0.091,-0.421,0
5444,12.49,17.82,-1.283,0.754,-1.445,0
5445,15.99,150.64,0.014,0.269,1.636,0
5446,3.0,395.69,0.09,0.634,-0.238,0
5447,10.09,89.33,-1.042,-1.718,-1.212,0
5448,12.87,17.05,0.977,0.607,-1.793,0
5449,12.23,90.11,0.625,-1.301,-0.356,0
5450,20.83,139.18,1.846,-0.61,1.225,0
5451,14.41,9.23,1.254,0.369,1.673,0
5452,16.57,54.0,-0.525,-0.157,-1.496,0
5453,11.7,16.1,1.357,-1.3,-0.259,0
5454,11.37,50.49,2.532,0.526,-0.299,0
5455,15.2,43.26,0.595,0.579,0.647,0
5456,8.59,166.46,-1.033,-0.001,-3.342,0
5457,10.73,138.98,-1.164,0.854,1.816,0
5458,16.86,14.88,0.07,-2.469,0.295,0
5459,20.1,114.47,0.278,0.005,0.685,0
5460,15.53,144.88,0.034,0.975,1.646,0
5461,1.81,218.96,-0.295,1.811,1.001,0
5462,16.44,61.13,-0.154,-1.031,3.932,0
5463,15.75,119.87,-1.266,0.775,-0.245,0
5464,20.49,41.1,-1.338,-0.075,0.878,0
5465,8.6,29.3,1.244,-2.737,1.617,0
5466,13.25,21.54,2.18,0.332,-2.037,0
5467,15.16,10.9,0.259,0.571,1.009,0
5468,21.57,83.02,-1.986,1.068,1.575,0
5469,15.04,23.97,-0.948,1.002,0.38,0
5470,13.58,64.17,-1.718,-0.348,0.118,0
5471,7.69,56.68,0.325,0.907,-0.978,0
5472,14.27,8.33,-0.461,0.855,0.978,0
5473,9.73,66.77,0.645,0.037,0.587,0
5474,17.48,183.5,0.566,0.589,-1.05,0
5475,17.93,60.37,0.407,-1.3,1.373,0
5476,10.86,31.27,-1.022,-0.124,0.548,0
5477,1.51,44.01,0.264,0.742,-1.245,0
5478,8.19,57.82,-0.261,0.545,-1.072,0
5479,6.61,142.56,0.837,1.44,0.338,0
5480,18.76,53.66,-2.49,-1.242,1.475,0
5481,17.39,99.37,0.065,1.615,0.39,0
5482,14.63,4.45,0.3,-1.781,0.363,0
5483,16.0,70.51,0.993,-0.195,0.455,0
5484,14.39,138.28,-0.244,0.034,0.608,0
5485,16.93,17.09,1.42,0.2,0.242,0
5486,8.87,71.21,-0.826,-2.225,-1.683,0
5487,15.32,110.62,1.77,0.004,-0.59,0
5488,17.61,30.42,-0.513,-0.75,-0.929,0
5489,3.35,34.62,0.828,1.132,-0.202,0
5490,12.82,18.33,0.946,-1.304,-1.014,0
5491,17.19,119.36,2.929,-0.999,-2.712,0
5492,11.8,58.59,1.411,-0.924,-0.994,0
5493,15.44,73.18,-1.208,0.282,-1.958,0
5494,14.43,212.86,-0.074,-1.086,0.354,0
5495,6.21,170.59,-1.442,1.101,0.698,0
5496,1.36,88.02,0.04,0.113,0.421,0
5497,11.36,38.3,1.796,1.163,1.014,0
5498,15.75,14.65,-3.53,-1.012,0.043,0
5499,6.75,24.45,-0.907,-1.143,-2.274,0
5500,14.22,90.5,2.169,-0.546,-3.421,0
5501,17.05,16.71,-0.43,0.326,-2.016,0
5502,1.59,29.93,0.761,0.09,-0.462,0
5503,12.91,98.71,0.504,-1.032,1.502,0
5504,19.3,42.03,0.059,0.57,-0.888,0
5505,21.29,48.57,-1.003,0.537,-0.498,0
5506,12.83,2.8,4.138,-1.242,-0.867,0
5507,8.06,35.19,-0.292,-1.329,-0.234,0
5508,12.99,44.31,0.162,-0.63,0.49,0
5509,10.89,38.29,-1.432,-0.228,0.527,0
5510,2.4,28.18,-1.005,-0.47,-0.274,0
5511,15.19,8.86,2.169,-0.727,-1.86,0
5512,5.35,43.77,1.069,-0.449,-0.743,0
5513,18.73,69.97,-0.612,-0.936,0.379,0
5514,6.83,49.1,0.593,0.66,0.744,0
5515,13.15,28.12,0.677,-1.167,1.015,0
5516,13.25,225.68,1.164,0.861,1.45,0
5517,7.61,17.18,-0.061,-2.277,-1.292,0
5518,11.16,27.42,-0.656,1.201,0.534,0
5519,14.86,23.84,-1.126,0.076,0.109,0
5520,14.45,407.59,0.327,-0.502,-1.315,0
5521,4.12,71.4,0.41,-1.912,-0.121,0
5522,5.74,927.05,2.113,-0.513,1.419,0
5523,20.61,67.26,-1.357,0.295,-1.552,0
5524,15.85,109.01,-2.06,0.714,-1.629,0
5525,12.02,33.33,-0.003,-0.424,-0.378,0
5526,18.16,4.4,1.345,0.438,1.501,0
5527,22.08,52.15,-1.274,0.638,-0.619,0
5528,17.26,6.92,1.121,-0.824,-0.458,0
5529,5.32,158.44,0.071,-0.167,0.968,0
5530,3.19,36.19,0.537,-1.282,-1.243,0
5531,11.05,249.38,-4.763,-0.307,-1.325,0
5532,7.72,149.28,0.192,-0.853,1.781,0
5533,6.86,27.43,2.273,-1.538,2.962,0
5534,14.74,23.26,1.259,-1.359,0.409,0
5535,13.9,99.8,-1.71,1.78,-1.648,0
5536,15.75,6.38,-0.283,0.412,0.655,0
5537,15.17,35.29,0.242,0.211,0.994,0
5538,12.64,253.2,-0.043,-0.692,2.554,0
5539,19.74,70.96,-2.66,1.459,-1.492,0
5540,14.39,38.34,-0.261,0.991,-0.325,0
5541,23.53,37.81,-0.388,0.743,-0.83,0
5542,23.9,96.51,0.417,-0.346,0.623,0
5543,15.07,30.1,-1.714,-0.013,0.274,0
5544,17.5,9.55,-2.954,-0.475,-0.989,0
5545,17.34,35.83,0.293,-0.364,0.6,0
5546,17.07,132.15,3.281,0.414,0.696,0
5547,2.89,4.51,3.052,-0.943,0.135,0
5548,7.76,25.93,-0.694,0.435,0.234,0
5549,15.9,22.12,0.825,0.161,0.061,0
5550,2.8,82.72,0.168,-0.868,-0.249,0
5551,14.28,11.18,-1.711,0.547,0.72,0
5552,4.87,13.97,0.823,-0.176,-1.6,0
5553,18.53,91.48,2.317,1.013,0.779,0
5554,10.01,79.77,-1.463,0.169,-0.296,0
5555,13.25,34.56,1.209,-0.715,-1.007,0
5556,10.59,41.13,2.088,-0.592,3.418,0
5557,7.35,141.35,-1.934,-0.015,-0.516,0
5558,12.52,38.99,-1.469,1.739,2.409,0
5559,12.31,6.4,2.143,0.952,2.714,0
5560,13.24,120.37,1.86,-1.011,-2.831,0
5561,7.31,17.57,1.163,-0.418,-0.425,0
5562,20.87,136.77,-0.224,0.571,0.297,0
5563,8.5,35.47,-0.103,-0.912,-0.201,0
5564,6.85,580.95,-0.931,1.399,2.995,0
5565,6.33,24.51,0.477,0.46,1.491,0
5566,7.39,67.45,-3.365,-0.062,-1.363,0
5567,9.16,51.61,-0.902,0.526,-0.414,0
5568,14.28,29.12,2.596,1.472,-0.89,0
5569,12.84,7.8,-0.275,-1.265,0.622,0
5570,13.44,25.5,1.045,0.976,-0.483,0
5571,0.51,84.91,-0.548,0.716,0.251,0
5572,10.51,44.71,0.713,-1.164,1.063,0
5573,21.14,97.99,-0.558,-0.787,-2.9,0
5574,19.2,11.18,-0.42,-0.475,1.254,0
5575,6.57,57.01,-0.802,-0.004,1.022,0
5576,7.35,30.71,0.007,-0.008,-0.354,0
5577,18.33,29.48,0.48,-1.272,0.495,0
5578,9.05,17.78,-1.756,-0.87,0.649,0
5579,18.44,16.24,0.28,1.257,1.799,0
5580,11.77,245.1,-0.914,-0.614,-0.47,0
5581,10.27,46.1,0.13,-0.022,0.494,0
5582,8.39,9.91,2.402,-0.076,0.554,0
5583,4.02,20.79,-0.396,0.864,-2.727,0
5584,20.87,156.65,-0.79,0.829,-0.155,0
5585,11.05,85.24,1.112,-0.805,0.162,0
5586,14.5,38.26,-1.228,-1.356,1.849,0
5587,15.68,20.48,2.288,1.158,1.418,0
5588,9.76,82.77,-0.472,-0.075,0.62,0
5589,6.29,202.52,3.009,0.636,-2.574,0
5590,16.91,120.6,2.035,-0.612,-1.065,0
5591,11.34,11.6,-0.21,-0.543,-1.349,0
5592,17.8,39.62,-1.672,0.456,-1.51,0
5593,22.48,125.48,-0.335,-2.189,-0.08,0
5594,1.71,191.44,2.707,0.752,-0.848,0
5595,16.37,103.25,-0.571,-0.51,-0.554,0
5596,19.36,32.47,-1.047,-0.967,0.979,0
5597,13.4,13.82,-1.236,-0.325,2.176,0
5598,6.67,297.17,0.86,-1.462,-0.931,0
5599,12.86,85.29,1.181,-0.001,-0.428,0
5600,14.88,52.53,0.589,0.021,0.694,0
5601,19.3,15.95,-0.174,0.645,0.432,0
5602,7.96,59.08,-0.912,0.394,-0.477,0
5603,13.55,124.85,0.497,-0.892,-0.917,0
5604,22.21,184.56,-1.345,-0.199,0.847,0
5605,18.14,119.14,0.274,-1.225,-1.89,0
5606,4.52,24.29,-0.378,0.099,-0.572,0
5607,21.2,59.92,0.459,0.999,-0.797,0
5608,21.71,12.45,-0.375,-2.298,-1.07,0
5609,10.68,43.61,-0.455,-0.226,-2.589,0
5610,12.39,77.27,0.334,0.624,-2.015,0
5611,7.87,34.36,-0.645,0.269,0.055,0
5612,2.24,44.99,1.013,-0.964,-1.07,0
5613,17.68,4.63,-0.915,-1.219,-1.897,0
5614,5.58,124.04,-0.181,0.018,1.05,0
5615,14.53,26.92,-0.345,0.513,-2.548,0
5616,21.24,20.22,-0.757,-0.275,1.165,0
5617,9.57,4.31,-0.907,-0.313,0.772,0
5618,7.92,156.97,-0.811,-1.463,-0.95,0
5619,15.63,24.89,-0.722,1.995,0.833,0
5620,19.68,122.23,-0.081,-1.729,-0.558,0
5621,5.85,7.19,1.015,-1.814,1.386,0
5622,8.65,8.04,-0.05,0.753,-2.073,0
5623,18.41,26.01,-1.986,0.977,-0.907,0
5624,15.99,157.98,-2.744,1.675,-3.037,0
5625,8.88,112.11,1.255,0.174,-0.713,0
5626,12.18,49.33,0.303,-0.557,-1.675,0
5627,17.35,305.25,-1.286,0.076,-0.249,0
5628,17.18,32.87,1.734,0.969,-0.325,0
5629,13.75,47.69,-1.709,0.043,-1.303,0
5630,8.27,91.62,-2.111,0.026,-0.054,0
5631,6.11,12.12,-0.724,-0.612,-0.67,0
5632,20.39,7.5,0.636,0.169,1.97,0
5633,5.21,81.14,-1.058,0.012,-1.878,0
5634,17.72,37.57,-0.054,1.748,-1.295,0
5635,7.49,57.75,1.289,0.881,-1.789,0
5636,19.06,199.19,-2.478,0.079,-0.391,0
5637,16.81,81.16,-1.577,0.317,0.333,0
5638,1.94,20.26,1.854,-1.747,-1.96,0
5639,19.43,76.34,-0.039,1.404,-2.042,0
5640,10.38,6.95,-0.142,-1.118,0.711,0
5641,21.58,14.21,-1.593,0.61,-0.131,0
5642,12.15,20.07,2.147,-1.339,-0.189,0
5643,14.78,25.24,-1.182,1.316,-1.819,0
5644,0.89,209.45,1.95,-2.531,2.357,1
5645,13.09,334.98,-0.259,-0.58,-4.199,0
5646,18.48,413.96,2.111,-1.067,0.817,0
5647,4.93,34.75,0.599,-0.333,1.902,0
5648,18.74,84.96,0.533,0.571,-0.616,0
5649,9.18,16.29,-0.431,-0.013,2.853,0
5650,8.98,17.34,-0.282,-1.427,-0.502,0
5651,17.46,38.68,0.605,1.612,2.299,0
5652,6.57,202.67,0.014,-1.596,2.329,0
5653,20.18,42.31,1.007,0.464,-0.138,0
5654,21.44,33.11,1.118,1.2,-0.207,0
5655,8.88,28.36,-1.458,0.091,0.911,0
5656,9.32,94.01,0.607,-0.904,-1.667,0
5657,9.93,288.43,-0.548,-0.747,-2.141,0
5658,10.6,51.73,2.37,1.788,2.26,0
5659,13.55,30.94,-0.321,-0.798,0.662,0
5660,6.39,188.23,0.16,1.923,-1.122,0
5661,9.71,47.78,-0.471,-1.929,-0.295,0
5662,22.81,27.77,-0.249,0.467,0.383,0
5663,18.49,37.44,1.885,-2.033,-0.929,0
5664,15.77,258.18,0.095,-0.852,-0.628,0
5665,0.37,59.44,0.138,0.623,0.81,0
5666,8.59,101.4,-1.506,0.282,-1.353,0
5667,21.81,52.01,0.603,-1.412,-1.545,0
5668,7.72,27.97,0.265,0.763,-0.671,0
5669,20.81,25.31,0.407,-0.88,-0.477,0
5670,13.47,21.26,0.777,1.005,-0.473,0
5671,7.15,38.71,-0.885,0.782,-0.71,0
5672,21.8,116.86,-0.088,-1.185,-1.726,0
5673,8.88,78.3,-0.847,0.136,-2.292,0
5674,17.36,102.09,-0.433,1.287,0.755,0
5675,18.96,15.68,2.422,-0.317,0.867,0
5676,11.86,38.43,1.958,-0.158,1.343,0
5677,10.03,25.11,-1.644,1.147,0.663,0
5678,9.33,41.03,-1.27,0.299,-0.033,0
5679,18.67,69.17,-1.198,0.427,-0.133,0
5680,11.08,338.1,-0.618,-1.357,-0.33,0
5681,17.11,25.25,1.733,1.92,-1.233,0
5682,17.16,62.6,-0.773,-1.486,0.453,0
5683,2.8,7.7,-0.546,1.802,-2.094,0
5684,2.56,49.09,-0.384,-0.818,-0.199,0
5685,22.22,56.2,-1.589,0.487,-0.627,0
5686,13.5,23.57,-0.916,-0.354,-0.285,0
5687,2.67,13.19,0.503,-1.373,-1.316,0
5688,16.22,9.05,0.411,1.054,-0.683,0
5689,3.59,19.79,0.592,0.809,2.718,0
5690,16.43,6.99,-0.217,-2.074,-0.089,0
5691,2.67,183.82,1.987,-0.717,1.21,0
5692,18.34,8.27,-1.523,0.561,1.535,0
5693,17.19,29.11,0.676,-1.502,-0.69,0
5694,2.67,19.86,0.298,-1.856,-0.354,0
5695,13.19,471.8,-0.779,-0.295,1.845,0
5696,10.46,25.56,-2.778,-0.49,0.935,0
5697,19.69,38.88,1.112,-1.025,-0.11,0
5698,19.53,62.34,-0.044,0.338,-1.716,0
5699,3.99,39.66,1.077,-0.06,-0.42,0
5700,0.72,58.92,-1.366,0.359,3.772,0
5701,15.37,74.25,-0.191,-0.266,0.076,0
5702,9.79,38.21,-0.662,0.032,0.582,0
5703,10.18,617.25,-0.546,-1.44,-0.418,0
5704,4.87,131.7,1.42,3.321,0.53,0
5705,20.74,8.92,1.735,0.13,1.505,0
5706,15.45,52.49,-0.791,-1.074,2.481,0
5707,13.0,27.83,-3.418,-0.355,1.425,0
5708,13.22,97.46,-1.958,0.585,-1.026,0
5709,13.76,53.69,1.082,1.781,-1.313,0
5710,13.95,80.91,-1.853,0.662,1.646,0
5711,16.64,6.28,-0.963,-0.543,0.541,0
5712,8.86,25.32,-0.249,-0.618,-0.821,0
5713,13.35,112.78,-1.556,-0.438,-0.447,0
5714,12.87,135.81,-1.157,0.154,2.667,0
5715,8.99,66.76,0.676,1.242,-2.844,0
5716,8.01,8.71,1.617,1.445,-3.07,0
5717,6.23,53.37,1.3,-0.151,-0.664,0
5718,19.53,68.7,0.138,-0.527,1.169,0
5719,14.76,20.01,1.324,0.285,-2.348,0
5720,1.19,33.35,-0.924,2.022,-0.49,0
5721,2.24,38.6,2.402,-0.289,1.304,0
5722,19.33,134.97,0.394,0.574,-0.346,0
5723,12.52,76.47,-0.505,-0.605,1.273,0
5724,0.33,103.5,-0.363,1.85,0.489,0
5725,9.79,46.63,-0.941,-0.968,1.001,0
5726,19.66,27.96,0.561,0.797,0.674,0
5727,22.0,55.48,-1.938,1.781,0.432,0
5728,17.28,94.58,-1.165,-1.2,3.1,0
5729,22.54,207.12,1.505,0.236,-3.414,0
5730,13.06,56.87,3.462,0.424,2.522,0
5731,6.91,36.36,1.862,-2.163,-1.269,0
5732,19.67,38.38,0.051,0.931,-0.293,0
5733,11.14,59.76,0.315,-0.691,-0.032,0
5734,19.27,13.16,1.858,-0.943,-2.19,0
5735,16.31,88.25,0.933,-1.205,-0.563,0
5736,13.34,33.35,0.618,-0.734,1.408,0
5737,22.96,124.58,2.737,-2.737,0.231,0
5738,21.64,24.09,-0.96,-0.192,-1.324,0
5739,23.7,77.24,-2.07,0.107,-2.802,0
5740,1.28,85.43,0.638,-2.989,1.297,0
5741,12.4,282.48,1.298,-1.421,0.75,0
5742,13.65,27.43,0.941,-0.938,1.838,0
5743,4.96,16.19,3.232,-0.015,-0.528,0
5744,10.25,96.35,1.21,-1.56,-0.933,0
5745,9.46,30.63,-1.9,-1.267,0.474,0
5746,16.89,97.07,-0.255,0.446,1.111,0
5747,11.57,28.46,1.271,0.138,1.465,0
5748,20.41,39.13,-0.101,0.14,0.413,0
5749,17.04,13.42,-0.997,-0.365,-1.463,0
5750,16.05,113.0,0.648,2.212,1.425,0
5751,14.9,83.09,-1.699,0.691,0.693,0
5752,13.96,75.31,0.653,0.533,1.782,0
5753,8.4,260.2,-2.78,-0.29,0.185,0
5754,2.97,137.96,1.258,-1.851,3.062,1
5755,5.5,13.34,-0.106,0.663,0.944,0
5756,7.57,24.58,-2.162,0.285,-0.12,0
5757,13.54,95.42,0.003,-0.14,-1.983,0
5758,17.11,7.37,1.23,-0.932,-0.14,0
5759,9.75,364.3,-0.81,-1.496,-0.371,0
5760,11.73,131.9,1.12,0.699,1.292,0
5761,8.36,9.43,0.204,-0.45,1.018,0
5762,13.11,120.03,0.391,1.553,1.763,0
5763,13.95,97.65,-1.007,2.443,-3.056,0
5764,1.16,26.84,1.291,-0.922,-0.276,0
5765,18.44,125.85,-1.216,0.729,0.688,0
5766,9.04,76.22,2.579,-0.965,-0.834,0
5767,21.58,23.8,1.465,1.301,-1.422,0
5768,11.63,19.05,0.49,-1.238,-0.634,0
5769,1.27,210.18,3.177,-2.425,3.007,1
5770,6.62,18.42,-1.571,-0.313,1.1,0
5771,11.25,9.11,-2.837,0.182,-1.145,0
5772,14.63,17.39,-1.107,0.774,1.617,0
5773,17.86,35.76,-0.29,1.578,-0.953,0
5774,19.0,30.4,-1.979,-0.617,-3.61,0
5775,16.65,56.31,1.701,1.489,1.953,0
5776,2.74,86.73,1.879,1.398,-1.508,0
5777,15.32,27.64,1.508,0.233,-0.027,0
5778,19.82,17.73,-0.733,1.409,-0.48,0
5779,16.84,94.94,-0.632,-0.801,0.058,0
5780,7.87,69.1,0.279,-1.317,-2.105,0
5781,9.06,28.62,-1.159,1.171,-3.285,0
5782,11.54,14.31,0.612,0.221,1.331,0
5783,9.72,43.03,0.031,-0.194,0.429,0
5784,22.87,51.15,-0.248,0.855,-0.471,0
5785,12.69,65.33,-1.978,0.29,0.313,0
5786,17.75,213.11,0.497,0.98,-0.116,0
5787,9.04,351.3,-2.773,-0.987,1.198,0
5788,14.76,70.44,1.094,0.259,1.557,0
5789,4.41,21.65,0.218,-0.057,-2.844,0
5790,3.16,98.03,0.765,-2.211,-1.678,0
5791,21.41,24.26,0.537,-0.071,-0.642,0
5792,16.84,13.36,0.964,1.152,0.933,0
5793,18.06,8.33,-2.528,0.543,-0.423,0
5794,18.0,39.66,1.8,1.156,0.987,0
5795,0.41,48.88,2.451,-3.829,0.886,1
5796,1.56,563.21,2.109,-3.192,1.91,1
5797,12.1,8.49,1.261,-0.274,-0.332,0
5798,21.27,109.5,0.609,-2.077,0.698,0
5799,13.08,9.87,0.664,0.315,-0.037,0
5800,16.14,27.06,0.982,-0.228,-0.975,0
5801,16.86,5.93,-0.59,-0.88,0.801,0
5802,17.03,100.95,0.928,-0.993,-2.408,0
5803,7.59,11.36,1.582,-0.418,0.424,0
5804,14.48,49.15,-3.174,-1.304,0.449,0
5805,22.68,283.03,0.201,-1.372,1.718,0
5806,17.07,28.01,-0.616,0.096,1.898,0
5807,13.79,44.02,1.555,-0.812,1.464,0
5808,21.84,152.81,-0.49,1.529,-0.534,0
5809,11.25,72.79,-1.815,-0.241,-0.474,0
5810,15.73,90.1,2.28,0.37,2.11,0
5811,15.54,109.64,1.909,0.083,0.835,0
5812,5.39,6.85,0.993,-0.71,-0.65,0
5813,3.2,334.57,-1.153,-0.77,-2.001,0
5814,17.8,49.9,1.102,-0.839,-0.319,0
5815,19.5,29.31,1.295,1.741,-0.779,0
5816,0.97,41.28,-1.452,2.156,0.048,0
5817,7.03,193.7,-1.776,0.21,-0.35,0
5818,13.6,21.05,2.247,-0.041,-0.529,0
5819,22.55,187.31,0.284,0.164,-0.133,0
5820,14.78,69.43,1.747,0.417,1.703,0
5821,21.31,14.07,2.582,-0.171,0.855,0
5822,2.56,27.08,-0.75,-0.081,0.287,0
5823,7.72,46.98,-0.927,2.048,0.189,0
5824,8.38,41.63,-1.028,-0.764,-1.252,0
5825,8.64,172.53,-1.275,-0.505,1.458,0
5826,20.64,30.53,0.321,0.293,1.193,0
5827,16.63,46.49,-0.045,-0.034,0.255,0
5828,16.85,6.17,1.395,-0.395,3.376,0
5829,18.88,132.37,0.637,-1.08,-1.032,0
5830,4.84,28.18,-1.288,-0.745,-0.415,0
5831,17.16,74.1,1.064,-0.155,2.526,0
5832,18.4,79.12,-0.66,-0.279,2.34,0
5833,14.64,147.19,-0.677,-0.414,1.96,0
5834,6.93,161.46,-1.156,-0.675,1.45,0
5835,6.48,92.29,1.672,-1.051,-0.152,0
5836,18.92,21.71,0.358,-1.595,0.828,0
5837,2.47,91.05,-0.004,-1.292,1.298,0
5838,15.24,231.23,-1.047,-0.384,-0.352,0
5839,17.01,28.41,2.06,0.741,0.194,0
5840,19.49,372.56,-0.827,0.023,0.301,0
5841,9.02,52.3,-0.533,-0.543,2.499,0
5842,5.71,118.28,0.595,-1.273,-0.621,0
5843,13.31,114.09,0.115,1.031,-0.581,0
5844,13.01,89.85,-0.247,-2.18,0.092,0
5845,6.72,9.43,1.763,0.556,-0.586,0
5846,10.3,17.56,-1.8,-0.38,0.275,0
5847,22.11,5.71,-2.602,-0.211,0.585,0
5848,0.87,33.72,-1.583,-0.897,1.35,0
5849,22.78,234.51,-0.695,1.729,0.011,0
5850,7.1,135.38,0.585,0.435,-0.126,0
5851,10.97,343.5,-0.499,-1.433,-0.95,0
5852,13.0,41.2,1.247,0.404,-0.338,0
5853,12.31,30.92,-0.117,1.89,1.255,0
5854,15.74,249.34,0.077,1.34,0.894,0
5855,18.33,14.17,-1.345,-1.371,-0.098,0
5856,19.48,18.78,-0.418,-0.431,0.411,0
5857,2.02,278.38,0.198,2.807,2.301,0
5858,17.34,111.05,2.433,-2.915,-0.093,0
5859,17.32,19.18,0.69,0.483,0.12,0
5860,4.41,100.86,1.272,0.693,3.109,0
5861,11.68,38.58,0.222,1.145,-0.861,0
5862,8.5,57.0,-1.491,-2.698,1.237,0
5863,20.86,16.97,-1.342,-0.52,-1.067,0
5864,6.42,36.22,0.042,1.811,-0.747,0
5865,8.15,10.68,-1.571,0.452,0.886,0
5866,18.79,6.2,-1.447,-1.402,-1.868,0
5867,17.48,27.09,-1.043,0.771,-0.138,0
5868,17.96,13.52,2.046,-1.184,2.154,0
5869,23.34,17.61,0.035,0.888,1.196,0
5870,12.87,64.34,-0.466,0.282,1.72,0
5871,22.74,45.96,0.693,-1.049,0.752,0
5872,12.84,81.89,-0.246,0.86,2.435,0
5873,21.69,115.35,1.167,1.747,0.555,0
5874,18.23,144.81,0.481,-0.131,-0.674,0
5875,5.21,16.35,0.67,0.237,0.62,0
5876,8.88,30.78,3.922,1.074,0.833,0
5877,14.83,165.32,1.633,1.632,-0.977,0
5878,17.94,349.31,1.171,-0.917,-0.895,0
5879,21.43,24.04,1.658,0.975,1.866,0
5880,6.69,30.58,2.512,-0.188,0.843,0
5881,15.96,525.2,0.938,-0.156,0.148,0
5882,9.36,23.46,-0.703,-0.235,0.757,0
5883,15.46,53.99,0.647,0.532,-0.534,0
5884,18.37,54.57,0.062,-0.634,0.584,0
5885,4.89,93.64,2.822,0.237,0.48,0
5886,12.48,33.63,-0.184,2.094,0.213,0
5887,20.99,19.6,0.408,1.09,4.66,0
5888,11.79,172.08,0.583,-1.965,-2.084,0
5889,13.84,61.91,-0.89,-1.557,0.355,0
5890,19.28,399.8,2.838,0.122,2.048,0
5891,10.06,34.71,0.611,1.234,-0.318,0
5892,8.16,10.3,-0.63,0.05,-1.719,0
5893,21.93,14.2,-0.1,0.522,-0.237,0
5894,9.34,131.27,-1.129,0.146,0.11,0
5895,18.25,203.64,-0.31,0.376,1.009,0
5896,20.89,31.97,0.403,-1.179,0.465,0
5897,6.97,75.21,0.151,-0.566,1.353,0
5898,11.19,53.43,1.172,-1.034,0.402,0
5899,22.44,84.78,-1.021,1.987,0.011,0
5900,9.63,35.29,0.515,-2.249,1.113,0
5901,0.12,4.85,2.354,0.595,0.586,0
5902,20.29,7.97,0.182,-0.497,-1.876,0
5903,14.39,91.97,0.068,0.367,0.347,0
5904,18.63,95.59,0.082,-0.468,-2.212,0
5905,12.29,19.04,-0.265,-1.574,2.573,0
5906,10.6,20.39,-0.681,0.25,-2.52,0
5907,16.0,10.58,1.369,-0.117,-0.119,0
5908,21.78,9.56,-2.04,0.315,1.383,0
5909,13.48,16.96,0.141,-0.876,-0.132,0
5910,6.75,64.99,1.708,1.299,0.226,0
5911,16.0,20.31,2.666,0.863,1.163,0
5912,11.59,91.1,1.475,0.103,-5.164,0
5913,6.01,101.96,0.818,1.712,-2.37,0
5914,15.41,99.65,2.179,0.09,-1.258,0
5915,10.4,27.85,-0.894,-0.977,-0.825,0
5916,15.06,17.81,-1.698,-0.465,2.885,0
5917,16.53,167.06,-0.272,0.26,0.205,0
5918,12.62,97.44,0.069,1.404,0.351,0
5919,16.26,179.66,0.848,1.85,-0.982,0
5920,18.57,123.58,-0.219,0.101,1.45,0
5921,14.32,353.74,-1.682,0.592,0.582,0
5922,3.25,56.75,-2.478,0.005,-0.141,0
5923,12.81,116.92,-2.502,0.856,-0.065,0
5924,15.91,251.38,-1.814,-0.831,-0.095,0
5925,13.77,12.9,0.579,1.854,0.13,0
5926,14.16,34.77,-1.118,-0.542,-1.085,0
5927,11.02,77.07,-0.089,-0.428,2.259,0
5928,22.34,178.05,1.94,0.022,0.463,0
5929,14.09,55.18,2.177,-1.653,0.921,0
5930,8.49,57.18,-1.265,0.238,-2.011,0
5931,16.62,21.08,-0.739,-1.962,0.834,0
5932,14.29,23.73,0.888,1.597,0.378,0
5933,6.94,34.32,1.752,0.575,-3.417,0
5934,10.45,37.93,-0.282,-0.474,-2.762,0
5935,12.54,261.41,-1.022,-2.011,0.588,0
5936,18.13,52.76,1.115,0.763,1.5,0
5937,8.16,111.47,0.167,-1.173,-1.444,0
5938,6.71,64.27,-0.35,-2.38,-0.429,0
5939,13.06,174.62,-0.642,-1.511,0.403,0
5940,20.2,21.67,1.365,0.462,-0.048,0
5941,15.98,38.48,0.757,0.682,0.154,0
5942,15.84,17.13,-1.345,-1.245,3.557,0
5943,14.17,99.72,-0.912,-1.259,-0.577,0
5944,6.98,153.17,0.587,-0.779,0.063,0
5945,7.23,157.1,1.128,-0.194,0.825,0
5946,20.18,188.99,0.275,-0.687,-0.305,0
5947,14.93,43.33,0.125,-0.661,0.626,0
5948,4.68,8.74,0.661,-0.189,-0.053,0
5949,16.17,66.86,0.196,0.265,0.551,0
5950,17.56,95.38,0.194,1.321,3.02,0
5951,9.92,138.56,-0.039,1.011,0.324,0
5952,10.26,59.26,1.832,-1.747,0.179,0
5953,13.9,2.84,-0.558,-0.263,0.963,0
5954,7.18,52.15,2.811,1.473,1.033,0
5955,16.04,56.62,-0.735,0.236,2.568,0
5956,11.94,29.03,-0.453,-0.867,2.322,0
5957,21.77,162.65,0.817,-1.29,1.697,0
5958,10.25,15.41,-0.478,-0.872,-1.232,0
5959,15.73,27.09,0.25,1.028,2.112,0
5960,8.57,63.06,-0.549,-0.451,0.198,0
5961,14.7,57.83,0.862,-0.176,0.343,0
5962,3.68,53.68,-2.709,-1.744,-0.118,0
5963,3.27,153.88,2.008,-1.93,-0.465,0
5964,15.37,100.74,-0.128,-1.066,-0.867,0
5965,17.53,34.2,2.405,1.029,-0.325,0
5966,12.99,5.16,-0.069,-0.087,1.14,0
5967,19.59,691.68,-1.279,-0.629,-0.171,0
5968,10.78,50.11,0.035,-0.225,3.145,0
5969,8.15,39.83,-0.933,-1.396,0.747,0
5970,1.94,159.82,0.232,-0.131,0.37,0
5971,12.59,104.45,0.936,-0.168,0.305,0
5972,11.18,29.92,4.123,-0.817,1.222,0
5973,10.15,41.1,-0.747,-1.008,3.598,0
5974,13.35,16.09,-0.973,-1.064,-0.546,0
5975,13.83,48.08,-0.599,-0.001,0.601,0
5976,14.08,21.07,0.282,-0.573,-1.214,0
5977,17.79,40.22,-1.649,-0.166,-0.548,0
5978,17.42,25.98,-1.111,2.507,-1.961,0
5979,22.03,52.51,-0.655,-0.757,2.734,0
5980,12.74,935.22,-0.378,0.698,-2.077,0
5981,17.59,26.68,2.315,-0.746,-0.123,0
5982,11.94,24.0,1.174,1.709,-1.138,0
5983,4.38,28.17,-0.054,0.96,0.51,0
5984,5.69,43.5,-0.543,-0.617,-0.52,0
5985,2.58,912.57,-0.489,-1.167,1.745,1
5986,9.65,168.33,1.177,-0.096,1.358,0
5987,2.75,30.9,0.354,-1.77,-0.674,0
5988,22.23,643.72,1.723,-0.026,-0.525,0
5989,15.38,10.07,0.581,-0.709,-0.606,0
5990,19.82,279.86,1.024,1.229,1.563,0
5991,19.53,28.89,0.35,0.373,0.376,0
5992,12.62,223.64,0.517,2.21,0.834,0
5993,21.47,7.82,-1.026,-0.042,-1.031,0
5994,4.29,24.44,0.301,0.202,1.184,0
5995,15.91,10.28,-1.464,-0.892,4.144,0
5996,7.85,6.46,-0.386,1.663,-1.939,0
5997,0.57,76.97,-0.473,-2.755,1.146,0
5998,12.75,154.79,1.721,0.851,-1.422,0
5999,10.87,29.78,-2.034,0.313,-0.037,0
6000,9.71,32.82,0.286,1.097,1.212,0
6001,10.79,5.9,-1.03,0.195,0.079,0
6002,20.48,39.7,1.72,2.964,1.477,0
6003,17.02,146.24,-0.819,-1.302,-0.143,0
6004,13.82,153.4,0.416,1.101,2.102,0
6005,12.64,20.24,-1.722,0.835,-0.809,0
6006,11.15,38.12,-2.578,-0.257,-1.266,0
6007,13.52,63.19,0.397,-0.313,-1.241,0
6008,21.4,262.49,-0.403,-0.96,0.389,0
6009,9.54,13.11,2.203,-1.083,1.094,0
6010,22.59,25.5,-4.03,0.612,-2.282,0
6011,10.65,43.66,0.932,2.689,-0.797,0
6012,11.18,39.02,-1.667,0.738,1.587,0
6013,11.57,133.95,1.894,-1.21,1.203,0
6014,10.78,50.3,0.788,-0.333,-0.137,0
6015,22.2,17.82,-0.04,-0.924,1.222,0
6016,18.51,15.64,0.052,1.53,0.47,0
6017,10.56,154.61,2.148,1.042,-0.781,0
6018,18.08,76.08,0.757,-0.384,1.29,0
6019,21.53,29.48,0.006,1.725,-2.553,0
6020,13.69,27.98,-1.759,1.004,-0.2,0
6021,4.94,69.46,0.351,0.092,2.909,0
6022,6.19,28.27,-1.149,0.967,-0.484,0
6023,15.55,35.21,-0.457,-0.983,-0.202,0
6024,17.32,6.15,0.379,-0.045,-0.518,0
6025,13.77,40.48,0.266,0.043,-0.511,0
6026,14.8,71.66,1.52,2.167,-1.276,0
6027,19.77,107.97,-0.054,-0.592,-1.932,0
6028,23.32,42.74,1.858,-0.563,-0.24,0
6029,7.2,90.83,-1.051,1.627,-1.217,0
6030,16.4,11.78,0.211,1.009,-0.442,0
6031,20.06,2.87,-1.148,-0.28,-0.425,0
6032,15.1,20.78,-0.409,-0.161,-2.187,0
6033,3.32,106.01,-0.773,1.646,-0.898,0
6034,12.6,9.89,1.391,-0.161,0.308,0
6035,12.74,95.32,-1.756,-0.357,-1.166,0
6036,6.22,51.38,1.223,-1.396,-0.879,0
6037,20.96,5.77,-0.633,-1.228,1.385,0
6038,6.05,17.52,-0.611,-1.522,1.645,0
6039,8.3,116.75,-1.945,2.046,0.592,0
6040,17.97,104.49,-0.092,-0.165,0.103,0
6041,9.53,17.43,0.705,-1.166,-0.275,0
6042,16.08,291.07,-0.221,-1.695,-1.473,0
6043,13.71,18.62,1.023,-0.202,-1.083,0
6044,8.38,19.11,-0.881,-0.753,-0.647,0
6045,12.56,11.72,-1.655,0.105,-1.322,0
6046,5.1,153.78,-1.501,0.699,1.767,0
6047,12.49,188.78,0.727,-0.666,-1.055,0
6048,13.14,137.09,0.392,0.306,0.959,0
6049,10.49,23.08,-1.402,0.233,-0.305,0
6050,19.45,22.95,-0.88,1.011,1.126,0
6051,12.98,3.05,2.0,-1.979,1.066,0
6052,15.73,39.36,1.977,0.155,2.413,0
6053,5.61,21.32,0.98,1.318,1.571,0
6054,15.9,14.82,0.213,-0.055,-3.345,0
6055,13.05,293.9,0.811,0.951,2.076,0
6056,22.9,36.92,-2.244,-0.452,1.456,0
6057,9.7,14.71,-0.171,-1.405,0.899,0
6058,15.52,117.34,0.107,-1.243,-1.387,0
6059,15.11,252.79,1.054,-0.27,-1.04,0
6060,21.15,11.16,0.126,0.569,3.438,0
6061,17.8,47.38,0.399,1.381,0.802,0
6062,12.9,25.76,0.345,0.196,1.144,0
6063,7.5,19.94,-0.648,1.882,0.557,0
6064,10.47,18.49,-1.829,-0.394,-0.746,0
6065,12.61,37.34,0.566,-1.111,-1.408,0
6066,22.68,136.77,1.074,-0.838,1.802,0
6067,12.65,25.33,-2.607,0.626,0.827,0
6068,17.5,338.24,1.328,-1.886,-0.282,0
6069,9.06,90.9,1.063,-0.879,0.276,0
6070,21.49,108.88,-0.94,-0.27,-0.959,0
6071,14.55,65.69,-1.543,0.539,0.34,0
6072,9.32,36.44,-1.187,-0.463,-0.419,0
6073,12.64,87.58,2.011,1.234,-1.515,0
6074,9.84,17.73,-1.037,-0.281,1.691,0
6075,15.96,14.17,-2.266,0.607,-1.32,0
6076,23.91,67.46,-1.188,-1.565,0.16,0
6077,17.88,28.26,0.174,-0.233,-1.187,0
6078,18.3,82.01,0.458,1.615,-0.241,0
6079,18.19,14.65,1.165,0.916,0.691,0
6080,18.97,82.53,0.91,1.371,-1.685,0
6081,18.8,56.75,0.48,0.124,0.303,0
6082,18.51,24.58,0.289,-1.529,0.436,0
6083,10.58,233.96,-0.599,1.029,-0.668,0
6084,21.61,99.26,-1.743,-0.883,3.44,0
6085,9.77,16.24,1.149,-0.46,0.853,0
6086,20.71,244.23,1.365,-2.935,-0.094,0
6087,0.47,15.49,1.43,1.336,-0.657,0
6088,15.49,223.43,-0.502,-0.038,-3.139,0
6089,22.77,52.23,0.559,0.933,2.613,0
6090,13.35,49.93,-1.019,-1.083,3.018,0
6091,18.99,16.18,-0.706,0.607,1.053,0
6092,8.52,28.68,-0.644,-0.439,0.383,0
6093,12.07,51.55,-0.243,-1.36,-0.402,0
6094,11.68,89.85,-1.481,-0.421,0.452,0
6095,6.95,23.82,-2.615,-0.908,-1.865,0
6096,6.41,158.32,0.703,1.36,-0.823,0
6097,10.08,2.95,0.553,1.612,-0.468,0
6098,6.24,12.13,3.439,-0.179,-0.784,0
6099,5.4,215.56,0.263,1.011,-1.335,0
6100,13.91,49.49,-1.132,2.582,1.378,0
6101,11.07,22.55,-2.061,-0.971,0.133,0
6102,17.43,35.94,1.919,0.89,0.48,0
6103,12.85,15.32,1.053,0.854,0.417,0
6104,19.87,32.85,0.712,-0.825,2.722,0
6105,17.01,24.82,0.987,0.638,2.368,0
6106,7.81,38.6,-0.135,0.561,2.056,0
6107,12.68,40.44,0.707,-1.908,-0.277,0
6108,22.06,23.41,-1.779,-0.923,1.312,0
6109,4.16,55.09,-0.348,0.141,1.882,0
6110,19.22,18.63,-1.35,0.339,-0.815,0
6111,20.81,11.14,-0.453,0.474,0.335,0
6112,20.47,11.1,-1.206,-2.754,0.82,0
6113,15.22,30.37,0.846,-2.826,-0.733,0
6114,4.57,49.14,-0.591,-0.082,-1.273,0
6115,4.56,7.55,-0.517,1.043,0.646,0
6116,21.67,10.81,1.874,-1.361,-0.126,0
6117,10.39,58.97,1.042,0.327,-1.098,0
6118,17.45,55.78,-1.64,-0.071,-1.664,0
6119,8.76,40.88,-1.376,-0.013,-1.776,0
6120,11.23,14.48,1.146,-1.642,2.88,0
6121,10.2,17.73,1.22,-0.435,-2.481,0
6122,15.35,6.03,-1.541,1.827,0.664,0
6123,17.09,431.03,0.466,0.894,-2.682,0
6124,11.93,22.45,1.791,-0.598,-1.058,0
6125,16.79,71.44,1.293,-1.597,0.694,0
6126,22.23,14.73,2.047,0.103,0.729,0
6127,5.19,22.04,-1.119,0.145,-0.196,0
6128,21.6,36.35,0.025,1.519,-1.648,0
6129,23.56,57.87,0.549,-1.959,1.383,0
6130,16.93,91.84,-0.437,-0.689,-0.262,0
6131,17.96,76.37,-1.524,0.031,-1.001,0
6132,10.72,58.17,-1.675,-0.831,0.048,0
6133,14.07,95.41,-1.389,-0.545,-0.027,0
6134,9.38,16.38,-0.03,0.518,3.121,0
6135,15.06,34.91,-0.795,0.472,0.748,0
6136,1.24,184.12,-2.041,1.04,1.83,0
6137,1.68,13.15,0.529,-3.171,-0.952,0
6138,23.94,45.93,-1.34,-0.581,1.892,0
6139,8.77,20.71,0.711,1.095,2.833,0
6140,12.2,65.93,0.143,2.061,-0.065,0
6141,15.4,233.06,-0.975,1.561,-0.387,0
6142,16.29,73.09,1.528,0.783,-1.594,0
6143,1.21,31.45,-0.686,-0.187,1.952,0
6144,6.47,147.09,-0.517,-0.008,-2.757,0
6145,12.87,7.39,0.412,0.048,-1.212,0
6146,8.83,50.65,-0.431,0.053,-1.242,0
6147,18.73,41.26,-0.948,0.904,-0.123,0
6148,17.37,27.7,-0.576,2.207,-1.473,0
6149,18.29,63.13,-1.084,0.778,-3.434,0
6150,12.21,65.53,0.311,0.173,-2.26,0
6151,3.59,175.48,-1.332,-0.951,-0.085,0
6152,3.01,69.79,-0.526,-1.103,3.87,0
6153,12.71,23.56,-1.006,-1.2,-0.502,0
6154,22.77,16.99,1.646,0.677,-0.288,0
6155,16.8,48.78,0.228,1.334,-0.317,0
6156,16.01,45.33,-0.149,0.374,-2.689,0
6157,13.71,51.92,0.749,0.333,-2.187,0
6158,10.33,155.36,-3.824,0.163,-2.353,0
6159,23.29,5.09,1.128,-0.212,1.1,0
6160,1.59,10.2,-1.505,1.915,-1.731,0
6161,18.43,33.63,-3.066,0.125,-0.11,0
6162,15.34,40.25,-0.091,-0.756,0.216,0
6163,14.14,34.64,1.562,0.871,-1.243,0
6164,5.74,22.9,-1.091,-1.776,-0.844,0
6165,19.23,69.69,-0.053,1.322,0.225,0
6166,15.65,7.53,1.488,-1.096,-1.095,0
6167,19.82,44.71,1.061,-0.73,0.499,0
6168,16.92,50.09,0.391,-1.486,-1.963,0
6169,21.37,5.83,1.152,-1.37,0.426,0
6170,9.92,58.9,-0.519,0.373,1.917,0
6171,11.59,15.71,-1.134,0.273,0.091,0
6172,21.63,16.6,-0.154,-0.256,0.659,0
6173,9.89,9.08,1.143,-2.454,-1.456,0
6174,18.4,27.77,-0.688,0.383,1.531,0
6175,11.76,28.11,-3.273,-0.204,1.579,0
6176,19.19,16.03,0.443,-0.889,0.952,0
6177,23.66,84.12,0.059,-1.244,-0.831,0
6178,10.56,76.97,2.171,0.447,-2.276,0
6179,16.45,96.73,-1.234,-1.927,-1.407,0
6180,4.93,21.99,1.739,0.231,-2.404,0
6181,10.26,20.85,2.073,0.436,-0.573,0
6182,5.21,126.84,-0.311,0.347,-0.526,0
6183,8.09,111.61,-0.75,-1.906,-0.712,0
6184,16.07,106.91,-0.436,-0.51,1.031,0
6185,4.78,541.46,2.369,-0.026,-0.861,0
6186,23.31,87.85,1.222,-0.835,0.369,0
6187,15.34,60.96,-0.556,0.326,-0.194,0
6188,18.01,2.35,-1.572,1.806,-0.984,0
6189,5.67,20.24,-0.101,2.133,-1.322,0
6190,20.18,38.59,-0.263,-1.176,0.702,0
6191,5.8,30.32,-0.598,-0.186,0.647,0
6192,23.08,164.27,1.789,-0.492,-3.357,0
6193,14.3,8.27,1.132,1.06,0.397,0
6194,15.06,68.17,-0.919,0.907,-0.179,0
6195,20.28,20.77,0.814,-1.108,-0.894,0
6196,16.94,123.5,0.7,-1.97,2.39,0
6197,12.36,562.52,0.607,0.758,2.087,0
6198,11.32,39.48,-0.334,-0.079,-1.39,0
6199,17.67,67.98,-1.324,0.783,-2.527,0
6200,18.72,125.86,-2.19,-1.954,-1.391,0
6201,22.91,293.19,-0.627,3.817,-1.371,0
6202,7.28,57.79,1.429,1.55,2.898,0
6203,14.87,41.81,0.154,-1.091,0.518,0
6204,9.24,361.78,-1.831,-0.123,1.249,0
6205,15.74,26.27,-0.096,0.6,0.92,0
6206,18.48,30.15,-1.071,-0.25,-4.354,0
6207,11.98,39.22,-1.349,0.737,1.891,0
6208,19.92,40.9,0.057,-0.234,-0.289,0
6209,19.65,35.1,-0.507,1.146,-2.619,0
6210,4.69,16.9,0.501,2.949,1.54,0
6211,20.74,19.89,-1.252,1.599,-1.831,0
6212,15.32,36.75,-0.85,2.21,0.994,0
6213,5.84,31.57,-0.66,0.924,-1.201,0
6214,18.24,150.77,0.394,1.227,3.523,0
6215,20.59,401.39,0.106,-0.367,-3.407,0
6216,11.45,44.89,-1.874,0.469,1.299,0
6217,11.58,3.14,0.739,-0.908,1.988,0
6218,19.3,30.42,-1.177,-0.326,4.842,0
6219,15.85,171.92,-4.061,0.559,-1.64,0
6220,10.09,455.16,-0.031,-1.394,-0.431,0
6221,15.92,110.97,0.986,-1.329,-1.178,0
6222,15.64,78.33,-0.782,-0.279,-1.816,0
6223,11.14,10.04,0.11,0.88,0.792,0
6224,13.02,64.91,-0.4,-0.493,-1.197,0
6225,11.02,233.65,-0.444,-0.156,2.198,0
6226,9.55,13.92,-1.01,3.348,1.235,0
6227,6.61,15.93,0.271,-0.633,-1.089,0
6228,13.84,37.31,0.118,-0.112,-2.942,0
6229,11.67,33.08,-1.094,1.708,0.454,0
6230,16.08,47.44,0.111,1.034,-1.727,0
6231,7.64,245.34,1.351,-0.686,-0.317,0
6232,20.38,61.03,-1.217,-1.015,1.353,0
6233,12.24,35.02,-0.442,-0.734,0.77,0
6234,1.56,128.41,2.122,-1.444,0.959,0
6235,22.18,115.29,-0.399,0.22,1.697,0
6236,16.91,234.86,2.615,1.859,-1.612,0
6237,11.7,43.94,1.784,-0.17,-1.832,0
6238,9.37,90.19,-0.163,-1.067,-0.818,0
6239,11.29,16.18,0.616,-0.207,0.865,0
6240,18.07,12.58,0.483,0.505,1.289,0
6241,19.93,126.55,-0.147,0.175,1.041,0
6242,20.2,4.43,0.615,-1.322,2.944,0
6243,22.36,66.29,0.79,2.145,-2.146,0
6244,17.89,30.35,2.167,-1.046,1.579,0
6245,15.0,11.24,-0.364,-0.277,0.302,0
6246,14.99,21.95,-0.817,0.065,1.394,0
6247,15.6,13.02,0.661,1.736,-1.666,0
6248,4.13,75.53,0.143,-1.009,4.133,1
6249,21.56,72.47,-2.298,2.421,3.369,0
6250,7.74,82.5,-1.664,0.464,1.383,0
6251,13.69,48.45,-1.541,-0.331,-0.704,0
6252,11.17,84.18,-1.192,-0.208,1.976,0
6253,8.08,46.66,-0.401,-0.839,-0.251,0
6254,19.42,23.75,0.112,0.664,-1.013,0
6255,13.14,33.04,1.738,1.982,3.853,0
6256,15.12,67.66,1.698,1.14,0.381,0
6257,17.43,9.39,0.278,0.591,-1.378,0
6258,9.18,26.69,0.511,-0.764,0.892,0
6259,20.56,89.87,0.346,-0.379,-0.498,0
6260,15.46,11.83,-0.44,0.864,-1.026,0
6261,18.47,16.23,1.493,0.709,-1.119,0
6262,18.55,32.19,1.385,-1.321,0.913,0
6263,19.51,32.67,-0.201,-0.046,2.351,0
6264,3.17,48.17,-1.042,-0.318,-0.481,0
6265,7.02,1279.89,-1.061,-2.056,1.583,0
6266,11.97,71.58,0.783,0.328,0.592,0
6267,11.3,698.92,3.544,-2.859,4.11,1
6268,6.08,36.02,-1.843,1.266,1.283,0
6269,11.55,38.16,-0.7,-1.121,-0.275,0
6270,16.37,20.87,-1.371,-0.444,2.996,0
6271,16.35,66.26,-5.301,1.315,-2.319,0
6272,20.85,104.69,-0.446,-1.887,-1.465,0
6273,3.98,67.96,-0.595,-0.789,1.579,0
6274,16.37,497.63,-1.264,0.45,0.319,0
6275,20.16,55.44,2.27,-0.982,-4.023,0
6276,14.87,101.37,-2.083,-0.459,0.88,0
6277,21.96,49.16,-1.439,-2.597,-0.923,0
6278,8.85,15.29,-0.056,1.022,-1.855,0
6279,16.06,24.17,2.331,1.582,0.283,0
6280,12.82,16.18,1.386,1.231,1.407,0
6281,7.02,36.59,-1.672,-1.013,-0.175,0
6282,13.42,26.94,-1.53,-1.944,-1.796,0
6283,18.63,11.75,1.009,-1.218,1.832,0
6284,9.12,167.18,0.422,-0.07,1.053,0
6285,7.81,76.39,-1.106,-0.06,-2.019,0
6286,12.09,133.16,0.826,-0.889,-0.215,0
6287,16.62,17.42,1.138,-0.315,-1.589,0
6288,21.27,17.64,0.381,-0.444,-1.286,0
6289,18.19,17.49,1.92,0.085,1.819,0
6290,21.53,29.95,0.998,0.645,-1.261,0
6291,13.67,67.41,1.601,1.885,0.505,0
6292,16.89,100.65,0.895,-0.355,-0.541,0
6293,12.43,73.44,-1.377,0.226,1.024,0
6294,23.95,17.45,-0.462,0.388,-0.639,0
6295,11.59,69.74,1.066,0.484,-0.694,0
6296,13.65,86.16,0.818,0.678,0.6,0
6297,8.66,91.88,-0.22,-1.79,-0.058,0
6298,14.7,10.91,0.583,-0.938,-1.961,0
6299,12.16,6.74,-0.672,-1.191,0.872,0
6300,10.87,3.27,3.475,-0.818,-0.685,0
6301,20.67,12.06,1.056,2.362,-0.725,0
6302,16.08,24.86,-1.61,-0.91,-0.593,0
6303,15.35,93.04,-0.875,0.539,-0.048,0
6304,1.19,42.72,-1.797,-2.244,-0.069,0
6305,3.77,36.57,-1.642,1.049,-1.945,0
6306,12.45,53.29,3.095,-1.762,-0.958,0
6307,19.89,25.22,-0.502,-1.111,1.72,0
6308,8.16,79.94,-0.754,1.048,-2.207,0
6309,13.43,36.5,1.307,-0.787,1.838,0
6310,14.16,13.12,-2.012,-1.142,2.159,0
6311,14.14,27.91,1.709,-0.986,-0.782,0
6312,14.08,69.07,0.872,0.911,-0.766,0
6313,9.73,19.55,-0.293,1.595,-0.565,0
6314,15.38,40.41,0.582,-1.036,1.844,0
6315,11.15,73.32,-1.317,-0.213,-0.116,0
6316,18.4,22.38,-1.58,1.349,-1.04,0
6317,9.97,118.86,-0.651,0.185,-1.362,0
6318,7.38,314.43,1.334,1.477,-1.341,0
6319,14.8,17.0,-1.104,0.611,0.037,0
6320,15.4,21.54,-0.171,-0.7,0.057,0
6321,21.64,86.1,2.636,1.1,-2.053,0
6322,17.94,194.01,0.466,1.518,1.26,0
6323,5.66,32.5,1.439,-0.954,-1.877,0
6324,6.92,13.93,0.729,0.864,1.174,0
6325,14.88,34.6,3.625,-0.478,0.408,1
6326,14.66,21.2,2.51,0.153,-0.271,0
6327,19.67,98.68,-1.594,-0.894,-0.169,0
6328,4.07,31.89,0.885,-1.134,0.028,0
6329,5.27,15.01,-0.774,0.358,-0.185,0
6330,7.94,27.03,1.138,1.888,-1.971,0
6331,14.37,64.79,-1.633,-1.244,1.259,0
6332,12.76,63.33,-0.634,1.427,0.777,0
6333,7.48,150.65,0.246,-0.52,-1.899,0
6334,14.98,136.22,-0.358,-0.647,-0.0,0
6335,6.96,165.13,-0.186,-0.638,-0.797,0
6336,21.15,64.89,-0.523,-1.652,0.339,0
6337,12.58,109.44,1.565,1.146,1.252,0
6338,17.8,47.71,1.99,0.212,-0.754,0
6339,10.7,32.12,2.543,0.198,-0.707,0
6340,15.99,27.97,0.596,1.177,1.743,0
6341,14.32,131.99,-0.378,0.553,1.567,0
6342,7.76,70.76,-1.56,0.55,0.341,0
6343,12.78,12.36,-2.286,0.54,0.34,0
6344,20.06,29.7,0.769,-0.586,2.477,0
6345,16.8,486.0,-0.582,-0.455,-1.865,0
6346,17.8,233.59,-1.405,-0.724,-0.282,0
6347,13.81,90.57,1.165,-1.205,1.494,0
6348,22.77,28.17,2.476,-0.415,-0.603,0
6349,12.88,21.23,1.861,2.549,1.175,0
6350,14.08,148.47,-0.289,-0.246,0.242,0
6351,15.77,212.4,-1.745,1.41,0.28,0
6352,7.63,69.53,-2.585,-0.745,-1.603,0
6353,19.1,14.87,1.305,-1.679,1.771,0
6354,11.41,14.1,-0.003,-1.081,-0.022,0
6355,2.38,5.85,-2.99,0.512,-0.666,0
6356,12.31,319.31,-1.137,0.919,3.807,0
6357,8.15,220.06,0.157,0.976,-0.615,0
6358,15.58,7.02,1.311,-1.11,-0.272,0
6359,12.54,32.71,-0.425,-0.383,0.384,0
6360,7.97,28.48,-0.585,0.494,-0.779,0
6361,13.06,20.9,0.119,0.489,1.236,0
6362,13.11,79.35,-2.775,-0.073,-0.453,0
6363,10.35,157.23,-0.864,-1.941,-1.002,0
6364,15.36,6.61,0.333,1.1,-0.113,0
6365,14.42,24.63,-2.314,-0.921,-0.204,0
6366,8.17,67.1,2.733,1.249,0.327,0
6367,14.8,17.47,1.628,1.284,-0.286,0
6368,10.44,95.22,-1.037,-0.453,0.347,0
6369,14.85,10.15,0.494,-0.491,0.555,0
6370,8.31,205.6,0.624,-0.095,0.597,0
6371,14.13,28.65,-0.143,-0.149,3.456,0
6372,16.62,28.86,-0.515,-0.971,-1.362,0
6373,9.93,189.41,2.46,-0.845,0.242,0
6374,12.8,27.42,0.414,-1.548,0.859,0
6375,14.6,116.18,0.298,-0.529,1.085,0
6376,12.65,38.57,0.206,-0.078,3.102,0
6377,8.61,28.59,1.248,-0.447,1.075,0
6378,17.02,285.02,-0.855,-0.056,2.125,0
6379,12.87,199.12,1.55,0.603,2.197,0
6380,15.37,76.27,-0.327,2.666,1.332,0
6381,19.62,104.88,0.693,0.56,-0.559,0
6382,15.01,36.11,0.172,0.326,-0.637,0
6383,14.27,7.13,-0.729,-0.244,-0.92,0
6384,16.7,73.39,-1.555,2.213,-0.055,0
6385,19.31,11.95,-3.908,-1.529,0.986,0
6386,13.45,343.84,0.765,-0.016,-1.884,0
6387,18.85,120.36,-1.797,-1.189,-0.709,0
6388,8.9,3.65,0.65,0.196,-0.745,0
6389,23.03,50.13,-0.103,1.889,-2.824,0
6390,4.32,153.85,0.761,0.397,-0.927,0
6391,19.02,11.98,0.788,-0.466,0.035,0
6392,13.47,135.44,0.21,-1.694,1.295,0
6393,10.28,46.33,-0.96,0.136,0.735,0
6394,6.49,48.38,1.224,-1.707,-2.115,0
6395,8.04,51.32,-0.198,-0.173,1.425,0
6396,18.29,30.23,-1.723,0.125,-0.484,0
6397,9.81,18.21,-0.461,-0.274,-1.163,0
6398,10.83,9.56,-0.325,-1.764,1.942,0
6399,3.66,165.33,0.526,-2.739,0.48,0
6400,8.99,386.79,0.802,0.468,-4.337,0
6401,12.32,97.85,-0.513,-0.824,0.097,0
6402,18.4,10.76,1.281,-2.023,1.094,0
6403,7.73,34.59,-0.846,-0.792,-3.544,0
6404,19.22,37.47,0.109,1.194,1.203,0
6405,19.54,46.13,0.98,-0.577,-0.373,0
6406,20.17,234.85,-1.232,1.288,-1.907,0
6407,22.46,114.39,0.579,0.794,-0.973,0
6408,13.28,24.31,-0.932,-1.31,-1.443,0
6409,11.51,26.16,1.263,0.669,-2.443,0
6410,2.42,36.2,-1.715,-1.507,2.175,0
6411,10.28,152.95,0.142,0.251,3.322,0
6412,14.23,8.45,2.43,-0.843,0.415,0
6413,8.97,64.84,-0.128,0.712,0.226,0
6414,21.46,21.19,0.673,0.225,1.05,0
6415,14.37,19.8,0.318,-0.42,1.119,0
6416,14.02,13.49,-0.851,0.7,-0.993,0
6417,12.14,15.64,0.052,1.628,0.207,0
6418,14.43,92.16,0.912,1.636,0.042,0
6419,10.2,231.26,0.771,0.682,3.118,0
6420,11.54,66.25,1.049,0.667,-0.19,0
6421,5.86,55.19,-0.087,1.823,0.773,0
6422,8.02,107.11,-0.51,0.072,-0.081,0
6423,9.17,34.98,-1.33,-0.674,1.29,0
6424,15.99,74.61,1.165,-0.934,2.342,0
6425,10.27,28.49,1.18,-0.687,0.356,0
6426,13.32,17.48,1.869,-0.112,1.897,0
6427,19.14,677.97,0.806,0.23,0.004,0
6428,14.51,545.5,1.079,0.504,-0.646,0
6429,19.87,320.29,2.607,-0.485,-0.883,0
6430,19.53,96.32,1.271,-0.296,0.426,0
6431,11.09,273.69,-1.449,-1.597,-0.559,0
6432,8.6,135.33,-0.206,-0.187,3.232,0
6433,10.52,23.39,1.852,0.722,1.352,0
6434,5.13,21.83,-2.28,1.278,0.412,0
6435,17.16,34.64,-0.433,1.347,1.823,0
6436,9.18,31.32,-0.936,-2.685,-0.675,0
6437,16.9,5.13,-0.317,1.984,1.653,0
6438,20.27,7.98,-0.175,-0.57,0.122,0
6439,18.87,49.31,1.176,1.814,2.552,0
6440,12.75,95.28,-1.148,-0.593,-1.879,0
6441,14.43,263.47,-0.655,-0.738,1.163,0
6442,18.05,83.42,-0.153,1.456,-0.816,0
6443,12.08,117.3,0.768,-1.015,-1.822,0
6444,15.01,65.07,-0.702,2.106,0.732,0
6445,11.33,104.47,-1.751,-0.167,-0.82,0
6446,19.08,32.45,-0.997,-0.085,0.737,0
6447,10.15,29.73,-0.766,-0.727,3.888,0
6448,16.44,1.54,-0.947,0.874,-1.103,0
6449,11.43,94.26,-1.008,-1.093,0.973,0
6450,13.93,379.04,1.619,0.358,-1.077,0
6451,12.11,20.21,1.489,-1.01,0.741,0
6452,8.59,456.66,0.188,1.2,-0.114,0
6453,18.26,51.96,-0.284,0.911,-0.497,0
6454,15.17,49.1,-0.636,1.864,-0.038,0
6455,20.82,35.86,0.737,-1.184,0.567,0
6456,14.75,19.83,-0.332,-0.664,-0.353,0
6457,11.31,68.03,1.692,-0.605,2.991,0
6458,11.86,28.62,0.938,-0.303,-1.29,0
6459,3.44,56.09,-1.011,-0.818,1.581,0
6460,15.25,39.22,0.0,-0.327,-1.011,0
6461,20.61,20.02,0.693,-1.204,0.019,0
6462,7.75,43.6,-1.316,0.176,-1.8,0
6463,15.35,181.12,-0.373,-1.047,1.687,0
6464,15.88,144.04,0.952,1.272,-0.998,0
6465,16.58,46.17,0.817,-1.002,-0.426,0
6466,12.31,120.77,-2.001,1.595,-1.402,0
6467,21.39,302.49,0.602,-0.76,0.46,0
6468,11.93,57.08,-0.201,0.79,0.785,0
6469,15.07,206.62,2.123,0.407,1.824,0
6470,15.85,111.55,1.816,0.083,1.341,0
6471,12.41,28.29,0.494,-1.066,-1.22,0
6472,10.95,40.42,0.618,-0.714,-1.574,0
6473,22.88,64.62,0.491,-1.457,0.203,0
6474,18.39,84.24,1.528,-0.656,-1.712,0
6475,15.96,10.1,-0.853,-1.508,1.26,0
6476,14.76,29.36,0.428,1.779,1.609,0
6477,9.85,23.6,0.454,-0.746,0.557,0
6478,21.06,93.77,2.318,-1.608,1.93,0
6479,7.07,104.37,-0.515,1.963,1.625,0
6480,15.38,54.54,1.399,-0.594,-0.998,0
6481,2.93,146.84,-1.214,2.799,1.191,0
6482,12.75,85.32,-0.451,-1.459,-0.82,0
6483,12.46,62.07,-2.46,-0.302,3.032,0
6484,2.76,109.84,-1.47,-1.087,1.608,0
6485,14.6,101.74,-0.792,-0.843,1.606,0
6486,10.83,27.09,0.441,-0.853,1.567,0
6487,11.99,9.21,-1.081,0.193,-0.573,0
6488,23.44,22.39,-0.491,-0.53,-1.226,0
6489,18.01,37.42,-1.23,0.658,1.227,0
6490,14.35,24.13,-0.937,-1.418,-0.925,0
6491,23.95,91.05,-1.675,1.964,1.289,0
6492,6.41,37.27,0.374,-0.559,-0.07,0
6493,19.07,75.1,0.327,0.718,1.819,0
6494,9.93,31.34,-2.158,0.45,0.34,0
6495,12.55,82.66,0.591,2.11,-0.879,0
6496,12.32,20.03,-3.429,0.19,1.447,0
6497,12.87,47.06,-0.384,-0.653,-2.357,0
6498,4.97,58.87,0.29,1.152,-2.197,0
6499,11.74,45.63,-0.137,0.373,-1.63,0
6500,22.9,32.94,1.579,-0.189,2.829,0
6501,16.97,26.72,0.172,0.183,0.18,0
6502,13.22,49.75,-0.052,-0.898,0.421,0
6503,7.23,24.67,-0.822,0.68,-1.42,0
6504,11.44,72.26,0.228,-0.556,-1.232,0
6505,4.69,280.34,-1.942,-1.607,1.354,0
6506,14.13,11.22,-0.802,0.468,0.498,0
6507,8.49,30.55,1.567,0.233,-1.467,0
6508,18.14,11.7,2.036,-1.021,0.416,0
6509,15.07,50.03,0.181,-1.662,1.782,0
6510,9.48,3.88,0.352,-0.615,1.683,0
6511,7.55,203.03,-1.232,2.462,-1.897,0
6512,14.15,29.3,1.032,0.693,0.076,0
6513,7.74,48.87,-3.039,-0.424,-0.795,0
6514,14.6,214.1,-1.988,-0.85,1.411,0
6515,12.93,89.61,-0.652,1.388,0.067,0
6516,23.73,28.65,1.429,-0.44,-0.283,0
6517,18.3,15.86,-0.262,0.955,0.243,0
6518,22.89,43.19,-2.297,-0.46,-1.149,0
6519,14.71,16.09,-0.55,-0.103,-2.71,0
6520,13.06,11.1,0.292,-1.818,-0.489,0
6521,7.24,13.59,1.182,-1.174,-0.622,0
6522,21.59,91.75,-1.337,0.115,-1.148,0
6523,15.58,13.0,-0.633,-0.408,-0.018,0
6524,21.06,28.17,1.652,-1.019,-1.856,0
6525,20.16,2.51,-0.796,-0.122,0.43,0
6526,4.9,5.48,2.059,0.563,-2.183,0
6527,8.15,78.16,0.817,1.276,0.647,0
6528,8.39,91.28,0.128,0.503,-1.435,0
6529,12.67,27.21,0.094,-0.68,-0.858,0
6530,15.42,90.85,0.4,0.727,-0.08,0
6531,7.78,80.27,-0.911,0.152,1.653,0
6532,19.53,91.16,-0.249,0.181,-1.235,0
6533,15.78,13.72,0.482,0.019,-0.619,0
6534,23.76,56.42,2.017,0.066,0.88,0
6535,2.15,109.4,2.064,2.092,-1.03,0
6536,19.0,7.53,1.718,-1.668,-0.401,0
6537,4.86,172.81,2.074,0.131,0.511,0
6538,7.09,22.78,-1.003,1.275,-0.367,0
6539,13.64,15.8,-2.263,-0.535,-2.508,0
6540,10.36,148.15,1.582,-1.18,0.953,0
6541,17.67,28.08,-0.343,1.258,-0.19,0
6542,4.56,58.06,0.195,-2.075,0.12,0
6543,6.44,66.32,0.721,1.083,-0.264,0
6544,22.88,47.53,1.407,0.452,-0.606,0
6545,16.24,71.47,-0.907,0.418,2.358,0
6546,18.15,13.11,0.623,0.141,-2.094,0
6547,11.8,12.9,-0.429,0.935,-0.344,0
6548,9.51,92.98,2.181,-0.076,-0.55,0
6549,12.43,38.91,1.341,-0.015,0.884,0
6550,8.75,55.84,1.761,-0.25,0.911,0
6551,15.95,138.41,0.02,-0.529,1.493,0
6552,9.21,7.87,-0.419,1.476,2.561,0
6553,7.59,183.18,1.538,-0.18,-0.602,0
6554,9.22,19.86,1.164,1.441,1.637,0
6555,9.39,22.08,-1.177,-0.816,0.265,0
6556,16.03,91.79,1.143,-0.14,0.702,0
6557,14.33,31.52,0.176,-0.031,2.197,0
6558,2.34,126.37,1.986,-3.397,0.174,1
6559,11.52,5.3,-1.576,0.383,1.121,0
6560,11.24,152.27,1.803,-0.546,0.737,0
6561,12.98,13.17,0.366,0.305,-0.105,0
6562,22.9,150.07,0.992,-1.799,2.709,0
6563,9.91,152.23,0.703,2.222,-0.672,0
6564,5.28,76.59,1.451,-0.103,1.812,0
6565,17.01,16.77,2.017,2.866,-1.005,0
6566,15.45,411.37,-1.982,0.566,0.08,0
6567,14.87,59.41,-1.826,-1.775,-1.813,0
6568,22.59,59.75,0.212,1.516,1.802,0
6569,11.21,17.07,0.72,0.457,0.467,0
6570,20.42,26.14,1.604,0.085,-0.162,0
6571,12.67,59.64,1.954,0.648,-1.71,0
6572,16.64,192.79,-1.636,0.938,-1.307,0
6573,18.93,36.34,0.75,0.185,-1.434,0
6574,9.79,405.52,-0.943,-0.403,-1.321,0
6575,12.89,91.2,0.239,0.208,-1.029,0
6576,11.67,202.87,-0.763,-1.522,1.176,0
6577,10.91,16.92,-0.274,0.827,0.588,0
6578,23.68,106.95,-1.293,0.802,0.165,0
6579,9.9,18.21,0.181,0.527,0.161,0
6580,0.81,31.93,-0.521,1.503,0.327,0
6581,9.83,75.44,-0.884,1.647,-1.251,0
6582,19.21,9.56,-0.235,1.912,3.435,0
6583,12.32,14.55,1.996,-1.534,1.048,0
6584,8.9,45.94,1.557,-0.917,0.697,0
6585,11.72,10.46,-0.607,-0.121,-0.142,0
6586,18.34,75.12,-0.835,-0.115,-1.564,0
6587,5.39,73.19,-0.258,-0.553,-0.514,0
6588,10.28,18.39,0.152,0.369,-3.34,0
6589,11.31,115.68,-1.77,-1.48,-3.77,0
6590,11.21,31.62,-0.629,1.632,0.957,0
6591,10.99,416.35,-1.194,0.248,-2.054,0
6592,7.49,62.18,-1.661,-1.767,-1.245,0
6593,14.23,49.76,0.132,0.415,-0.145,0
6594,14.01,20.19,0.804,0.645,-0.983,0
6595,6.99,15.22,-1.781,0.188,1.278,0
6596,13.76,14.76,-0.466,-0.283,0.146,0
6597,20.26,359.49,-0.518,0.783,0.99,0
6598,13.69,22.3,-3.435,0.097,-2.239,0
6599,8.67,51.82,2.426,1.723,0.961,0
6600,21.88,56.07,-0.215,-0.36,0.7,0
6601,9.37,11.8,1.576,-1.537,1.779,0
6602,16.47,23.16,-0.197,-0.341,-1.293,0
6603,22.38,237.11,1.14,-0.392,2.157,0
6604,21.21,105.82,-0.159,-0.158,-0.7,0
6605,3.56,23.78,0.983,-3.568,1.233,0
6606,11.25,165.19,-0.727,0.078,0.563,0
6607,11.89,247.79,0.285,-0.521,-0.331,0
6608,11.41,5.21,0.114,-1.685,-0.153,0
6609,16.69,25.57,0.938,1.738,0.926,0
6610,13.58,30.3,2.018,0.428,-0.459,0
6611,1.52,6.87,1.488,-0.781,0.449,0
6612,18.26,24.93,1.072,1.756,-0.471,0
6613,0.03,22.54,-1.975,0.431,-1.26,0
6614,13.22,22.12,1.124,-0.064,1.309,0
6615,9.74,22.55,0.861,0.818,-0.974,0
6616,14.7,33.99,-1.501,1.678,-0.663,0
6617,12.02,79.36,-1.628,2.375,2.017,0
6618,10.79,65.87,0.206,-0.001,1.901,0
6619,20.7,12.63,-0.293,1.289,0.788,0
6620,18.89,93.99,2.876,-0.145,-0.757,0
6621,1.34,70.78,-3.411,-0.592,-0.591,0
6622,8.81,51.73,0.067,0.14,3.09,0
6623,1.66,43.45,-0.779,0.442,-0.302,0
6624,10.31,107.88,-0.64,0.312,-0.64,0
6625,11.55,27.5,2.771,-0.486,0.213,0
6626,7.42,70.07,0.783,-0.687,-0.464,0
6627,11.94,63.11,2.504,-1.487,0.698,0
6628,7.3,307.24,-0.057,0.727,1.312,0
6629,0.9,24.9,1.561,-0.335,1.754,0
6630,14.17,77.66,-0.393,1.133,2.684,0
6631,9.87,28.17,-2.29,-0.135,-2.532,0
6632,11.19,49.19,-0.258,0.423,-1.735,0
6633,15.92,24.87,1.203,-0.729,0.233,0
6634,10.69,22.21,0.843,1.445,-1.501,0
6635,17.27,6.83,-0.359,0.142,-0.58,0
6636,9.19,58.16,2.212,-0.297,4.63,0
6637,15.74,54.73,0.833,-1.084,-0.27,0
6638,9.78,60.57,0.057,-0.858,1.124,0
6639,12.27,40.94,3.499,-1.741,-2.162,0
6640,17.34,58.22,-1.725,0.419,-2.289,0
6641,8.06,11.14,-0.373,-1.898,-0.85,0
6642,9.88,189.22,-1.804,0.248,1.487,0
6643,9.75,10.28,0.022,0.987,-0.864,0
6644,11.54,23.34,3.45,0.467,0.05,0
6645,16.0,15.82,-0.299,1.241,-0.221,0
6646,19.2,117.18,-0.324,-0.55,-1.424,0
6647,15.71,34.89,-0.174,1.08,0.008,0
6648,23.9,185.59,0.395,-1.112,-0.287,0
6649,15.14,202.05,-0.619,-0.43,2.177,0
6650,10.67,134.63,-0.665,0.233,-0.842,0
6651,16.9,117.21,-0.531,1.657,-0.492,0
6652,15.79,36.95,-1.392,0.984,0.925,0
6653,16.91,25.0,0.296,-0.228,0.207,0
6654,9.44,65.47,1.509,0.477,1.764,0
6655,9.34,9.09,-2.113,0.128,-0.696,0
6656,9.89,49.31,-1.589,0.116,-1.525,0
6657,12.49,233.66,2.674,-0.662,-2.158,0
6658,20.54,18.46,-0.817,0.001,-1.305,0
6659,23.48,94.36,-1.9,-1.042,0.171,0
6660,17.03,26.53,0.388,1.677,-0.916,0
6661,18.72,250.16,2.764,2.093,0.194,0
6662,7.96,485.29,-2.525,-2.132,0.906,0
6663,18.6,38.53,-0.69,-0.65,0.238,0
6664,10.23,39.08,0.397,-0.79,0.442,0
6665,14.55,165.5,2.57,0.461,0.189,0
6666,19.14,21.35,1.606,-0.414,-0.398,0
6667,20.32,250.68,1.168,-0.455,-1.854,0
6668,23.36,73.83,-2.252,0.134,0.464,0
6669,14.35,163.49,-0.095,0.534,-2.373,0
6670,5.93,27.68,-0.89,-0.559,-2.079,0
6671,12.73,12.87,0.434,0.647,2.923,0
6672,20.07,9.44,2.28,0.4,2.996,0
6673,17.82,5.85,-0.497,0.048,0.845,0
6674,12.81,90.91,1.111,0.184,1.269,0
6675,14.31,58.19,2.377,0.056,-2.938,0
6676,1.1,26.16,-1.443,0.546,2.823,0
6677,19.71,63.46,0.35,0.412,-2.336,0
6678,19.55,94.61,0.813,0.198,-1.24,0
6679,13.45,32.25,-1.207,0.207,0.884,0
6680,7.07,54.22,-2.356,0.52,0.603,0
6681,20.37,71.2,1.038,-1.483,0.587,0
6682,1.29,41.18,2.473,-0.382,-1.721,0
6683,0.8,5.38,-1.206,0.813,1.358,0
6684,13.85,47.88,0.789,-1.495,-0.279,0
6685,10.53,25.69,0.892,-0.388,-0.762,0
6686,4.38,247.63,0.618,-0.544,1.038,0
6687,19.35,29.01,-0.927,-0.243,1.274,0
6688,8.34,35.24,-0.177,-1.256,2.741,0
6689,7.24,55.94,-0.759,-0.897,-0.96,0
6690,10.22,171.37,-2.638,0.461,-0.607,0
6691,4.17,60.5,-2.312,-1.919,-2.673,0
6692,16.8,49.83,4.087,0.344,0.079,0
6693,4.91,31.44,2.975,0.781,0.282,0
6694,14.38,9.15,-1.061,-0.011,-0.947,0
6695,14.22,276.97,-1.294,1.465,-0.796,0
6696,13.06,106.01,-1.41,0.438,-0.959,0
6697,16.2,14.58,1.252,-0.152,1.959,0
6698,15.43,52.33,-2.345,-1.576,0.236,0
6699,0.03,61.12,2.352,2.226,0.958,0
6700,22.78,29.23,-0.876,-1.034,1.885,0
6701,22.13,40.48,0.175,0.27,-1.31,0
6702,16.45,132.21,1.973,0.269,-0.383,0
6703,6.74,143.51,-0.974,-3.667,0.005,0
6704,17.42,29.43,-0.331,0.871,1.915,0
6705,16.19,10.54,-0.05,2.168,-0.279,0
6706,9.06,619.45,0.255,-2.909,0.022,0
6707,10.47,61.86,-1.347,-0.068,0.31,0
6708,8.46,4.31,-0.66,0.72,0.607,0
6709,3.79,11.25,-0.634,0.401,-0.965,0
6710,0.4,17.76,-1.836,-0.879,-0.217,0
6711,11.78,58.09,0.625,1.783,0.919,0
6712,17.97,91.24,0.668,0.847,-1.196,0
6713,9.8,145.35,-1.439,-0.251,0.926,0
6714,15.55,94.16,0.745,0.399,0.835,0
6715,9.31,53.36,1.027,0.209,1.007,0
6716,13.61,56.2,-3.068,1.002,1.479,0
6717,18.69,28.59,-0.669,0.255,-0.4,0
6718,12.6,35.41,1.607,1.095,-0.628,0
6719,10.92,145.49,3.316,-0.883,0.024,0
6720,12.84,59.71,-0.345,1.716,-4.006,0
6721,15.7,62.75,0.566,0.86,-2.527,0
6722,18.25,21.13,-2.622,-1.245,1.617,0
6723,10.02,59.67,-0.687,-0.543,0.207,0
6724,12.9,40.86,0.225,0.202,-0.234,0
6725,11.34,100.78,1.153,-2.828,-0.127,0
6726,6.02,13.84,-0.343,0.605,0.035,0
6727,12.75,245.65,1.911,-0.516,0.527,0
6728,20.23,77.63,0.745,-1.7,0.277,0
6729,0.53,63.76,1.2,0.128,-1.208,0
6730,11.94,13.58,0.226,-0.073,0.721,0
6731,2.48,54.44,0.529,0.894,2.023,0
6732,5.23,13.78,-0.554,0.489,0.736,0
6733,17.0,44.23,-0.82,1.595,-2.99,0
6734,14.46,20.15,0.564,-3.038,0.402,0
6735,6.94,22.57,-0.66,-0.776,-0.294,0
6736,1.18,20.53,0.594,-1.732,1.098,0
6737,23.5,45.34,-0.054,-1.497,-1.019,0
6738,11.98,41.91,-0.802,0.621,-0.659,0
6739,1.82,39.06,1.128,-0.963,1.152,0
6740,13.85,35.1,-0.452,-2.047,-0.014,0
6741,18.25,30.34,0.374,0.407,-0.836,0
6742,1.63,280.95,1.662,1.305,-0.752,0
6743,1.55,81.52,1.501,0.758,-0.786,0
6744,18.92,36.81,0.413,1.176,-0.832,0
6745,6.45,69.62,0.316,1.14,-0.702,0
6746,11.52,46.12,0.3,0.715,-0.247,0
6747,15.65,78.34,0.821,0.178,-0.945,0
6748,3.02,28.38,1.314,0.067,1.579,0
6749,18.2,96.02,-1.005,-1.753,0.778,0
6750,23.8,42.1,-1.309,2.141,-0.186,0
6751,8.95,42.35,0.373,-1.477,1.954,0
6752,15.57,12.09,-3.469,-1.397,1.364,0
6753,14.15,55.87,-0.449,-0.451,0.566,0
6754,18.13,14.58,-1.221,0.92,1.083,0
6755,23.04,18.54,-0.208,0.08,-0.014,0
6756,18.87,57.32,-0.005,1.34,-3.923,0
6757,17.99,133.05,1.122,-0.627,-1.097,0
6758,15.65,53.64,0.885,1.108,2.089,0
6759,10.25,95.13,2.215,0.616,-1.833,0
6760,16.65,11.98,-1.055,0.848,-0.666,0
6761,14.91,37.58,0.608,0.247,0.102,0
6762,7.63,22.72,0.142,1.306,1.145,0
6763,12.82,12.35,1.894,-1.343,-2.348,0
6764,20.13,26.11,0.704,-0.295,-3.097,0
6765,15.78,86.82,0.569,-0.167,-0.606,0
6766,2.55,84.97,-0.094,-1.324,-0.248,0
6767,7.97,32.91,-1.457,-0.816,-1.559,0
6768,17.52,17.32,-0.607,-2.046,-1.004,0
6769,3.66,119.62,0.891,-0.512,1.654,0
6770,13.72,210.93,0.995,-0.53,-0.186,0
6771,8.87,49.25,1.654,0.616,0.904,0
6772,15.21,27.62,0.237,0.287,1.805,0
6773,23.57,24.99,-1.078,-0.614,-0.83,0
6774,5.07,47.05,-0.16,-0.186,-0.972,0
6775,20.27,35.79,2.139,0.728,0.591,0
6776,6.52,7.38,-0.743,1.157,-1.095,0
6777,17.79,430.02,-0.322,1.324,-0.123,0
6778,14.18,14.59,0.585,2.015,0.827,0
6779,18.88,115.26,0.174,-0.83,1.013,0
6780,5.49,93.87,1.418,-0.767,-0.841,0
6781,20.64,24.82,-2.101,-1.757,1.055,0
6782,20.11,30.46,2.028,1.164,1.164,0
6783,5.77,8.45,-0.803,-0.349,0.196,0
6784,10.32,23.12,1.209,-0.463,1.073,0
6785,10.19,52.99,0.04,0.525,-1.342,0
6786,0.38,81.59,1.651,-0.703,-0.958,0
6787,22.94,6.22,1.081,-0.47,-1.303,0
6788,17.63,29.91,1.272,-0.912,-0.137,0
6789,13.22,30.22,0.347,-0.712,1.934,0
6790,15.95,5.63,-0.717,0.759,1.307,0
6791,17.3,83.4,1.37,-2.46,0.674,0
6792,16.72,26.27,-0.941,0.594,0.339,0
6793,12.71,77.02,-0.435,-0.106,0.097,0
6794,18.73,7.48,0.631,0.908,-0.512,0
6795,9.58,124.03,1.075,0.369,-0.582,0
6796,18.44,4.66,-0.152,-0.833,-2.006,0
6797,13.2,130.25,0.405,0.069,0.491,0
6798,15.45,55.18,0.984,1.361,-0.586,0
6799,3.41,6.54,1.13,1.032,-1.917,0
6800,11.61,68.3,1.426,-0.009,-0.691,0
6801,13.63,113.64,0.867,0.408,0.471,0
6802,18.44,27.13,-0.828,-1.01,-0.884,0
6803,11.56,3.62,-0.439,-0.587,0.111,0
6804,8.39,69.81,2.4,-1.671,-0.523,0
6805,8.11,88.45,0.143,-0.066,-0.159,0
6806,11.03,100.35,-0.296,-0.694,-1.084,0
6807,16.78,75.55,-0.518,-0.283,3.682,0
6808,10.72,10.21,1.469,0.716,0.348,0
6809,10.65,32.66,-0.751,1.632,-0.185,0
6810,12.98,110.95,1.522,-0.433,0.321,0
6811,12.7,25.2,0.019,-0.097,-0.95,0
6812,9.42,52.05,-1.301,-0.094,0.1,0
6813,16.59,80.28,0.69,0.571,0.359,0
6814,23.5,63.98,-0.345,-1.434,-0.577,0
6815,13.46,2.34,0.767,-0.702,2.297,0
6816,13.25,174.14,2.171,-0.542,-0.833,0
6817,3.57,44.49,-0.942,-1.6,0.185,0
6818,21.84,187.45,1.414,-0.039,-1.135,0
6819,0.16,23.9,-1.466,0.629,1.055,0
6820,16.98,174.87,0.15,-0.866,2.149,0
6821,14.83,9.22,1.016,1.661,-1.179,0
6822,13.71,118.71,-1.076,0.326,1.854,0
6823,9.01,93.81,0.533,-0.754,-0.049,0
6824,1.11,107.75,-0.556,1.62,-0.357,0
6825,13.98,20.58,0.334,-1.36,-0.073,0
6826,10.95,13.07,1.921,-3.01,-1.197,0
6827,15.95,347.44,-0.158,0.384,-0.209,0
6828,19.66,32.5,1.451,0.331,-1.004,0
6829,14.84,149.95,-0.312,1.633,0.262,0
6830,19.58,49.74,0.265,-0.859,-0.18,0
6831,9.34,17.66,-0.796,-0.744,1.145,0
6832,11.35,7.01,0.861,0.887,1.351,0
6833,15.63,52.29,0.352,2.714,-0.476,0
6834,14.48,26.14,-2.873,-1.21,0.253,0
6835,11.98,29.03,0.563,0.608,-0.232,0
6836,22.83,16.72,-1.801,-0.979,1.643,0
6837,10.24,81.58,0.467,-1.703,-0.097,0
6838,20.13,167.19,1.529,0.507,0.355,0
6839,8.99,3.92,1.433,0.957,-0.645,0
6840,4.49,25.62,0.049,-0.454,0.651,0
6841,13.97,29.34,0.334,1.601,-0.045,0
6842,15.53,20.08,1.131,-0.956,3.145,0
6843,14.6,34.98,1.244,-0.29,-1.952,0
6844,18.43,79.72,1.054,-0.6,0.465,0
6845,6.71,121.57,-3.035,-1.475,1.453,0
6846,12.29,517.08,2.708,1.871,1.715,0
6847,20.27,114.72,1.19,-0.684,0.512,0
6848,14.04,30.53,2.183,0.758,0.039,0
6849,20.05,75.62,-0.047,0.457,1.875,0
6850,4.66,73.28,1.062,0.897,-1.739,0
6851,13.11,97.66,0.52,0.249,-0.252,0
6852,17.35,33.7,0.499,-2.197,0.99,0
6853,15.07,127.85,-0.518,0.406,1.735,0
6854,15.1,659.31,0.427,0.161,0.332,0
6855,0.26,18.26,-0.367,-0.091,1.77,0
6856,19.55,23.38,1.91,-1.276,0.811,0
6857,17.84,11.69,0.046,0.243,-1.34,0
6858,15.66,105.72,-0.219,0.302,2.135,0
6859,17.83,273.89,0.74,0.346,2.888,0
6860,8.29,51.8,-1.437,-1.924,-0.56,0
6861,4.9,106.93,0.888,-0.653,-1.0,0
6862,23.75,31.95,-1.373,-0.447,2.963,0
6863,17.61,26.74,-0.474,-0.483,0.992,0
6864,14.53,22.24,1.094,-0.573,-0.301,0
6865,8.57,98.79,-2.323,-1.232,0.358,0
6866,8.3,37.68,2.118,0.889,0.411,0
6867,11.2,38.65,0.393,-0.063,-0.669,0
6868,11.09,50.12,0.209,-0.149,0.731,0
6869,16.99,6.0,-0.949,1.42,-1.257,0
6870,11.58,91.29,-1.341,-0.516,2.896,0
6871,10.08,180.13,0.718,1.031,-0.01,0
6872,14.75,42.69,-0.241,0.662,-1.456,0
6873,1.77,98.84,-0.153,-1.403,-1.966,0
6874,12.48,9.49,-1.02,-0.341,-1.718,0
6875,19.84,33.07,-0.784,-0.994,-0.723,0
6876,20.69,57.45,2.288,1.615,2.04,0
6877,8.4,14.48,0.961,-0.989,1.347,0
6878,21.96,16.81,-0.016,1.867,-0.872,0
6879,10.54,108.65,0.103,-1.509,-2.178,0
6880,11.72,52.71,-1.095,-0.407,0.669,0
6881,12.49,33.72,0.605,0.907,-1.426,0
6882,19.34,20.54,2.153,1.32,-1.015,0
6883,21.54,93.85,0.659,0.757,-1.269,0
6884,20.71,197.52,0.106,0.956,1.67,0
6885,11.66,30.87,-0.677,-0.263,-2.638,0
6886,15.12,29.79,1.348,0.988,-0.314,0
6887,20.81,37.23,-0.348,-0.327,-0.09,0
6888,14.3,12.57,-1.592,0.511,-0.107,0
6889,8.59,83.54,1.956,0.029,3.023,0
6890,11.84,196.52,-1.337,-0.365,1.014,0
6891,10.49,13.42,-2.127,3.209,0.812,0
6892,20.33,12.56,0.588,-0.081,-0.384,0
6893,10.44,98.58,-0.484,-2.078,-0.925,0
6894,8.77,59.18,0.062,-1.873,0.645,0
6895,1.44,18.93,-0.577,0.037,1.097,0
6896,11.5,60.55,0.699,-0.049,1.115,0
6897,4.06,130.03,-0.507,2.25,2.648,0
6898,8.09,13.3,-1.293,-1.826,-0.074,0
6899,22.8,28.71,-0.717,-0.328,1.253,0
6900,19.07,38.98,-1.057,0.385,0.004,0
6901,18.89,50.37,-0.73,0.644,-1.738,0
6902,9.05,46.59,-1.331,0.225,-1.184,0
6903,13.8,14.96,-0.449,1.372,0.845,0
6904,6.96,60.28,-0.49,-1.489,0.635,0
6905,15.4,19.37,0.979,1.999,0.142,0
6906,16.17,13.7,-2.163,0.899,-0.332,0
6907,10.63,50.09,0.555,-0.354,0.417,0
6908,8.25,26.51,0.016,0.156,1.585,0
6909,18.86,21.03,-1.6,-1.929,1.368,0
6910,16.63,14.64,0.739,0.356,3.86,0
6911,4.01,222.01,1.022,-0.015,2.3,0
6912,19.4,279.08,1.067,-1.186,1.166,0
6913,21.6,6.15,-0.01,1.115,-0.945,0
6914,11.98,81.7,-0.009,0.741,0.677,0
6915,20.18,24.49,0.988,-0.378,-0.96,0
6916,0.07,8.49,0.765,0.88,0.349,0
6917,7.37,30.51,-0.869,-1.701,-0.736,0
6918,23.91,21.31,0.606,-0.681,1.131,0
6919,13.62,31.08,1.245,0.336,-1.989,0
6920,4.39,12.48,-0.392,1.032,-0.381,0
6921,14.64,15.06,-0.832,1.618,-2.8,0
6922,11.8,210.1,-1.726,-0.673,2.41,0
6923,5.89,47.71,-2.374,-0.491,-0.414,0
6924,21.46,10.06,-0.195,-1.547,-1.5,0
6925,11.06,38.82,-2.324,0.281,-1.137,0
6926,20.18,8.78,-0.999,-0.651,-0.391,0
6927,11.9,20.27,0.147,-0.957,-0.779,0
6928,0.75,61.37,0.208,2.139,2.408,0
6929,6.84,19.3,-2.978,0.335,-0.321,0
6930,18.5,46.65,-1.153,-1.602,-0.874,0
6931,9.86,2.57,0.507,-0.16,0.548,0
6932,11.1,113.89,0.817,-0.622,1.323,0
6933,5.63,33.52,-1.063,-0.263,-1.223,0
6934,12.74,18.93,1.534,-1.861,0.843,0
6935,14.75,79.36,-0.35,-0.963,2.33,0
6936,6.26,41.09,-1.329,0.372,-2.899,0
6937,17.45,196.8,0.197,2.024,1.772,0
6938,12.25,201.4,0.923,-0.808,2.037,0
6939,19.6,63.7,1.203,-0.787,-1.284,0
6940,23.0,14.95,1.266,-0.387,-1.168,0
6941,6.45,16.9,0.036,0.938,1.335,0
6942,19.39,335.89,1.621,-0.881,1.452,0
6943,16.88,71.11,0.957,-2.038,-4.278,0
6944,15.11,12.76,-0.358,0.2,-1.049,0
6945,10.66,63.17,-2.022,-0.767,0.07,0
6946,18.37,81.53,-1.124,-0.218,-0.629,0
6947,17.69,18.04,0.253,-1.962,2.034,0
6948,18.81,121.67,0.221,0.057,1.557,0
6949,7.94,30.68,-0.143,1.444,-1.482,0
6950,23.58,170.12,-1.591,0.064,0.862,0
6951,11.17,49.81,1.081,-0.018,2.598,0
6952,17.16,14.04,-0.302,1.98,-0.454,0
6953,10.93,67.53,0.947,0.569,1.044,0
6954,12.28,10.31,-0.152,-0.327,3.864,0
6955,17.61,97.57,0.517,-0.412,1.068,0
6956,19.35,86.6,1.14,1.027,1.146,0
6957,18.31,35.96,1.027,-0.139,-1.773,0
6958,18.33,155.37,-0.963,0.211,0.461,0
6959,9.68,19.08,0.055,-1.125,-0.191,0
6960,11.53,7.25,0.807,0.012,1.761,0
6961,14.43,11.18,0.51,-0.648,0.176,0
6962,5.4,39.16,-1.46,-0.544,0.83,0
6963,10.66,14.81,1.276,0.137,0.959,0
6964,13.43,24.97,-0.229,0.551,1.401,0
6965,21.3,14.37,1.781,0.986,-1.103,0
6966,17.4,17.82,-0.471,-0.878,-1.806,0
6967,22.33,21.52,1.024,-2.003,0.552,0
6968,5.93,34.93,0.831,-1.96,0.489,0
6969,0.39,62.62,-0.594,0.115,1.573,0
6970,8.57,10.03,1.964,2.199,0.675,0
6971,16.44,50.5,-1.331,-0.5,1.793,0
6972,6.27,62.07,0.28,-0.127,-0.44,0
6973,15.16,105.39,0.852,-1.147,0.819,0
6974,14.42,14.8,-0.38,-1.187,0.957,0
6975,14.32,10.99,-0.278,0.224,-1.139,0
6976,19.17,33.87,-0.604,-0.037,-0.921,0
6977,2.95,19.08,1.21,-2.185,2.395,0
6978,6.56,74.17,1.153,1.012,-0.736,0
6979,13.54,16.56,0.396,2.419,0.25,0
6980,7.2,78.31,2.812,1.0,-0.284,0
6981,3.27,24.87,-1.893,-0.949,1.486,0
6982,21.12,29.11,1.034,-0.035,0.467,0
6983,17.12,19.31,0.326,2.109,-0.773,0
6984,20.62,375.5,-0.019,0.064,0.513,0
6985,15.02,16.49,0.183,-0.126,1.065,0
6986,11.83,56.04,3.703,2.403,-1.145,0
6987,7.53,114.26,1.875,1.206,-1.327,0
6988,16.62,31.0,-0.803,1.189,-0.329,0
6989,4.61,58.11,0.31,0.344,-0.214,0
6990,16.29,36.73,0.936,-0.706,0.948,0
6991,10.82,22.79,-0.45,2.538,1.359,0
6992,0.85,17.38,-2.695,1.158,-0.519,0
6993,13.43,101.44,0.903,-1.859,-0.968,0
6994,20.59,9.81,1.467,1.352,0.822,0
6995,17.0,44.36,-1.936,-0.058,-0.411,0
6996,22.54,73.5,-0.269,0.157,-0.082,0
6997,2.24,72.67,2.352,-0.182,0.216,0
6998,13.9,150.74,1.48,-0.127,-1.038,0
6999,1.9,24.14,-0.466,-0.135,-0.02,0
7000,16.45,175.6,0.518,0.586,2.194,0
7001,17.95,15.69,0.017,-1.635,-0.914,0
7002,9.66,61.24,-0.768,0.012,0.349,0
7003,20.61,503.21,1.648,0.072,3.138,0
7004,2.41,28.94,-2.011,-0.474,0.172,0
7005,18.96,72.51,-0.969,0.644,-0.287,0
7006,9.56,8.83,1.495,-1.865,-1.708,0
7007,11.98,30.8,-1.129,0.83,0.318,0
7008,2.3,60.21,-0.613,-0.688,-2.162,0
7009,12.17,68.68,1.462,2.168,1.596,0
7010,9.44,141.56,0.173,0.106,0.908,0
7011,5.33,64.82,-1.649,-1.044,0.017,0
7012,11.81,233.15,-0.648,-0.716,-1.503,0
7013,14.03,77.06,-1.582,-1.203,2.906,0
7014,1.22,263.55,2.679,0.383,1.67,0
7015,14.31,12.69,-0.739,2.992,-0.44,0
7016,21.47,335.82,0.662,-1.839,1.57,0
7017,8.42,40.7,0.759,2.574,1.751,0
7018,20.36,62.04,1.409,-0.188,-0.816,0
7019,18.85,48.3,1.021,1.737,-1.184,0
7020,14.23,31.03,0.482,-2.128,1.244,0
7021,8.76,7.6,-0.015,-1.354,-2.55,0
7022,19.94,5.16,-0.293,0.316,-1.553,0
7023,14.54,50.8,0.546,-1.196,-0.849,0
7024,13.39,174.36,1.273,-1.606,-4.507,0
7025,18.14,29.53,0.382,-1.071,-1.16,0
7026,13.36,75.67,1.383,-1.017,-1.361,0
7027,20.19,41.18,0.466,-1.746,3.022,0
7028,5.07,8.1,1.201,-0.487,0.016,0
7029,13.32,40.09,0.315,-2.496,-0.953,0
7030,0.95,61.43,0.449,-1.891,0.311,0
7031,20.76,55.41,0.865,-0.6,1.285,0
7032,8.86,125.04,-2.927,-1.594,1.203,0
7033,16.92,230.8,-0.712,-1.008,-0.743,0
7034,16.24,326.96,0.139,-0.165,1.242,0
7035,15.85,25.19,-0.467,-0.704,0.26,0
7036,14.32,175.68,-2.713,1.239,-2.394,0
7037,5.44,56.01,-1.27,1.076,2.391,0
7038,16.43,1149.0,-1.398,1.706,-0.265,0
7039,15.46,40.32,-1.105,1.871,-1.083,0
7040,14.21,52.68,0.503,-0.325,-0.315,0
7041,5.7,45.73,0.196,-1.102,3.078,0
7042,18.58,162.35,-0.001,-0.899,-2.702,0
7043,22.12,75.43,-3.409,1.333,-0.978,0
7044,8.92,73.62,-2.512,-1.856,0.376,0
7045,14.65,31.48,-1.361,0.402,0.307,0
7046,11.24,15.31,-0.13,2.48,1.88,0
7047,17.09,111.73,0.107,-0.398,-0.131,0
7048,14.72,14.79,0.228,0.501,-2.034,0
7049,9.12,87.75,0.051,-1.264,-0.399,0
7050,15.76,28.18,0.585,-1.463,0.257,0
7051,7.69,59.85,-0.984,-0.376,0.36,0
7052,4.51,16.41,-1.447,3.13,-0.656,0
7053,4.79,369.95,-2.698,-1.719,-1.962,0
7054,1.89,423.22,0.73,1.742,0.067,0
7055,13.99,104.43,2.079,0.236,-1.837,0
7056,10.23,52.65,2.269,-0.524,-0.6,0
7057,14.29,75.54,0.275,0.047,-1.947,0
7058,19.4,52.26,-0.656,-0.827,-1.343,0
7059,11.9,156.7,0.758,-0.907,1.012,0
7060,20.44,20.81,-0.451,1.909,2.498,0
7061,14.21,11.29,-2.304,0.72,2.412,0
7062,21.47,59.01,-1.29,1.269,1.682,0
7063,11.11,15.8,0.783,0.647,-0.197,0
7064,22.87,135.05,-0.501,0.792,2.342,0
7065,17.08,76.11,-1.637,1.601,2.606,0
7066,22.46,86.95,1.205,0.138,0.418,0
7067,19.2,90.49,3.281,-0.269,1.602,0
7068,15.98,22.89,-0.867,-0.098,1.393,0
7069,1.17,8.89,-0.403,-0.524,-0.378,0
7070,23.66,284.78,0.482,-0.299,0.269,0
7071,16.43,61.69,-0.321,2.249,-0.546,0
7072,19.97,101.22,1.568,-0.164,-2.233,0
7073,7.1,30.12,1.563,1.535,-2.372,0
7074,1.79,2055.51,-0.114,0.409,-3.069,0
7075,0.03,43.72,0.411,-0.097,0.092,0
7076,22.22,201.39,-2.224,0.059,0.256,0
7077,19.06,48.41,-1.969,-2.06,-0.598,0
7078,8.21,145.29,0.078,-1.6,1.331,0
7079,6.22,65.97,-0.437,0.122,-1.453,0
7080,5.74,94.06,2.591,0.916,0.916,0
7081,4.7,8.27,-0.318,0.075,-0.167,0
7082,20.75,61.66,0.91,-0.122,-3.01,0
7083,21.16,208.6,0.816,0.581,0.998,0
7084,12.1,69.48,-0.269,-0.347,0.5,0
7085,14.8,82.76,0.267,0.896,-0.255,0
7086,6.5,35.16,-1.529,-0.422,-0.67,0
7087,19.24,3.28,1.251,1.537,-0.606,0
7088,21.01,67.82,-2.302,0.682,1.659,0
7089,18.58,63.19,-0.655,0.358,2.688,0
7090,9.32,39.92,-1.589,1.037,-0.056,0
7091,7.68,7.78,-0.071,-0.839,0.076,0
7092,14.6,47.87,1.146,0.137,1.668,0
7093,9.11,97.68,-0.005,-1.564,-0.258,0
7094,7.1,61.86,3.75,-3.279,2.473,1
7095,19.11,1023.29,-1.143,0.863,0.604,0
7096,21.32,21.0,0.765,-2.42,-0.548,0
7097,23.27,34.21,-2.146,2.607,-0.405,0
7098,6.56,9.12,-0.124,0.456,0.323,0
7099,14.74,173.62,0.064,-0.526,-0.848,0
7100,12.88,3.79,-1.149,1.022,-1.362,0
7101,11.59,41.75,-1.227,-1.031,-2.089,0
7102,21.06,10.21,-0.286,-1.488,0.234,0
7103,18.15,63.87,0.119,0.011,-0.893,0
7104,0.14,29.66,0.067,-0.461,-0.816,0
7105,14.43,74.58,-1.59,1.383,0.216,0
7106,19.27,4.13,-0.124,0.133,-0.257,0
7107,6.76,199.8,-1.073,0.954,-2.641,0
7108,14.11,36.65,-1.175,-1.633,-1.326,0
7109,9.49,44.59,1.932,0.811,-0.203,0
7110,6.5,24.87,-0.812,-1.037,-1.825,0
7111,16.28,57.15,-0.719,0.54,-1.963,0
7112,12.1,39.64,0.445,-0.542,1.327,0
7113,10.99,76.0,-0.158,1.828,0.166,0
7114,8.05,112.9,0.157,3.663,-0.027,0
7115,8.6,57.71,-1.067,-0.92,-1.485,0
7116,17.46,265.51,-0.807,-1.389,0.563,0
7117,18.17,11.16,-0.86,-0.146,-1.644,0
7118,15.94,202.55,2.417,-0.444,1.704,0
7119,4.99,18.79,0.73,1.001,-3.193,0
7120,12.91,24.65,2.143,-2.077,-0.492,0
7121,13.51,5.28,-0.351,-1.079,-0.269,0
7122,13.71,120.57,-1.623,0.223,1.09,0
7123,11.64,18.41,-2.98,1.646,2.101,0
7124,18.45,63.91,1.432,-0.755,1.815,0
7125,23.57,81.53,0.906,1.448,0.342,0
7126,7.38,86.17,-0.311,-0.683,0.411,0
7127,16.49,124.11,-0.482,1.445,-0.62,0
7128,7.42,33.59,-1.713,-1.42,-0.343,0
7129,16.68,63.77,-1.321,-1.801,0.644,0
7130,11.83,47.71,0.831,-1.044,1.5,0
7131,13.68,134.51,0.549,-1.715,0.204,0
7132,15.64,20.9,0.811,0.331,0.04,0
7133,23.19,23.41,-0.533,-1.865,1.235,0
7134,22.17,67.92,1.572,-1.236,-0.559,0
7135,14.68,380.21,-2.88,-2.052,1.236,0
7136,12.19,7.59,1.044,0.263,1.769,0
7137,9.19,21.38,-0.15,-0.03,2.327,0
7138,5.68,62.21,0.56,0.141,-0.459,0
7139,20.45,172.44,1.032,-0.089,-0.635,0
7140,18.6,8.43,-1.493,-1.801,-1.223,0
7141,11.57,27.19,-0.84,0.998,-0.226,0
7142,17.55,103.4,1.264,-0.38,1.612,0
7143,13.29,53.69,2.256,-0.303,2.04,0
7144,10.27,19.86,-0.145,0.206,0.498,0
7145,17.61,226.04,0.313,-0.583,0.41,0
7146,5.05,43.2,-0.337,-0.818,1.157,0
7147,12.23,16.49,0.068,2.366,-0.346,0
7148,11.92,109.03,-1.376,-1.908,-1.3,0
7149,10.33,37.09,-2.125,0.01,2.545,0
7150,7.98,391.86,-0.668,-0.666,2.499,0
7151,4.31,78.04,-0.458,1.035,-0.449,0
7152,11.43,91.96,-0.114,2.182,1.514,0
7153,19.59,24.58,-1.815,-0.917,0.107,0
7154,14.98,219.87,-0.322,-0.855,0.255,0
7155,16.07,21.64,0.743,2.331,-3.832,0
7156,14.47,9.06,-1.942,-1.022,-0.382,0
7157,16.31,40.59,-0.411,-0.973,0.737,0
7158,10.98,19.35,-2.268,0.056,-1.237,0
7159,16.63,245.19,1.26,-0.888,0.805,0
7160,18.18,29.17,-0.189,-0.904,-0.773,0
7161,9.89,336.31,-0.807,-1.475,-1.456,0
7162,22.37,100.39,-1.291,-0.665,1.195,0
7163,10.48,36.86,1.244,0.153,-1.096,0
7164,9.5,98.18,-1.015,-1.725,1.81,0
7165,20.97,16.61,0.916,0.303,1.781,0
7166,7.18,6.67,-0.286,2.728,-0.148,0
7167,8.33,19.24,-0.573,0.984,-0.659,0
7168,17.53,20.84,-1.981,-0.106,-1.862,0
7169,8.98,29.37,0.845,0.156,0.485,0
7170,6.17,12.59,-1.865,0.939,0.182,0
7171,4.95,58.93,-1.518,-1.882,0.104,0
7172,18.62,19.81,0.392,-1.334,1.473,0
7173,7.43,716.0,0.99,0.443,0.747,0
7174,8.65,86.58,-0.781,0.024,-0.091,0
7175,18.81,5.56,-0.736,0.71,1.085,0
7176,11.06,97.95,0.686,0.624,-1.568,0
7177,8.18,19.13,0.266,-0.098,-0.206,0
7178,11.0,9.15,1.102,-1.11,-0.751,0
7179,9.71,39.08,-1.028,-0.308,-1.841,0
7180,9.45,173.47,1.392,0.551,1.729,0
7181,3.93,185.17,0.834,-1.488,2.085,0
7182,4.88,80.95,0.906,-1.783,-3.521,0
7183,21.9,41.08,-0.485,1.832,0.132,0
7184,10.74,66.82,-1.561,-2.087,-1.841,0
7185,3.27,25.44,1.522,1.543,0.896,0
7186,18.47,46.05,-0.152,-1.554,-0.922,0
7187,12.24,4.35,-2.041,-1.14,-0.231,0
7188,14.48,24.84,-1.296,-1.613,0.81,0
7189,19.02,187.61,-3.072,0.961,-0.527,0
7190,22.36,7.44,-1.035,-0.222,0.279,0
7191,5.63,76.13,0.634,-1.835,1.732,0
7192,16.73,57.59,-0.482,-0.378,-0.592,0
7193,21.45,40.89,1.239,-1.093,-0.565,0
7194,21.35,69.24,-0.778,0.893,-0.957,0
7195,20.0,20.61,-3.969,-2.189,-1.509,0
7196,1.46,4.6,0.745,-0.84,0.81,0
7197,21.6,115.55,0.428,-0.89,-0.029,0
7198,15.02,25.17,0.397,0.984,-0.818,0
7199,11.63,12.45,0.532,-0.97,1.043,0
7200,8.68,22.47,0.81,-0.423,0.096,0
7201,16.42,11.44,0.864,0.43,1.546,0
7202,18.28,13.66,-1.087,-2.76,-2.678,0
7203,17.2,11.56,-0.26,0.241,-0.669,0
7204,17.75,82.34,1.509,1.291,-2.806,0
7205,14.76,40.48,-0.094,-0.151,3.616,0
7206,8.25,118.97,-3.616,-0.212,-1.504,0
7207,13.78,59.02,1.642,0.466,-1.079,0
7208,4.51,218.87,2.396,-0.431,-0.083,0
7209,14.11,358.8,0.198,0.128,-0.816,0
7210,11.15,46.35,0.065,-1.799,3.436,0
7211,14.36,130.54,0.682,0.074,-0.939,0
7212,17.4,31.1,-0.017,-0.309,-0.471,0
7213,16.21,36.04,1.299,0.962,0.066,0
7214,18.92,85.5,-1.104,0.091,0.758,0
7215,0.57,19.82,-0.178,1.24,-0.139,0
7216,10.98,235.65,-0.965,-1.73,-1.243,0
7217,12.83,9.48,1.805,1.482,2.552,0
7218,12.72,13.65,0.004,0.141,-0.185,0
7219,12.88,671.7,-3.358,-0.287,-1.654,0
7220,14.46,42.97,-0.691,-0.489,2.436,0
7221,21.08,62.89,-4.243,-0.308,0.809,0
7222,8.5,498.05,0.904,-1.273,2.337,0
7223,13.09,23.71,0.016,-1.172,-1.107,0
7224,11.01,82.55,-1.001,-0.591,0.11,0
7225,17.75,7.98,1.259,-0.772,2.287,0
7226,12.96,72.61,1.904,0.452,-0.681,0
7227,14.85,75.37,-1.093,-0.136,1.132,0
7228,11.53,30.91,0.115,-0.118,0.342,0
7229,7.65,44.16,-1.126,0.329,0.877,0
7230,10.85,39.56,-1.647,1.664,1.242,0
7231,16.2,129.45,0.698,-1.449,1.332,0
7232,21.69,515.25,2.126,-1.204,0.092,0
7233,17.78,65.16,2.043,0.427,0.553,0
7234,19.93,68.34,-3.114,0.908,-0.042,0
7235,21.33,61.45,1.274,-0.424,0.568,0
7236,21.15,8.72,-0.892,1.297,-1.296,0
7237,14.16,2.57,-3.113,0.639,-0.644,0
7238,9.25,48.97,0.794,0.687,-0.844,0
7239,4.91,52.16,-0.593,2.094,-1.626,0
7240,5.22,14.46,2.421,-0.549,0.864,0
7241,12.13,271.2,1.18,2.225,0.117,0
7242,11.84,127.89,1.732,1.818,0.243,0
7243,18.39,53.57,-1.994,1.892,-3.799,0
7244,5.38,196.96,-0.536,-0.887,-0.045,0
7245,21.16,208.87,-0.114,0.694,1.359,0
7246,19.38,122.83,0.081,1.772,1.911,0
7247,6.66,18.72,0.638,-1.216,-0.759,0
7248,12.2,40.98,-1.121,-0.486,3.765,0
7249,9.47,152.1,2.058,0.568,3.132,0
7250,21.37,230.92,-0.283,-0.11,0.589,0
7251,11.65,50.0,-0.397,-0.358,1.461,0
7252,12.52,57.25,1.003,0.469,-1.324,0
7253,14.22,29.48,2.521,-1.63,0.655,0
7254,16.1,32.7,-0.566,-1.794,-1.873,0
7255,17.91,23.01,0.034,0.902,0.292,0
7256,11.52,240.3,2.656,0.181,-1.923,0
7257,13.57,303.09,1.402,-0.245,-0.44,0
7258,13.57,72.31,-1.279,-0.522,-0.943,0
7259,5.08,5.28,0.3,-1.203,0.794,0
7260,10.76,112.34,-0.942,-2.007,0.629,0
7261,8.71,30.64,1.614,-0.442,-1.436,0
7262,0.24,42.22,0.646,0.26,-1.232,0
7263,10.95,195.97,0.684,-1.105,-0.115,0
7264,12.38,33.68,-0.679,0.018,-1.184,0
7265,13.63,77.92,0.201,0.54,2.461,0
7266,5.62,8.21,0.758,1.287,-2.402,0
7267,16.69,35.21,3.241,0.902,-1.599,0
7268,14.32,26.12,0.314,0.038,1.241,0
7269,12.14,20.14,-0.543,-0.052,0.353,0
7270,19.0,6.75,0.14,-0.525,-1.488,0
7271,22.64,5.02,0.954,0.868,-0.528,0
7272,22.41,12.95,0.018,0.441,1.608,0
7273,14.74,4.47,0.891,0.028,-0.647,0
7274,11.64,30.22,1.08,-0.163,1.368,0
7275,10.53,13.11,2.198,-0.393,-3.862,0
7276,22.61,16.67,-0.923,-0.788,-0.087,0
7277,9.43,23.8,-0.057,1.648,0.416,0
7278,6.55,63.51,-0.333,0.019,-0.432,0
7279,12.39,114.76,0.036,-1.942,-1.157,0
7280,14.69,59.06,-0.429,-0.827,-1.356,0
7281,3.66,23.3,-1.628,0.978,0.331,0
7282,11.75,57.42,1.04,0.822,-0.456,0
7283,11.84,15.37,-0.043,-0.668,0.615,0
7284,14.06,389.6,-0.97,0.158,-0.311,0
7285,21.46,122.38,-1.985,0.257,0.356,0
7286,14.25,196.41,0.811,0.863,1.441,0
7287,13.57,299.87,1.015,-1.365,0.069,0
7288,12.83,30.36,1.246,0.398,-0.248,0
7289,12.92,35.2,-3.801,-1.433,-0.197,0
7290,10.48,184.73,-1.864,0.412,0.262,0
7291,13.53,17.34,-0.016,-0.273,1.946,0
7292,11.19,97.15,-0.025,-0.524,-2.773,0
7293,20.78,16.65,-2.381,-0.252,-1.988,0
7294,17.33,15.74,0.125,0.741,0.426,0
7295,21.46,46.07,1.56,-0.407,2.458,0
7296,10.19,203.17,-0.572,0.941,-0.141,0
7297,11.81,93.04,-0.58,-1.064,0.846,0
7298,7.11,114.26,-0.058,1.43,-0.821,0
7299,17.83,21.13,-1.292,-0.62,-0.275,0
7300,14.77,36.04,0.745,-0.085,0.283,0
7301,22.57,1103.75,-0.947,-1.523,-1.399,0
7302,20.67,24.75,0.655,-0.673,-1.571,0
7303,15.21,53.74,-0.431,0.852,-1.353,0
7304,18.16,33.7,1.821,1.874,-0.851,0
7305,8.76,5.68,0.389,0.567,0.556,0
7306,20.57,29.46,0.931,0.211,0.037,0
7307,7.49,27.04,1.163,1.449,-1.035,0
7308,18.2,35.07,-2.149,-0.755,-0.508,0
7309,19.38,21.99,0.168,-0.325,0.461,0
7310,22.22,88.19,-0.071,-0.797,0.802,0
7311,9.89,12.99,0.258,-1.179,-0.248,0
7312,7.25,43.11,-0.3,-1.044,-0.81,0
7313,20.09,19.55,0.289,-0.309,-0.261,0
7314,14.96,78.56,0.032,-0.592,-3.054,0
7315,4.73,7.37,-0.73,-1.076,-0.321,0
7316,17.23,24.34,-0.655,0.615,-1.105,0
7317,12.57,117.19,-1.574,1.966,1.469,0
7318,18.9,34.32,-0.021,-0.862,-1.919,0
7319,16.07,27.86,-0.037,1.23,-1.257,0
7320,8.6,12.72,-0.764,1.486,-0.803,0
7321,16.98,65.26,1.067,1.36,0.28,0
7322,21.56,58.6,-1.684,0.874,-1.308,0
7323,10.02,37.32,0.706,1.453,-1.55,0
7324,2.32,48.4,0.841,0.273,-1.608,0
7325,13.99,133.44,-0.159,-0.143,0.394,0
7326,4.32,28.84,0.679,-1.134,0.85,0
7327,19.81,24.77,0.769,1.208,0.613,0
7328,13.35,65.37,-2.142,-0.778,0.465,0
7329,14.81,7.03,0.282,0.093,0.495,0
7330,11.37,15.22,-0.827,-1.931,0.808,0
7331,16.91,56.48,-0.412,-1.267,1.237,0
7332,0.36,102.19,0.946,-0.505,-2.961,0
7333,15.06,122.55,-0.188,-0.706,-0.364,0
7334,16.11,60.5,0.629,-2.559,-0.937,0
7335,20.56,63.17,0.756,-0.389,0.736,0
7336,15.45,19.69,-0.739,-2.53,-0.017,0
7337,12.64,100.09,-0.562,-2.267,0.738,0
7338,8.66,20.7,2.416,0.686,1.108,0
7339,23.52,19.79,-0.603,0.255,1.09,0
7340,17.99,272.45,-1.897,-0.1,-0.623,0
7341,11.36,360.06,0.983,0.662,0.136,0
7342,8.01,270.32,0.586,-1.195,-0.182,0
7343,15.48,59.35,-0.147,-0.567,-0.273,0
7344,16.5,11.82,0.562,-0.94,0.023,0
7345,14.61,27.23,-1.981,0.92,-2.087,0
7346,21.95,178.85,-0.382,0.821,-1.478,0
7347,5.68,16.88,0.268,-0.352,-0.327,0
7348,21.16,12.07,0.501,-1.663,0.556,0
7349,8.7,144.08,2.686,0.213,0.644,0
7350,16.45,213.72,-2.762,-0.069,1.962,0
7351,18.24,78.29,-0.02,-0.835,-0.817,0
7352,14.36,38.72,1.501,-0.233,-1.175,0
7353,15.56,34.21,0.347,0.083,-1.977,0
7354,12.37,21.29,2.436,-1.711,-1.345,0
7355,18.4,69.11,0.895,-0.637,-0.592,0
7356,14.61,73.78,0.524,1.105,0.318,0
7357,0.52,31.85,-1.178,-0.238,1.645,0
7358,5.51,41.34,1.416,-0.016,2.687,0
7359,14.37,142.34,-0.019,-0.078,-0.911,0
7360,18.1,61.16,-0.781,-0.925,-0.38,0
7361,0.14,19.24,0.619,0.436,-0.161,0
7362,3.42,38.27,-1.57,0.909,2.203,0
7363,17.13,15.01,-1.674,2.426,1.841,0
7364,17.24,93.45,0.564,0.294,0.153,0
7365,16.08,12.43,-0.66,-0.047,1.74,0
7366,8.91,30.58,0.622,1.282,1.597,0
7367,4.4,9.13,0.673,0.103,-0.838,0
7368,15.21,28.13,-0.463,-1.361,0.445,0
7369,4.97,165.21,-0.677,-0.538,-0.833,0
7370,15.74,18.89,-0.28,-0.323,-0.429,0
7371,5.17,61.33,-0.039,0.292,1.274,0
7372,17.03,121.85,1.75,0.244,-1.963,0
7373,10.71,63.47,-2.235,0.089,0.555,0
7374,14.63,144.51,-2.447,-0.392,-2.001,0
7375,16.85,50.31,-2.43,-0.753,-0.488,0
7376,9.17,137.81,-1.07,3.067,-0.11,0
7377,12.79,35.25,-1.33,-1.362,0.995,0
7378,4.57,51.12,-0.92,1.259,2.373,0
7379,22.31,17.8,-0.583,-0.426,-1.237,0
7380,10.78,32.32,1.067,-0.342,-2.427,0
7381,16.07,309.69,-1.028,-0.07,2.651,0
7382,10.47,12.63,2.318,-1.206,-0.07,0
7383,14.64,182.69,-0.901,0.056,0.521,0
7384,5.17,81.5,0.396,-1.611,0.56,0
7385,7.6,15.19,1.681,-1.352,0.371,0
7386,9.02,37.51,1.955,0.908,0.296,0
7387,14.21,96.91,1.018,-1.307,-0.447,0
7388,8.85,9.68,0.62,1.087,0.744,0
7389,22.44,38.07,-1.646,-1.022,-1.047,0
7390,17.02,5.2,2.636,-1.739,-0.72,0
7391,18.65,50.36,-0.659,-0.138,-1.402,0
7392,10.37,8.34,0.967,-0.542,0.074,0
7393,17.53,20.67,-1.072,-0.52,2.112,0
7394,7.09,24.81,1.321,-0.435,-2.4,0
7395,1.08,52.77,1.856,0.402,0.521,0
7396,14.1,44.72,0.467,-0.611,0.317,0
7397,20.59,131.83,0.688,-0.386,0.903,0
7398,14.11,8.11,-1.431,0.377,0.045,0
7399,12.81,106.36,0.295,1.639,-0.548,0
7400,15.1,44.28,0.516,1.034,-0.807,0
7401,14.4,217.21,-1.111,1.784,-3.714,0
7402,10.07,10.76,-0.342,-1.533,-2.228,0
7403,9.24,31.6,0.964,-0.811,-0.059,0
7404,11.3,27.3,-0.066,-0.429,-2.595,0
7405,16.34,2.8,-0.34,0.301,-3.747,0
7406,14.38,73.35,1.241,-0.908,-1.705,0
7407,19.6,11.93,-1.858,-1.891,0.472,0
7408,8.31,14.63,-0.956,0.096,-0.838,0
7409,7.59,29.98,-1.203,0.65,3.139,0
7410,17.63,2.76,0.094,-1.711,0.413,0
7411,20.27,12.42,-1.359,-2.071,0.304,0
7412,13.78,91.82,-1.878,-0.057,1.411,0
7413,6.03,77.08,-0.176,0.432,-1.665,0
7414,14.25,35.87,2.427,1.304,0.109,0
7415,18.27,11.47,-0.296,-0.84,0.584,0
7416,13.41,18.86,0.443,-0.693,-1.857,0
7417,5.97,94.45,-2.549,1.082,1.154,0
7418,7.84,146.5,-0.023,1.169,-3.615,0
7419,17.23,11.79,-1.152,0.945,-0.148,0
7420,16.14,65.83,-1.682,1.068,-0.002,0
7421,6.33,92.74,-0.118,0.563,-0.673,0
7422,8.17,13.58,1.975,1.931,-0.304,0
7423,9.07,64.34,-0.323,2.064,-0.905,0
7424,11.91,102.45,0.423,0.675,-2.652,0
7425,22.39,137.33,0.61,-0.766,-0.463,0
7426,13.47,63.24,1.151,0.9,0.062,0
7427,9.38,18.55,-1.389,-0.499,-2.033,0
7428,14.79,11.11,-0.371,1.684,-0.123,0
7429,22.27,49.45,-1.068,-0.445,1.291,0
7430,12.81,16.63,-0.426,1.508,1.655,0
7431,11.25,18.54,-0.205,0.415,-1.024,0
7432,22.97,13.2,-0.397,1.601,-0.764,0
7433,9.91,603.83,-0.26,0.219,-1.763,0
7434,8.13,16.41,-1.715,0.292,-1.38,0
7435,6.85,232.24,-2.378,-0.592,-2.285,0
7436,19.02,125.52,-0.702,-0.631,-0.929,0
7437,8.94,20.17,0.234,0.024,-1.578,0
7438,7.69,71.03,-1.375,0.955,-1.767,0
7439,18.16,41.74,0.108,-1.263,-0.591,0
7440,11.86,8.37,-0.441,-0.099,-2.906,0
7441,10.24,42.74,-0.991,-1.623,0.462,0
7442,18.76,93.45,1.067,-1.353,-1.714,0
7443,9.22,11.77,1.029,1.718,-0.484,0
7444,17.46,6.36,-1.642,-1.16,-0.289,0
7445,9.76,171.6,-1.574,-0.619,1.411,0
7446,10.49,80.14,-1.395,1.223,-0.831,0
7447,22.23,53.21,0.496,-0.025,0.801,0
7448,19.4,14.25,1.792,0.112,0.462,0
7449,19.33,97.64,0.099,-0.73,1.593,0
7450,16.22,29.66,-2.274,1.077,1.184,0
7451,15.11,110.94,0.492,-3.259,2.662,0
7452,2.08,176.01,-1.201,-1.472,-1.673,0
7453,23.54,45.22,1.771,-0.055,2.463,0
7454,11.46,37.89,2.185,1.16,-3.805,0
7455,7.04,162.13,0.969,-0.597,2.667,0
7456,15.0,70.22,-0.628,-0.2,0.669,0
7457,6.81,96.85,1.049,2.252,2.191,0
7458,19.25,20.9,-0.102,-0.428,0.888,0
7459,8.48,13.83,0.904,0.477,-0.207,0
7460,20.89,51.32,-0.335,-0.274,-0.429,0
7461,17.1,45.68,0.1,0.561,-0.341,0
7462,11.57,17.46,1.822,0.379,1.664,0
7463,16.64,64.63,-0.091,1.538,-0.359,0
7464,21.88,4.19,0.073,-0.563,0.985,0
7465,0.71,71.56,2.011,0.041,0.888,0
7466,15.2,35.79,0.847,-2.339,0.497,0
7467,15.59,377.69,-1.263,-0.087,-3.544,0
7468,8.51,41.73,-1.26,-0.263,0.961,0
7469,9.51,99.69,0.914,0.281,1.523,0
7470,18.28,37.27,-0.791,1.483,-0.483,0
7471,14.67,18.82,-2.164,-0.585,1.367,0
7472,9.27,20.25,-0.268,-0.35,0.021,0
7473,16.13,18.79,-0.148,0.377,-0.961,0
7474,10.5,119.15,-0.182,-0.776,-1.247,0
7475,2.85,688.29,-0.408,0.465,0.42,0
7476,0.18,28.21,-1.339,0.076,-0.796,0
7477,10.67,127.28,-1.702,1.63,-1.895,0
7478,9.26,144.43,-2.039,-0.266,-0.555,0
7479,0.62,74.08,-0.408,-0.107,-1.632,0
7480,18.76,27.6,2.391,0.486,-0.601,0
7481,17.02,45.53,0.157,0.359,0.6,0
7482,14.02,26.13,0.903,-1.656,-1.022,0
7483,3.58,228.73,-1.972,0.101,-3.296,0
7484,8.01,96.82,-0.824,-1.238,-0.628,0
7485,11.2,14.46,0.366,0.753,0.266,0
7486,4.69,45.02,1.808,-1.159,-1.319,0
7487,23.86,25.38,-0.997,-0.356,-0.726,0
7488,17.12,31.01,-1.957,-0.075,2.164,0
7489,11.87,89.21,0.269,-0.742,-0.595,0
7490,12.08,148.29,-0.837,-2.06,0.529,0
7491,0.31,315.64,-0.216,-1.767,2.471,0
7492,18.2,52.42,-0.056,-1.681,0.379,0
7493,18.14,71.33,0.346,0.251,-2.018,0
7494,5.07,26.45,1.521,-0.58,-0.376,0
7495,16.76,147.3,-1.287,0.02,-2.497,0
7496,23.66,13.43,-0.749,0.542,0.504,0
7497,14.31,66.98,-0.822,0.62,-0.799,0
7498,2.73,20.31,-0.119,1.232,0.234,0
7499,10.27,119.06,1.324,0.35,0.719,0
7500,19.6,24.37,-1.768,1.986,0.812,0
7501,2.31,70.57,-2.464,-0.969,1.925,0
7502,3.09,53.63,-1.437,-2.42,0.816,0
7503,19.63,245.72,0.059,-1.553,2.518,0
7504,18.62,83.23,0.809,0.277,-2.835,0
7505,17.7,86.91,-2.03,0.693,1.312,0
7506,13.52,14.08,0.653,-0.411,0.878,0
7507,14.98,22.46,-0.023,-0.42,2.429,0
7508,16.15,120.03,-0.546,0.557,-0.303,0
7509,4.2,157.14,-0.621,0.185,-1.823,0
7510,15.92,75.15,2.667,-0.335,1.182,0
7511,16.38,29.64,0.984,-0.171,-1.761,0
7512,9.62,230.26,-0.129,-0.998,1.012,0
7513,20.92,6.75,1.171,0.171,-1.417,0
7514,11.47,49.42,0.936,0.75,0.647,0
7515,14.8,9.19,0.837,1.534,2.093,0
7516,11.91,60.76,-0.738,1.321,-0.024,0
7517,14.13,108.22,-3.219,-1.084,-0.568,0
7518,16.08,94.64,0.378,0.476,-2.442,0
7519,9.82,446.76,1.16,0.122,0.504,0
7520,2.4,7.82,0.388,0.733,1.476,0
7521,9.57,42.12,0.09,0.994,-2.252,0
7522,21.01,71.95,-0.146,0.702,0.916,0
7523,0.15,49.45,-0.216,3.0,2.132,0
7524,19.25,12.66,-1.303,-0.358,0.681,0
7525,8.58,36.23,-1.172,-1.847,-1.136,0
7526,11.88,34.68,0.607,-1.702,-1.005,0
7527,20.86,30.11,1.175,-0.819,-0.329,0
7528,4.58,45.44,0.947,1.49,4.283,0
7529,17.04,187.55,-1.115,-0.953,0.772,0
7530,9.37,138.76,1.53,0.392,-1.527,0
7531,9.09,50.14,-0.241,-0.909,0.878,0
7532,18.62,77.96,0.6,0.516,1.368,0
7533,6.5,32.13,0.627,0.712,-0.229,0
7534,9.14,147.68,0.516,0.082,2.409,0
7535,7.68,173.06,-0.082,-1.465,-0.414,0
7536,18.68,97.1,1.576,1.453,0.53,0
7537,19.44,91.3,2.539,-2.809,1.12,0
7538,11.15,33.84,0.429,1.48,2.034,0
7539,21.0,76.28,-1.619,1.294,-0.606,0
7540,19.62,26.48,-0.115,0.75,-0.183,0
7541,16.24,15.51,-0.056,1.243,-1.459,0
7542,2.96,69.67,0.578,2.609,-3.066,0
7543,12.93,136.4,0.126,0.989,1.148,0
7544,20.9,302.75,-0.396,-0.511,0.934,0
7545,13.02,193.91,0.15,-0.184,-0.882,0
7546,19.7,17.85,-1.278,0.943,-2.17,0
7547,16.58,5.47,0.463,1.143,2.035,0
7548,18.68,12.22,-0.631,-0.227,-0.713,0
7549,5.71,13.34,0.106,-1.329,-3.093,0
7550,20.49,224.78,-2.115,0.621,-0.339,0
7551,13.68,19.55,-0.242,-0.955,2.074,0
7552,15.03,24.38,-0.611,0.093,-1.198,0
7553,15.68,211.9,-1.713,-0.922,-0.823,0
7554,20.67,26.5,-1.921,-1.051,0.852,0
7555,20.02,20.61,-0.389,0.893,0.243,0
7556,12.69,52.37,1.61,-1.204,-1.765,0
7557,5.08,17.24,-0.925,2.47,-1.081,0
7558,11.64,133.7,1.005,1.279,0.259,0
7559,14.97,28.32,1.134,-0.989,0.279,0
7560,2.38,62.23,2.198,0.189,-0.009,0
7561,15.26,20.42,-0.158,0.609,1.115,0
7562,11.28,9.88,-0.322,0.943,0.048,0
7563,7.05,64.39,0.417,-1.048,-1.725,0
7564,16.15,20.52,-0.876,0.142,-0.648,0
7565,15.65,104.85,-0.025,-0.456,0.263,0
7566,21.87,15.68,0.856,-0.714,1.217,0
7567,16.71,43.93,0.863,2.884,0.077,0
7568,4.99,180.31,-1.138,-0.727,-1.877,0
7569,9.1,96.33,0.651,-0.112,0.478,0
7570,19.83,106.96,0.488,-0.53,-0.097,0
7571,0.54,56.1,-0.542,-0.777,1.359,0
7572,16.53,18.24,0.634,2.289,-0.182,0
7573,20.04,11.29,0.362,-0.484,0.192,0
7574,16.86,10.46,-0.415,-0.36,-1.385,0
7575,13.7,214.38,-1.259,-0.452,0.077,0
7576,15.51,153.23,-3.239,0.24,-3.079,0
7577,12.56,94.2,-0.01,-0.609,0.483,0
7578,15.99,10.8,1.216,0.466,-1.762,0
7579,13.93,10.51,0.51,0.194,1.513,0
7580,21.85,17.05,-0.639,-0.236,-1.257,0
7581,10.32,336.75,0.885,-0.466,0.714,0
7582,11.77,103.75,-2.443,-0.306,-1.298,0
7583,15.59,202.93,-0.816,-1.588,0.141,0
7584,7.59,10.75,1.252,-0.027,-4.041,0
7585,7.24,83.27,-1.341,-0.745,1.655,0
7586,4.95,14.18,-0.595,1.144,-0.762,0
7587,1.81,14.5,-0.758,-0.429,-2.154,0
7588,22.17,45.75,2.139,0.496,-0.729,0
7589,10.84,21.47,-0.673,0.237,-1.519,0
7590,15.88,138.93,-2.225,0.674,1.035,0
7591,20.97,134.9,0.235,0.307,0.307,0
7592,14.28,83.7,-0.598,1.221,0.417,0
7593,14.09,54.77,-0.291,-0.411,1.553,0
7594,14.89,53.52,0.226,0.052,-1.136,0
7595,16.64,29.79,-0.577,-1.471,1.764,0
7596,7.69,7.39,-0.25,0.548,-0.21,0
7597,8.67,43.0,0.142,0.24,-2.337,0
7598,19.89,174.26,1.5,0.363,1.05,0
7599,8.7,38.07,0.705,1.803,-0.421,0
7600,14.76,40.17,-0.161,-0.367,-1.479,0
7601,11.41,62.99,1.222,0.182,3.032,0
7602,19.36,77.9,0.179,0.167,-0.508,0
7603,19.98,42.21,-0.25,1.224,-2.366,0
7604,12.63,31.33,3.027,0.262,0.841,0
7605,15.14,19.86,0.698,0.361,-0.747,0
7606,10.81,39.36,-2.084,-0.012,-0.501,0
7607,4.96,94.86,1.764,-0.072,2.576,0
7608,3.54,80.24,0.438,0.508,-0.258,0
7609,18.48,5.33,-1.433,-0.268,-0.156,0
7610,18.8,17.16,-0.025,0.453,0.558,0
7611,1.77,153.49,0.225,-0.978,1.72,0
7612,23.07,23.73,-0.304,-0.558,-1.429,0
7613,13.41,42.49,-0.47,-1.4,-2.065,0
7614,6.05,44.54,2.21,0.472,-2.337,0
7615,13.72,39.65,0.904,-0.591,0.378,0
7616,8.49,9.8,-0.823,-1.554,0.392,0
7617,15.69,17.45,1.749,-3.163,1.14,0
7618,14.77,146.14,0.314,-1.327,-3.106,0
7619,17.84,38.64,1.576,1.193,-2.409,0
7620,21.14,54.42,0.1,0.103,0.246,0
7621,11.62,58.56,-0.532,0.944,-2.224,0
7622,8.52,50.92,-0.042,-0.9,1.18,0
7623,10.6,107.77,-0.682,1.355,0.578,0
7624,16.38,16.97,2.926,-0.102,-0.451,0
7625,9.97,6.0,2.164,0.133,-0.538,0
7626,13.87,52.06,0.524,0.473,2.745,0
7627,18.32,52.33,0.665,1.864,1.012,0
7628,17.5,111.57,0.63,-1.122,-1.418,0
7629,0.76,173.93,-1.412,0.758,1.423,0
7630,5.39,67.41,-0.013,-0.448,-3.796,0
7631,13.68,136.04,1.693,1.42,-2.795,0
7632,12.63,111.37,0.731,0.847,2.377,0
7633,17.45,7.57,1.385,-0.063,-0.919,0
7634,14.93,109.45,0.994,-0.154,-3.717,0
7635,8.74,59.97,1.37,0.525,1.891,0
7636,20.4,14.68,-0.508,1.198,0.954,0
7637,0.66,219.01,0.866,1.221,2.703,0
7638,3.58,12.98,-0.784,0.099,-0.742,0
7639,13.65,105.49,-1.29,-0.368,1.376,0
7640,14.04,603.02,1.07,0.502,-2.421,0
7641,16.09,32.26,0.013,-0.651,-0.929,0
7642,0.04,56.82,0.007,0.643,-0.806,0
7643,12.68,44.32,-0.751,-1.857,-0.443,0
7644,16.24,5.92,0.799,0.375,-2.558,0
7645,2.17,250.02,0.217,0.018,0.468,0
7646,20.76,43.92,-1.411,0.441,-2.507,0
7647,17.76,207.96,1.249,2.099,1.721,0
7648,10.22,21.26,0.075,-0.214,-0.248,0
7649,16.66,500.96,1.99,-2.719,0.385,0
7650,13.44,93.4,0.382,-2.297,0.798,0
7651,14.08,35.69,1.594,-0.398,0.755,0
7652,12.37,291.1,0.397,-0.824,1.961,0
7653,10.24,52.02,-1.051,-0.717,-0.083,0
7654,21.91,367.88,2.021,1.106,-0.27,0
7655,8.04,21.2,-2.183,-1.19,-0.351,0
7656,1.05,35.66,0.842,-1.502,0.823,0
7657,6.02,26.72,0.502,1.589,-1.148,0
7658,14.42,26.83,-2.218,-0.71,1.15,0
7659,6.49,65.72,-0.075,1.388,-0.595,0
7660,12.54,23.34,-0.053,0.312,3.238,0
7661,5.9,75.03,0.195,0.877,0.399,0
7662,10.37,6.02,0.219,0.794,-1.915,0
7663,12.01,11.63,1.323,0.793,0.034,0
7664,15.03,15.31,-1.246,0.22,0.057,0
7665,13.02,294.73,-1.69,-0.763,2.659,0
7666,6.57,67.44,-0.095,-0.823,-1.055,0
7667,19.47,47.16,1.773,1.479,-1.304,0
7668,7.17,33.43,1.114,1.024,0.705,0
7669,13.19,30.82,1.043,-0.964,-1.428,0
7670,14.53,27.47,-1.468,-0.55,0.06,0
7671,8.55,42.97,0.018,-0.668,-2.423,0
7672,8.24,22.53,-0.646,-0.675,-0.451,0
7673,16.43,14.88,0.443,-0.106,1.494,0
7674,9.03,479.45,-0.617,0.216,0.672,0
7675,15.23,24.91,1.331,-0.636,-2.384,0
7676,9.41,14.86,-0.123,1.062,0.942,0
7677,9.86,64.55,-0.517,-1.17,1.353,0
7678,19.3,127.46,-1.034,0.479,-0.696,0
7679,19.8,44.85,-0.519,0.921,-0.15,0
7680,17.26,54.78,-0.237,-0.469,1.261,0
7681,3.42,40.39,0.551,1.446,-0.129,0
7682,23.51,23.18,-0.865,-0.036,-0.505,0
7683,3.54,24.99,-0.939,-0.876,-1.487,0
7684,22.76,74.83,-0.165,1.03,0.866,0
7685,9.87,174.77,1.733,0.001,-1.239,0
7686,0.66,106.36,-1.416,-0.592,2.921,0
7687,19.88,48.06,0.372,0.314,1.819,0
7688,12.87,9.19,-1.561,1.636,-2.357,0
7689,20.74,351.82,0.965,0.574,3.282,0
7690,12.28,32.06,0.362,-0.158,2.54,0
7691,9.41,30.58,0.973,1.548,-3.006,0
7692,15.16,28.42,0.3,0.852,-1.572,0
7693,12.03,4.97,-1.296,-1.316,-0.344,0
7694,22.66,12.44,1.488,-0.778,-1.958,0
7695,18.69,609.43,1.464,-0.173,-1.973,0
7696,16.85,44.52,-0.907,-0.439,3.25,0
7697,16.52,6.8,1.62,-1.247,1.629,0
7698,18.23,22.5,-1.254,-0.107,-0.241,0
7699,14.32,51.79,1.588,-0.968,-0.19,0
7700,8.86,9.75,-2.998,1.054,1.695,0
7701,15.53,6.52,1.113,0.161,1.88,0
7702,11.99,5.26,-0.317,0.355,-0.677,0
7703,18.39,86.73,0.52,-0.428,1.681,0
7704,15.02,19.93,2.832,-2.381,-0.788,0
7705,6.9,319.88,-0.29,1.302,-1.239,0
7706,20.35,69.01,-2.868,0.796,-0.875,0
7707,20.49,71.08,1.141,-1.146,-0.678,0
7708,14.67,8.1,0.207,-0.369,-0.358,0
7709,15.04,204.85,-0.096,-0.419,-1.715,0
7710,12.84,7.01,-1.738,1.55,-1.13,0
7711,12.5,357.04,3.185,-0.812,-1.085,0
7712,15.46,52.6,-1.127,0.157,-0.48,0
7713,9.49,5.2,-1.771,0.821,-0.696,0
7714,6.08,179.93,-1.834,0.019,1.181,0
7715,15.35,126.05,1.133,-0.429,0.447,0
7716,13.75,237.95,-1.272,1.13,0.313,0
7717,12.25,111.54,0.044,0.414,0.983,0
7718,6.54,49.87,1.103,-1.809,-0.487,0
7719,14.74,40.06,-1.035,-0.417,1.693,0
7720,20.72,39.49,-1.327,0.772,-1.172,0
7721,5.61,25.59,-0.688,2.383,-2.38,0
7722,22.26,28.07,0.67,-1.456,0.784,0
7723,18.46,15.95,1.716,0.964,-1.245,0
7724,5.92,36.91,1.047,1.893,0.08,0
7725,4.18,259.39,1.325,0.668,0.58,0
7726,23.17,188.66,-2.106,0.439,2.798,0
7727,16.13,18.53,-0.326,-0.502,0.439,0
7728,4.37,49.66,-0.405,0.828,2.183,0
7729,7.77,51.22,1.694,0.572,1.025,0
7730,8.21,60.17,0.498,0.588,-1.208,0
7731,19.58,24.69,-2.365,2.529,-0.012,0
7732,8.1,6.86,2.0,-0.048,0.223,0
7733,9.76,86.79,1.045,-0.417,1.225,0
7734,17.47,43.19,-3.023,-1.232,0.749,0
7735,8.98,68.42,0.542,0.288,-0.718,0
7736,8.9,145.58,-0.551,0.777,-0.37,0
7737,9.5,33.97,0.808,0.721,2.456,0
7738,10.65,9.84,0.594,0.667,-0.697,0
7739,13.19,8.79,3.728,0.775,-2.478,0
7740,13.72,131.85,0.02,-0.602,1.416,0
7741,11.82,15.38,0.764,0.05,-0.067,0
7742,11.37,87.77,-2.075,-0.178,1.789,0
7743,17.12,17.22,-1.288,-0.463,1.126,0
7744,9.9,106.8,-0.662,-0.134,0.345,0
7745,20.83,67.92,2.463,-0.914,-0.986,0
7746,22.7,390.66,-2.784,2.546,1.961,0
7747,18.98,16.75,0.215,-0.51,-0.04,0
7748,21.36,23.05,-0.919,-0.888,-0.221,0
7749,9.59,29.85,-1.267,-0.233,-2.969,0
7750,11.12,767.75,1.95,-0.213,-1.255,0
7751,12.85,77.17,-0.246,1.005,1.446,0
7752,15.51,38.26,-1.005,0.515,-1.776,0
7753,11.79,4.91,-1.058,-0.637,0.464,0
7754,14.38,29.06,-2.124,0.078,-0.685,0
7755,2.99,52.02,-1.299,-0.701,-1.022,0
7756,17.84,484.35,2.271,0.96,0.687,0
7757,18.32,117.2,-0.088,0.192,-0.715,0
7758,17.11,9.73,-0.962,0.33,0.539,0
7759,20.52,173.73,1.59,-0.076,-2.485,0
7760,22.8,51.57,1.034,-2.051,0.917,0
7761,22.2,159.66,-0.494,-1.882,0.962,0
7762,7.55,31.39,-0.152,0.241,-0.518,0
7763,18.9,143.53,-1.18,0.946,0.114,0
7764,10.53,31.81,1.181,-0.258,-0.45,0
7765,14.17,22.95,2.507,1.045,0.744,0
7766,7.1,94.84,1.621,2.271,1.382,0
7767,17.35,58.84,-1.8,0.344,-2.774,0
7768,19.58,19.22,-1.538,0.885,2.863,0
7769,8.99,107.71,1.416,0.758,-2.193,0
7770,11.78,6.73,-0.318,1.206,0.684,0
7771,12.9,7.96,1.048,-0.539,1.074,0
7772,6.0,49.48,-0.694,0.534,0.162,0
7773,20.89,192.45,-0.382,0.444,-2.742,0
7774,11.77,42.74,-1.117,0.338,2.17,0
7775,10.86,29.59,1.313,-1.587,1.104,0
7776,12.04,30.56,-0.548,1.681,-3.034,0
7777,17.57,54.87,-0.128,-1.566,-0.385,0
7778,6.74,43.31,-0.169,-0.119,-0.0,0
7779,0.05,83.64,1.852,0.281,2.593,0
7780,17.35,214.67,1.478,0.286,1.693,0
7781,10.48,126.36,0.258,2.262,0.355,0
7782,14.93,56.99,0.221,1.117,-2.663,0
7783,21.46,40.58,1.613,0.342,0.523,0
7784,11.93,36.3,-0.162,-0.997,4.404,0
7785,7.53,3.12,0.102,0.635,0.261,0
7786,13.2,8.81,-1.642,0.556,2.06,0
7787,22.52,64.9,-0.83,0.43,-0.58,0
7788,8.3,31.87,1.483,1.663,0.458,0
7789,19.01,9.05,0.387,0.371,1.579,0
7790,14.62,165.83,2.313,0.056,-1.187,0
7791,15.71,16.08,1.2,0.517,-1.408,0
7792,17.6,5.07,-0.643,-0.548,1.832,0
7793,12.2,5.99,2.293,-1.066,0.919,0
7794,7.42,8.35,2.829,0.713,0.691,0
7795,4.34,75.64,-0.529,0.246,-0.321,0
7796,13.98,10.54,-1.969,1.268,1.748,0
7797,10.94,112.32,2.112,-0.15,-0.088,0
7798,21.32,3.82,0.6,2.453,-0.377,0
7799,16.8,102.12,-0.241,-0.078,-1.635,0
7800,11.88,41.2,0.368,-1.316,-0.123,0
7801,4.56,113.04,-0.269,2.207,0.196,0
7802,14.21,32.61,1.875,-1.347,0.888,0
7803,19.79,33.03,-1.297,1.96,0.871,0
7804,12.81,242.75,-0.267,0.157,0.68,0
7805,14.63,54.06,0.834,-1.472,-2.381,0
7806,13.82,53.25,0.855,-0.924,-0.183,0
7807,18.37,68.25,0.192,0.019,-0.526,0
7808,15.69,7.88,0.699,-0.707,-1.364,0
7809,2.77,177.08,1.892,0.242,-3.971,0
7810,17.45,60.29,1.189,1.599,1.152,0
7811,17.98,48.42,0.131,0.23,-0.25,0
7812,17.22,39.92,-2.091,-0.803,1.273,0
7813,16.01,9.73,-0.851,0.446,-1.246,0
7814,18.89,121.5,-1.14,0.821,0.771,0
7815,16.84,84.77,-3.6,1.221,-0.453,0
7816,21.41,18.43,-0.94,0.818,-0.518,0
7817,16.55,11.07,2.615,0.702,0.654,0
7818,7.89,44.61,0.758,-1.234,-0.181,0
7819,19.02,9.18,0.793,0.863,1.832,0
7820,12.41,142.58,1.892,0.743,1.201,0
7821,14.37,40.57,1.145,0.11,0.031,0
7822,17.04,13.4,0.042,-1.035,-2.657,0
7823,11.98,121.06,-0.881,0.465,1.084,0
7824,16.24,36.84,-0.41,0.17,-0.596,0
7825,12.34,92.23,-0.423,-1.452,-0.163,0
7826,18.63,11.1,0.649,-0.291,-0.025,0
7827,17.68,15.01,0.617,-0.655,-2.127,0
7828,9.96,312.11,0.783,-1.408,-0.51,0
7829,18.56,37.42,-1.236,0.533,-1.227,0
7830,22.58,115.12,-0.652,0.941,-0.572,0
7831,10.59,65.91,-0.561,-0.154,-0.57,0
7832,20.87,256.55,0.014,-2.194,-0.372,0
7833,18.77,26.04,-1.031,-1.324,2.605,0
7834,8.11,168.7,1.147,-0.939,-2.071,0
7835,5.49,15.1,-0.814,0.423,1.741,0
7836,17.76,3.88,-1.187,0.033,-1.876,0
7837,11.0,66.82,1.337,-1.031,-0.309,0
7838,21.11,12.26,0.805,0.867,1.644,0
7839,12.19,25.74,-0.806,1.569,0.424,0
7840,13.51,150.89,0.983,-0.33,0.942,0
7841,15.58,115.15,-0.32,-0.83,-2.572,0
7842,19.51,36.86,-1.429,1.774,-0.105,0
7843,21.25,36.41,-2.17,1.54,0.867,0
7844,23.5,20.6,-1.631,1.834,-1.043,0
7845,6.41,135.23,-1.369,0.335,-1.741,0
7846,17.34,39.81,0.274,-0.969,0.387,0
7847,17.72,25.23,0.356,0.537,2.11,0
7848,20.53,120.43,1.028,-0.789,0.997,0
7849,10.49,666.33,1.061,0.147,1.73,0
7850,18.66,158.41,1.021,0.424,1.356,0
7851,9.8,53.94,-0.466,-0.891,1.45,0
7852,2.04,24.11,1.833,-0.744,2.216,0
7853,0.08,50.14,0.828,-0.117,-1.631,0
7854,10.6,33.38,-0.841,0.907,1.038,0
7855,18.32,10.8,-0.392,-0.453,-1.213,0
7856,15.81,131.17,1.548,-0.531,0.787,0
7857,22.3,157.23,-1.489,1.166,-1.406,0
7858,15.93,60.17,1.99,1.806,-0.38,0
7859,6.45,91.53,1.813,-0.375,2.854,0
7860,14.57,33.6,1.366,0.403,-1.238,0
7861,1.51,47.69,-0.813,-0.395,1.197,0
7862,11.48,30.61,0.01,0.42,-0.112,0
7863,14.91,59.22,-0.357,-0.216,0.574,0
7864,10.81,60.77,-0.671,0.712,0.508,0
7865,9.59,259.36,2.298,1.611,0.456,0
7866,7.15,18.2,0.599,-0.378,0.13,0
7867,18.68,43.43,-0.405,0.764,1.274,0
7868,20.36,50.77,0.776,-0.531,0.152,0
7869,7.67,36.86,0.444,0.025,1.709,0
7870,0.08,33.35,-1.897,-0.512,-1.529,0
7871,19.45,13.98,-0.729,-0.971,0.714,0
7872,13.54,37.9,0.253,0.462,-0.757,0
7873,4.97,53.44,-0.699,-0.454,0.483,0
7874,9.77,41.95,1.246,-1.214,0.798,0
7875,2.71,11.43,-1.176,0.657,1.204,0
7876,10.5,41.56,1.776,-1.333,-1.375,0
7877,8.73,42.38,1.598,-1.022,-0.471,0
7878,9.99,26.93,0.046,0.667,-0.247,0
7879,17.13,34.4,0.705,0.344,0.243,0
7880,7.6,64.76,-0.325,-1.098,-1.611,0
7881,17.2,215.09,0.791,0.733,-1.647,0
7882,22.77,59.34,2.781,-0.024,1.368,0
7883,13.15,20.29,-0.17,-1.164,1.741,0
7884,3.16,66.99,-1.718,-0.335,0.025,0
7885,13.52,560.8,-1.606,1.434,0.962,0
7886,23.46,22.35,-0.665,1.6,-0.448,0
7887,12.21,26.24,-0.063,-0.516,-0.44,0
7888,2.86,14.76,-1.54,0.472,0.801,0
7889,11.98,62.96,-1.244,1.594,1.314,0
7890,8.62,14.64,-0.193,0.198,0.127,0
7891,16.08,125.37,0.872,0.422,-2.699,0
7892,14.31,11.95,0.126,2.826,-0.59,0
7893,16.79,5.41,-1.278,0.415,-0.595,0
7894,6.6,12.93,-0.362,-1.102,-1.333,0
7895,11.6,18.71,-0.804,-2.097,0.536,0
7896,14.91,9.95,0.48,-0.583,-0.026,0
7897,11.74,5.36,-0.397,-0.314,-2.578,0
7898,19.57,91.49,0.621,0.141,-2.421,0
7899,17.67,17.44,-0.287,0.518,0.925,0
7900,19.8,58.28,-0.756,-0.046,0.45,0
7901,18.25,94.54,-0.863,0.928,2.5,0
7902,10.17,8.95,0.015,0.67,-0.788,0
7903,0.74,29.36,0.298,-0.946,2.798,0
7904,1.35,88.98,2.364,0.139,-1.439,0
7905,21.87,175.0,0.047,0.806,-1.294,0
7906,12.94,251.44,-1.635,0.9,1.397,0
7907,9.15,24.33,1.922,-0.286,-0.088,0
7908,11.29,32.11,2.961,-0.534,-2.186,0
7909,18.98,48.47,1.095,1.291,-0.672,0
7910,16.02,10.42,0.072,-0.119,-1.496,0
7911,8.06,277.95,-1.908,-1.541,0.745,0
7912,5.19,307.18,-1.787,1.453,1.422,0
7913,17.04,18.45,0.29,1.702,0.196,0
7914,10.16,53.51,-0.323,-0.736,-0.333,0
7915,15.22,19.87,-0.303,-0.523,-0.738,0
7916,4.07,64.95,-1.584,0.677,-0.296,0
7917,6.05,22.6,0.251,-2.248,-0.334,0
7918,21.57,26.99,0.649,-0.195,0.675,0
7919,12.76,42.5,1.554,-0.965,0.198,0
7920,13.47,253.48,-2.554,-0.161,-1.99,0
7921,19.42,109.72,-1.72,0.81,1.374,0
7922,11.54,60.48,0.789,1.329,-1.971,0
7923,9.05,155.04,-1.516,-0.207,-1.395,0
7924,12.16,67.03,-0.441,-0.796,0.556,0
7925,15.13,17.54,-0.067,2.269,1.505,0
7926,15.45,95.9,-1.512,-1.277,0.457,0
7927,14.22,360.8,0.144,-1.293,-0.839,0
7928,8.27,11.79,-2.023,-1.663,1.456,0
7929,6.62,14.7,2.062,-0.321,-2.556,0
7930,19.95,49.17,0.897,-1.949,-0.069,0
7931,14.21,46.86,0.582,-1.901,-0.202,0
7932,20.11,169.34,-0.576,2.248,-1.421,0
7933,11.64,17.79,0.564,1.182,2.57,0
7934,15.83,12.95,0.115,0.719,-1.092,0
7935,13.77,7.17,0.391,-1.116,-1.822,0
7936,6.76,108.25,0.535,-1.888,0.201,0
7937,2.8,174.64,0.051,1.619,0.973,0
7938,16.89,13.31,-1.075,-0.202,-0.309,0
7939,11.42,27.81,0.224,1.007,3.269,0
7940,14.0,38.53,0.606,-2.15,-0.73,0
7941,12.04,24.43,0.883,-1.866,3.658,0
7942,10.02,49.6,-1.604,-1.475,-0.219,0
7943,17.35,46.39,-0.059,-1.513,0.028,0
7944,13.29,89.5,-0.084,-0.844,-0.947,0
7945,9.46,39.19,-1.286,-0.369,-2.054,0
7946,14.73,52.16,0.062,-0.026,0.484,0
7947,23.24,57.41,-0.224,-1.128,0.42,0
7948,22.61,52.58,1.017,2.008,-0.979,0
7949,15.45,266.06,0.422,0.234,0.084,0
7950,2.84,38.19,-0.873,-0.184,1.385,0
7951,16.07,39.46,0.109,-1.921,1.927,0
7952,12.99,17.25,-0.161,0.327,-0.106,0
7953,12.24,173.17,-1.352,0.832,0.404,0
7954,10.42,35.88,-1.856,-0.554,2.061,0
7955,14.73,112.19,0.558,-0.898,0.318,0
7956,13.16,7.79,1.84,-0.276,-1.12,0
7957,14.65,185.72,-3.624,-0.944,-1.77,0
7958,13.33,119.92,-0.863,-0.551,-0.447,0
7959,6.87,103.57,-1.181,-0.158,-0.89,0
7960,16.37,6.39,-0.414,-2.534,-2.237,0
7961,3.16,85.27,2.236,0.171,-0.062,0
7962,16.56,31.14,1.301,-1.687,-1.527,0
7963,16.32,102.03,1.74,-2.238,-3.75,0
7964,20.98,12.22,-1.384,0.707,-0.362,0
7965,12.81,37.64,-1.279,0.046,-0.293,0
7966,11.67,30.57,-0.748,-0.156,1.786,0
7967,20.58,137.12,1.078,0.161,-0.83,0
7968,7.28,11.68,-1.362,0.098,0.933,0
7969,15.96,23.82,0.452,-0.6,-0.943,0
7970,19.55,59.66,-0.075,-0.003,2.258,0
7971,11.7,43.39,-1.02,0.612,-0.771,0
7972,14.25,83.38,2.369,1.238,1.072,0
7973,9.09,76.33,-0.612,-2.3,0.233,0
7974,2.61,106.81,0.591,0.74,-0.164,0
7975,14.03,16.54,-1.876,0.407,-1.275,0
7976,21.34,42.11,1.011,1.012,-0.877,0
7977,8.08,56.29,-1.975,-0.611,0.181,0
7978,13.83,88.2,-1.547,1.435,0.161,0
7979,11.79,292.1,-3.403,-0.352,1.083,0
7980,7.99,20.75,0.872,1.905,0.472,0
7981,21.58,84.5,-0.676,0.54,0.674,0
7982,17.22,3.72,0.218,-0.554,0.255,0
7983,22.53,524.13,1.797,-0.368,0.054,0
7984,15.17,148.49,0.912,-0.107,2.235,0
7985,8.47,361.29,-0.585,0.709,2.258,0
7986,14.51,23.89,1.043,-0.955,-0.422,0
7987,18.45,32.23,1.61,-0.55,2.037,0
7988,7.52,27.95,-0.595,0.936,0.325,0
7989,5.94,51.11,-1.698,-0.823,1.037,0
7990,20.14,39.87,2.95,1.512,1.117,0
7991,13.13,17.87,1.106,0.487,1.065,0
7992,12.0,9.84,0.073,-0.154,-0.268,0
7993,16.72,6.98,-0.05,0.707,0.983,0
7994,9.23,87.79,-0.226,-0.765,-0.735,0
7995,16.1,11.26,0.773,0.525,1.698,0
7996,14.6,62.29,-0.434,-0.083,-4.343,0
7997,12.43,541.69,-1.287,-0.447,0.024,0
7998,13.0,79.66,-0.161,-1.109,-1.727,0
7999,10.01,39.08,0.493,-0.914,-2.309,0
8000,18.03,38.73,2.022,0.424,0.191,0
8001,13.21,160.85,-2.439,0.415,0.819,0
8002,16.25,16.32,-1.178,0.991,-1.685,0
8003,11.78,58.36,0.854,1.365,-1.806,0
8004,11.81,26.59,-0.779,1.47,-1.69,0
8005,19.29,31.74,3.739,-0.173,0.376,0
8006,14.12,15.49,1.333,-0.391,-1.445,0
8007,15.18,32.73,-2.639,-0.346,-0.253,0
8008,17.08,15.8,1.159,2.033,-0.102,0
8009,8.21,50.84,0.641,1.295,1.821,0
8010,15.51,27.23,-0.219,-0.263,-2.541,0
8011,5.5,94.66,0.151,-0.58,-2.872,0
8012,22.39,211.78,-0.37,2.009,-0.604,0
8013,9.21,74.98,-1.196,-0.908,-1.41,0
8014,3.68,177.91,1.674,-1.067,-1.647,0
8015,9.49,37.14,-0.254,-2.572,-0.556,0
8016,3.49,18.27,-0.536,0.495,0.251,0
8017,2.51,69.01,-0.23,-0.974,2.008,0
8018,4.06,214.31,0.368,-1.531,1.889,0
8019,16.36,157.11,-0.814,-0.453,0.302,0
8020,15.06,33.6,-0.619,0.141,0.47,0
8021,15.06,139.52,0.039,0.143,0.308,0
8022,9.06,46.02,-0.933,-0.286,0.05,0
8023,8.22,22.71,0.369,0.753,-3.698,0
8024,13.78,15.25,0.716,0.13,0.136,0
8025,14.26,73.41,2.582,-1.456,-0.662,0
8026,8.94,56.27,0.808,0.731,-0.821,0
8027,14.22,175.94,1.044,-0.08,0.264,0
8028,20.69,35.36,0.002,-0.708,0.248,0
8029,1.37,16.13,-0.853,0.747,1.193,0
8030,21.69,19.23,0.922,-0.704,1.64,0
8031,12.44,533.78,0.305,-0.755,1.779,0
8032,15.34,95.13,2.725,0.316,-1.771,0
8033,4.16,117.88,-1.211,0.231,1.849,0
8034,19.56,15.32,0.459,-0.479,1.117,0
8035,15.85,6.84,0.095,-2.018,-1.184,0
8036,15.28,46.7,1.738,2.14,-0.97,0
8037,7.99,19.61,2.134,-1.175,-0.786,0
8038,22.65,25.27,-0.026,-2.554,-0.25,0
8039,20.92,50.0,-0.413,1.253,2.333,0
8040,21.54,36.67,0.422,1.38,0.104,0
8041,6.21,52.33,-0.495,-1.328,-0.062,0
8042,17.36,72.66,1.061,-1.483,1.539,0
8043,18.01,31.14,-1.3,0.175,0.967,0
8044,12.7,38.19,0.725,0.254,0.674,0
8045,10.27,33.37,1.447,0.728,-1.438,0
8046,16.15,51.96,-0.221,-0.585,0.996,0
8047,18.21,13.8,-1.185,1.147,0.078,0
8048,8.03,8.32,-1.046,0.606,-1.672,0
8049,19.38,33.56,-0.114,-1.183,1.732,0
8050,20.86,23.15,-0.567,0.147,-3.591,0
8051,12.92,6.81,-2.276,0.06,-1.236,0
8052,1.38,15.56,0.562,-0.521,-2.796,0
8053,10.91,35.82,-1.513,-0.028,0.197,0
8054,16.17,25.53,-1.655,-0.221,-2.815,0
8055,23.67,23.96,1.827,0.856,2.048,0
8056,19.67,51.56,-0.733,0.138,-1.25,0
8057,14.45,55.3,0.253,0.623,0.366,0
8058,18.86,200.34,0.375,1.129,2.074,0
8059,13.91,15.37,-0.328,0.626,0.644,0
8060,15.03,35.31,0.418,0.366,-0.929,0
8061,11.99,16.84,-1.786,0.519,-1.257,0
8062,15.0,11.82,-0.329,-1.359,0.154,0
8063,8.0,26.76,-0.253,0.662,0.325,0
8064,9.4,38.0,0.519,-0.435,1.365,0
8065,17.13,182.93,-0.878,-0.014,-0.129,0
8066,22.4,43.42,-0.231,1.582,0.019,0
8067,11.02,22.86,-1.332,0.213,0.538,0
8068,12.88,36.64,-0.742,0.975,-0.532,0
8069,9.56,16.46,-0.045,-0.903,-0.459,0
8070,3.34,31.9,-0.355,0.692,-0.58,0
8071,8.84,45.09,0.682,-0.774,-0.452,0
8072,5.43,70.84,1.425,-0.357,-0.116,0
8073,12.55,15.98,-1.753,-0.612,1.816,0
8074,16.05,33.15,0.545,1.684,-3.763,0
8075,15.76,65.4,-0.822,0.222,0.34,0
8076,20.25,16.65,0.618,-0.854,1.833,0
8077,13.87,16.23,0.113,-0.244,2.163,0
8078,15.39,96.8,1.198,0.792,0.361,0
8079,17.2,15.71,1.177,0.078,1.819,0
8080,6.27,41.94,0.911,0.291,-3.688,0
8081,8.95,34.3,0.327,0.519,0.83,0
8082,6.41,116.04,-1.683,0.009,-0.204,0
8083,15.54,40.16,-0.486,-0.609,1.701,0
8084,12.61,8.34,-0.121,-0.555,-0.349,0
8085,22.89,5.43,-0.204,-0.606,-0.138,0
8086,17.77,29.32,-1.781,0.12,0.314,0
8087,5.06,77.55,1.206,0.383,-0.5,0
8088,8.59,23.31,-2.215,-0.707,-0.474,0
8089,16.63,17.77,2.189,1.776,2.85,0
8090,8.71,15.71,2.366,2.852,1.025,0
8091,13.41,80.04,-0.212,-1.478,1.8,0
8092,11.8,57.06,1.429,1.713,0.542,0
8093,4.77,48.88,-1.961,-0.16,-1.428,0
8094,5.21,105.52,2.862,-0.149,-0.127,0
8095,5.14,11.98,1.78,-0.544,1.363,0
8096,14.95,38.61,-0.496,0.065,-1.871,0
8097,19.09,48.96,0.006,-1.059,1.202,0
8098,22.88,54.71,0.09,0.863,1.299,0
8099,2.67,248.52,0.404,-2.688,1.662,1
8100,22.2,14.72,0.006,-0.699,-1.953,0
8101,15.58,182.55,0.317,0.547,-0.049,0
8102,11.01,61.27,0.439,0.113,-4.001,0
8103,19.33,139.25,-0.745,-0.817,-0.804,0
8104,19.67,95.55,1.221,-1.205,-1.707,0
8105,5.32,281.85,0.86,-0.366,0.436,0
8106,15.41,28.68,2.639,-0.366,-1.946,0
8107,10.16,45.88,0.034,-0.347,3.228,0
8108,8.57,15.58,0.963,-0.891,-1.402,0
8109,12.01,54.0,-2.06,-1.315,0.287,0
8110,6.05,22.66,0.392,-0.29,-0.748,0
8111,12.43,41.14,-1.189,0.637,1.507,0
8112,9.88,37.38,-0.701,-0.079,-0.361,0
8113,22.0,101.77,-0.41,-0.55,-0.81,0
8114,22.87,9.5,1.497,0.065,0.39,0
8115,13.87,49.92,0.527,-1.366,2.209,0
8116,15.84,76.24,0.052,-1.579,-0.639,0
8117,8.79,65.41,-0.044,0.817,-1.356,0
8118,0.13,82.05,0.508,-1.053,-1.799,0
8119,13.25,11.19,0.494,-1.675,-0.62,0
8120,7.08,67.29,1.132,-0.271,1.677,0
8121,14.36,32.56,1.112,0.696,0.564,0
8122,4.11,28.81,-1.176,0.581,-2.271,0
8123,17.02,41.31,-4.384,2.537,-1.456,0
8124,15.0,41.76,0.207,0.964,0.821,0
8125,21.71,10.27,0.859,1.612,-1.684,0
8126,19.69,40.03,-1.144,1.968,-1.078,0
8127,13.9,60.63,-0.084,0.491,-1.457,0
8128,12.73,69.75,0.569,0.927,-0.3,0
8129,17.14,16.23,1.811,-2.003,0.866,0
8130,23.1,68.6,-1.653,2.05,-0.805,0
8131,19.09,42.32,-0.673,1.512,-2.669,0
8132,16.75,50.76,1.909,0.817,1.607,0
8133,15.49,592.28,-1.314,-0.047,1.077,0
8134,18.34,320.02,0.793,1.285,1.615,0
8135,5.05,13.38,0.37,-2.143,-1.148,0
8136,15.46,19.8,-0.892,0.449,1.304,0
8137,14.22,58.33,0.37,0.931,-0.284,0
8138,23.75,55.92,-1.686,-2.585,2.818,0
8139,8.04,41.83,-3.279,0.126,-0.217,0
8140,7.54,41.81,0.447,0.64,-1.184,0
8141,12.53,345.67,0.374,-1.732,2.683,0
8142,19.97,59.7,2.323,0.03,-0.62,0
8143,5.86,34.31,-1.543,0.432,1.593,0
8144,13.03,68.69,-1.961,-0.2,-1.788,0
8145,16.04,5.81,-0.623,-1.025,-1.089,0
8146,12.78,46.9,0.645,0.318,1.942,0
8147,18.44,90.47,1.104,-1.709,-0.37,0
8148,13.71,11.85,-1.19,-0.194,-0.197,0
8149,19.05,30.55,0.221,0.079,-0.488,0
8150,14.65,15.35,1.925,-1.481,0.516,0
8151,1.45,66.35,-1.368,-1.533,-0.805,0
8152,14.72,73.34,0.204,0.266,-0.773,0
8153,17.91,58.63,0.044,-1.802,1.698,0
8154,9.7,17.82,-0.426,-0.68,-1.701,0
8155,8.88,68.38,0.426,-1.853,0.562,0
8156,12.1,107.47,3.068,-0.513,-0.257,0
8157,19.36,57.03,-0.139,-1.521,-0.697,0
8158,18.55,46.45,-1.706,1.385,-0.891,0
8159,1.13,13.37,2.22,-0.26,0.153,0
8160,18.49,4.77,-0.174,0.071,1.494,0
8161,8.99,34.12,-0.125,2.398,1.596,0
8162,11.99,21.09,0.359,0.243,1.055,0
8163,16.78,35.95,-0.421,-1.427,-1.091,0
8164,21.73,525.81,0.11,0.783,-0.339,0
8165,23.58,26.42,2.807,0.603,-1.548,0
8166,9.94,9.36,-0.816,0.343,-1.302,0
8167,14.95,9.16,2.949,0.862,1.467,0
8168,14.31,49.05,2.26,-0.952,-1.16,0
8169,6.15,21.61,1.116,-0.006,2.795,0
8170,10.25,39.55,-0.302,0.427,0.384,0
8171,19.43,26.63,-0.727,-0.81,-1.744,0
8172,17.36,166.55,-2.167,-1.208,-1.687,0
8173,12.01,69.18,0.128,-0.406,-0.652,0
8174,15.85,37.92,-0.136,-0.561,-1.367,0
8175,17.91,12.86,0.762,-0.229,-2.532,0
8176,8.3,16.23,1.176,1.295,0.089,0
8177,18.01,25.36,0.224,-0.519,-1.306,0
8178,19.84,4.21,0.28,0.425,0.643,0
8179,23.83,36.65,0.732,-0.222,-0.042,0
8180,9.11,48.67,-0.002,-0.08,-0.362,0
8181,10.8,112.37,0.371,0.91,-0.208,0
8182,12.61,8.94,-2.012,-0.072,1.295,0
8183,14.72,94.69,0.334,0.076,-1.474,0
8184,2.22,162.02,-2.226,0.119,0.522,0
8185,15.74,126.42,1.518,-1.131,-0.856,0
8186,7.35,53.28,0.311,-0.666,1.299,0
8187,18.39,48.99,-0.103,1.473,-1.118,0
8188,15.98,113.75,-0.346,0.421,-1.365,0
8189,23.75,82.63,2.122,-1.021,0.956,0
8190,10.39,36.02,0.809,-0.664,1.05,0
8191,15.67,47.4,0.172,-0.589,-0.452,0
8192,18.74,294.12,-0.347,1.392,1.669,0
8193,0.29,14.87,0.106,-1.639,-0.701,0
8194,15.93,45.44,-0.71,0.959,0.858,0
8195,14.15,100.82,-1.783,0.079,0.522,0
8196,5.22,37.09,-0.105,0.037,-0.854,0
8197,8.76,5.69,0.507,-1.092,0.64,0
8198,10.25,43.81,-0.893,-0.637,0.431,0
8199,9.42,20.07,1.804,-1.726,-0.965,0
8200,18.24,225.74,-0.608,0.838,-0.929,0
8201,15.65,10.67,1.09,0.042,2.11,0
8202,16.05,159.53,0.561,-0.551,-2.439,0
8203,23.63,40.27,-1.22,0.061,1.141,0
8204,19.21,32.29,0.365,-0.883,0.342,0
8205,9.02,66.0,-1.343,1.014,0.986,0
8206,19.02,88.71,1.907,0.245,0.167,0
8207,18.26,36.07,0.265,0.846,-0.791,0
8208,21.65,13.2,-1.69,1.007,0.648,0
8209,9.07,43.3,1.034,0.607,-1.159,0
8210,11.56,80.87,-0.506,-1.22,-1.221,0
8211,21.88,18.19,-1.461,-0.913,2.007,0
8212,7.64,89.21,0.165,-0.018,0.295,0
8213,7.23,9.57,0.075,-0.046,1.381,0
8214,15.8,28.71,-2.178,-0.37,0.787,0
8215,4.28,46.67,-2.71,1.101,1.728,0
8216,5.59,14.26,-0.947,-0.023,-1.274,0
8217,19.24,26.06,1.118,-0.898,1.424,0
8218,2.67,19.23,1.94,0.005,-1.189,0
8219,12.78,82.23,0.807,-2.514,0.444,0
8220,15.04,57.16,1.22,-0.06,1.321,0
8221,13.35,37.28,0.726,0.054,-0.588,0
8222,11.95,79.54,0.438,1.841,-1.084,0
8223,11.25,405.03,-1.094,-0.218,-3.1,0
8224,4.33,90.41,0.883,-2.306,1.349,0
8225,18.63,79.13,0.199,0.38,-1.045,0
8226,13.21,65.71,1.997,1.958,1.064,0
8227,17.4,32.16,-1.817,0.896,-2.258,0
8228,12.26,15.54,0.684,-0.975,1.716,0
8229,19.39,31.14,1.478,2.021,0.354,0
8230,11.22,780.9,2.061,-0.708,-3.523,0
8231,14.46,43.34,0.226,0.588,0.259,0
8232,18.93,19.63,-1.036,-0.32,0.265,0
8233,21.04,74.88,-1.315,1.457,0.259,0
8234,12.47,97.41,-0.872,2.541,-0.514,0
8235,12.61,20.29,-1.385,0.217,1.373,0
8236,14.77,15.54,0.627,-0.607,0.215,0
8237,17.57,26.35,-0.08,0.037,1.838,0
8238,3.51,66.8,-0.164,1.144,0.866,0
8239,15.01,92.13,1.278,-0.662,-0.547,0
8240,12.2,34.94,0.478,-2.182,-0.485,0
8241,9.13,29.09,0.961,1.553,0.419,0
8242,0.34,65.86,0.106,2.256,-2.072,0
8243,11.31,136.43,1.635,0.246,-3.31,0
8244,9.54,14.97,-1.283,1.115,-2.194,0
8245,13.24,90.89,1.532,-1.567,1.172,0
8246,5.99,156.64,-0.998,-1.629,3.468,0
8247,10.61,23.52,0.692,2.005,-0.409,0
8248,9.04,18.54,-1.846,2.174,-1.575,0
8249,15.26,16.31,-0.331,1.214,2.136,0
8250,21.49,40.13,-0.232,0.786,0.556,0
8251,9.95,78.58,1.223,0.969,0.173,0
8252,10.63,36.92,-0.094,-1.123,0.365,0
8253,17.98,135.83,1.627,0.768,-0.386,0
8254,4.92,19.38,0.119,-0.97,2.991,0
8255,17.08,43.02,1.847,-0.79,1.944,0
8256,1.06,114.44,3.015,0.472,-0.467,0
8257,19.19,9.74,1.033,-1.563,0.226,0
8258,17.45,16.69,-0.826,-2.61,-0.164,0
8259,17.92,53.83,0.422,0.519,-1.819,0
8260,12.8,101.53,-0.696,-1.017,-0.567,0
8261,14.5,85.54,1.857,0.563,-1.768,0
8262,0.45,21.4,0.454,-0.28,-1.099,0
8263,20.65,45.81,0.306,-1.363,-0.841,0
8264,10.78,19.91,0.966,0.839,0.421,0
8265,17.73,11.17,1.621,-1.103,2.035,0
8266,10.41,35.6,-0.922,0.97,1.242,0
8267,10.28,44.72,0.911,0.458,0.984,0
8268,3.34,28.93,-0.16,0.633,-1.983,0
8269,17.73,32.27,1.083,0.255,0.166,0
8270,3.47,62.83,1.642,-0.242,-0.457,0
8271,5.11,129.78,0.231,0.071,1.513,0
8272,13.48,31.89,1.837,-1.52,1.897,0
8273,6.1,105.09,0.984,0.773,-0.051,0
8274,0.33,21.08,-0.789,0.85,1.719,0
8275,20.46,34.09,-0.751,0.995,-0.572,0
8276,13.92,85.89,-0.288,0.41,-1.096,0
8277,11.98,33.91,-0.441,1.716,0.242,0
8278,5.86,178.08,-1.006,-3.06,-0.49,0
8279,13.83,77.32,0.626,0.764,1.46,0
8280,13.71,295.17,0.347,-2.348,0.854,0
8281,12.65,22.68,-0.012,-2.362,1.929,0
8282,5.84,7.2,0.626,-2.792,2.757,0
8283,6.69,95.8,1.934,-0.096,-2.047,0
8284,6.06,58.68,1.073,0.156,1.755,0
8285,9.27,43.51,-1.551,-0.042,-1.583,0
8286,17.75,11.63,0.905,0.093,1.058,0
8287,21.79,16.8,1.102,0.528,2.105,0
8288,17.73,1.31,0.515,1.521,1.221,0
8289,6.44,6.06,1.297,0.507,-1.407,0
8290,11.21,201.23,0.067,0.684,-0.33,0
8291,12.48,52.85,1.033,-0.619,1.637,0
8292,20.08,160.56,-2.415,1.093,-1.423,0
8293,9.05,35.29,-0.193,-0.959,1.966,0
8294,9.02,15.46,-0.669,1.563,-0.825,0
8295,20.96,64.59,0.798,-0.718,-0.285,0
8296,15.31,34.4,-1.503,-1.676,1.815,0
8297,9.3,62.17,-0.628,-0.681,-0.429,0
8298,6.49,23.88,1.172,1.072,-0.656,0
8299,0.82,101.26,-0.098,0.482,2.864,0
8300,16.88,20.79,2.257,-0.622,0.478,0
8301,14.92,103.8,1.119,1.52,1.299,0
8302,16.27,38.48,-1.267,-0.021,-2.849,0
8303,7.95,606.93,-0.224,2.701,1.337,0
8304,12.37,8.94,1.179,-1.413,-0.068,0
8305,10.31,42.42,1.357,1.214,1.133,0
8306,18.44,81.2,-1.154,0.928,0.973,0
8307,17.1,20.59,-2.149,1.119,0.656,0
8308,14.52,22.04,-0.541,1.171,-0.388,0
8309,11.41,77.81,-0.472,0.076,1.753,0
8310,10.88,10.21,0.416,-1.332,-1.158,0
8311,11.17,82.32,0.693,-0.859,-0.4,0
8312,15.97,196.42,-1.097,-1.308,1.084,0
8313,12.26,136.63,-2.056,-0.317,2.499,0
8314,13.13,15.72,0.283,1.415,-0.561,0
8315,11.92,3.09,0.384,-0.182,-0.366,0
8316,1.7,8.47,-1.246,0.313,1.111,0
8317,18.82,22.3,-0.152,1.942,-0.906,0
8318,22.19,54.55,1.347,0.363,-0.792,0
8319,15.49,13.13,1.234,-0.99,1.997,0
8320,13.12,124.01,-0.24,0.941,-1.19,0
8321,0.57,86.23,-0.813,-0.571,0.622,0
8322,7.44,65.93,-2.282,0.297,0.899,0
8323,11.86,26.48,-1.316,-1.552,-0.593,0
8324,11.59,42.16,1.31,-0.804,-1.491,0
8325,23.75,181.95,-0.175,-0.066,-1.131,0
8326,19.57,7.06,1.053,0.12,-2.873,0
8327,9.96,20.37,-1.799,-0.525,-1.685,0
8328,4.51,10.97,-1.009,-0.127,-0.388,0
8329,10.58,53.94,-1.841,-1.929,0.024,0
8330,13.7,77.25,1.693,1.422,0.04,0
8331,20.25,83.61,0.69,-2.022,-1.083,0
8332,21.89,15.6,-0.32,-1.248,-0.187,0
8333,9.92,13.71,-0.488,-0.111,1.363,0
8334,17.14,54.01,-0.425,-1.926,0.454,0
8335,11.49,69.02,-0.928,-1.94,-0.851,0
8336,22.83,91.02,0.788,-0.047,0.964,0
8337,18.41,24.52,0.923,-0.824,-1.189,0
8338,14.26,35.68,1.758,0.509,-0.118,0
8339,17.78,87.14,-0.49,1.004,-1.782,0
8340,13.15,284.6,-0.011,1.222,3.47,0
8341,23.79,671.08,-1.079,0.441,-1.678,0
8342,10.95,87.04,-1.398,0.463,1.53,0
8343,12.78,14.6,2.911,0.332,0.081,0
8344,6.97,9.05,-0.528,1.224,-0.871,0
8345,14.82,22.27,-0.091,2.133,1.456,0
8346,22.58,12.38,-1.774,0.68,0.375,0
8347,16.38,27.61,-1.264,-0.85,1.052,0
8348,12.46,56.92,-0.505,-0.402,-0.673,0
8349,13.42,51.91,0.299,1.953,0.117,0
8350,1.47,37.87,-0.7,-0.367,-0.367,0
8351,18.72,28.13,0.93,-0.567,-0.511,0
8352,20.78,84.01,0.44,-0.343,-1.178,0
8353,1.05,29.06,1.521,0.7,-0.08,0
8354,14.61,36.33,0.226,2.235,-1.152,0
8355,9.81,6.26,1.195,0.3,-1.781,0
8356,9.55,25.84,-0.899,1.148,-1.471,0
8357,11.61,248.12,1.914,-1.554,-0.396,0
8358,7.55,15.29,1.36,0.554,-0.305,0
8359,9.68,44.84,-0.637,-0.644,-0.708,0
8360,11.7,364.22,-1.198,-0.333,0.948,0
8361,15.27,80.3,-0.404,0.179,-2.245,0
8362,19.4,109.51,-3.061,2.206,0.21,0
8363,22.89,68.94,-0.757,0.193,-3.828,0
8364,11.06,6.32,-2.249,-0.017,0.202,0
8365,14.92,55.17,2.06,0.558,-2.434,0
8366,18.33,30.72,1.31,-2.239,-0.06,0
8367,17.01,97.88,-1.911,0.759,2.841,0
8368,15.46,13.21,-0.729,-1.334,0.007,0
8369,0.24,33.13,-0.162,-0.148,0.038,0
8370,13.07,30.21,-1.046,-1.03,0.55,0
8371,16.73,33.33,-1.47,-0.697,-0.792,0
8372,9.68,47.84,-0.202,0.051,0.317,0
8373,10.47,6.59,-0.342,-0.4,0.676,0
8374,20.11,20.84,-0.445,-0.826,-1.5,0
8375,8.29,42.98,1.002,0.614,0.202,0
8376,9.05,11.66,1.281,0.381,-0.036,0
8377,21.25,95.74,-1.117,0.802,0.327,0
8378,15.57,26.39,1.51,2.148,-1.405,0
8379,17.16,19.04,1.365,0.45,-0.161,0
8380,16.62,57.59,-0.681,0.381,0.785,0
8381,16.61,17.38,-1.214,-0.277,3.463,0
8382,23.31,18.96,-4.314,-0.178,1.494,0
8383,18.74,22.95,-0.319,0.837,3.048,0
8384,12.34,194.9,-1.476,-1.574,-2.147,0
8385,15.64,253.21,-2.021,-1.071,-0.869,0
8386,20.58,76.87,-0.464,-0.578,1.493,0
8387,18.39,60.97,-1.172,1.7,0.531,0
8388,21.42,171.47,0.876,0.99,-0.174,0
8389,13.91,122.27,0.644,-0.474,0.584,0
8390,2.66,13.77,-1.029,0.746,1.866,0
8391,14.17,23.01,-0.319,2.398,-1.326,0
8392,6.66,36.39,0.926,0.629,0.279,0
8393,10.46,22.38,2.832,0.2,-1.246,0
8394,10.69,49.77,-2.789,0.45,2.765,0
8395,7.05,284.78,-1.287,-0.644,1.327,0
8396,13.6,32.83,0.903,0.684,0.337,0
8397,17.68,13.53,-0.164,-0.456,1.716,0
8398,5.59,76.6,-0.279,-1.208,-0.629,0
8399,12.49,95.5,-0.86,-0.355,-0.217,0
8400,13.09,36.21,1.464,-0.485,-0.64,0
8401,9.42,97.96,-1.658,0.062,1.494,0
8402,12.08,299.98,0.616,-0.049,0.735,0
8403,17.08,10.26,0.738,0.971,-1.516,0
8404,17.26,25.37,1.707,-1.353,0.155,0
8405,9.7,9.94,-1.751,0.052,3.511,0
8406,21.63,60.03,0.054,0.765,-0.256,0
8407,17.13,96.19,-0.662,1.371,-0.008,0
8408,6.67,414.64,-1.183,-3.09,-0.813,0
8409,15.68,17.9,-0.689,-1.988,-0.528,0
8410,11.17,97.99,0.164,0.839,-0.731,0
8411,14.69,170.42,-1.321,-2.324,1.318,0
8412,21.9,2.09,-1.773,-0.775,-2.171,0
8413,4.77,265.66,1.768,1.035,-1.581,0
8414,16.88,215.91,1.06,1.243,-1.582,0
8415,19.61,5.0,1.284,-0.982,-0.18,0
8416,17.24,8.85,3.004,-0.116,0.746,0
8417,12.68,55.15,1.524,0.695,1.58,0
8418,11.8,31.43,-1.454,-1.206,-1.676,0
8419,22.67,740.41,2.508,-1.464,0.719,1
8420,14.86,21.92,1.583,-0.489,-0.422,0
8421,14.33,63.51,1.865,-0.891,1.802,0
8422,23.86,63.29,-0.254,0.612,0.722,0
8423,21.47,165.79,-0.816,0.875,-0.925,0
8424,6.65,34.16,-1.58,1.325,0.723,0
8425,22.97,139.84,2.091,0.781,0.132,0
8426,17.99,50.07,2.032,0.906,-0.712,0
8427,10.85,35.31,-1.086,-1.132,1.057,0
8428,16.89,42.16,-1.667,0.232,0.27,0
8429,12.17,22.51,-0.683,0.273,-1.96,0
8430,15.03,14.33,-1.181,0.218,-0.738,0
8431,0.47,33.21,0.799,-0.789,-2.252,0
8432,9.37,86.21,0.339,-0.599,-0.678,0
8433,17.39,16.71,0.949,0.543,-1.134,0
8434,4.63,62.74,-0.962,-0.066,-0.136,0
8435,14.34,14.97,-0.174,0.713,-0.16,0
8436,22.81,21.43,-2.097,0.051,0.307,0
8437,16.1,18.43,0.996,-0.295,-0.039,0
8438,4.92,229.84,-0.775,0.737,-1.608,0
8439,20.59,119.27,-0.636,0.847,-0.441,0
8440,14.59,12.17,0.458,-1.714,-2.042,0
8441,9.0,35.83,1.075,-0.484,-1.834,0
8442,17.85,42.98,-1.211,2.412,0.558,0
8443,20.54,263.72,0.586,-1.4,1.843,0
8444,13.8,34.11,0.409,-0.362,-2.764,0
8445,7.66,22.91,0.792,1.606,-0.315,0
8446,6.2,22.0,-1.313,0.148,1.058,0
8447,0.02,298.51,0.932,-0.96,0.141,0
8448,16.98,27.61,-0.795,-1.173,-0.038,0
8449,14.01,94.25,1.077,-2.378,-0.075,0
8450,9.84,37.85,3.484,1.06,1.108,0
8451,14.15,9.22,1.509,0.25,0.624,0
8452,15.79,6.85,0.845,1.327,0.338,0
8453,14.61,13.28,-1.117,-2.42,-0.243,0
8454,17.77,27.71,-0.185,1.636,0.227,0
8455,12.94,9.11,-0.461,1.631,0.934,0
8456,15.56,52.2,-3.193,1.241,0.645,0
8457,21.6,275.68,-1.501,-0.229,-0.629,0
8458,21.28,197.93,1.275,-0.602,0.711,0
8459,21.48,32.2,1.043,-0.816,0.111,0
8460,0.31,58.29,-1.601,1.153,-1.878,0
8461,16.26,49.49,0.486,-0.506,1.028,0
8462,6.55,15.64,-0.267,-1.4,0.919,0
8463,18.56,179.57,-0.139,0.079,-0.353,0
8464,11.01,171.28,0.189,0.03,1.168,0
8465,20.74,7.74,-2.104,-0.531,0.115,0
8466,20.33,95.08,-0.835,0.242,0.572,0
8467,12.49,2.38,-2.019,-0.89,-1.098,0
8468,12.21,9.69,2.054,-0.389,-1.806,0
8469,17.52,76.58,-0.359,-0.473,-0.133,0
8470,10.23,119.72,0.024,-1.295,-2.776,0
8471,2.29,64.31,0.411,0.609,-2.642,0
8472,8.62,36.16,0.982,-0.151,-1.721,0
8473,14.85,46.88,-0.019,1.64,-0.592,0
8474,17.25,21.49,-2.195,1.444,2.014,0
8475,18.33,311.86,2.015,-0.139,0.117,0
8476,2.61,38.37,-0.031,0.713,0.536,0
8477,18.04,25.17,0.498,1.551,3.023,0
8478,6.16,52.6,0.22,0.409,0.771,0
8479,22.81,105.36,-1.744,0.599,1.279,0
8480,13.58,13.38,-0.554,0.006,-0.668,0
8481,10.98,18.77,0.743,-0.634,1.362,0
8482,2.55,57.48,-1.686,-0.378,0.051,0
8483,7.83,17.73,-1.45,-2.228,0.18,0
8484,20.42,139.02,0.731,-2.404,-0.419,0
8485,10.18,71.0,1.263,-0.201,1.565,0
8486,12.01,81.73,-0.467,-0.692,1.103,0
8487,11.34,83.72,1.148,-0.319,-0.865,0
8488,15.85,8.9,-0.657,-2.163,-1.022,0
8489,17.64,76.52,0.586,0.623,-1.85,0
8490,14.59,49.89,1.516,-2.063,-0.047,0
8491,15.5,34.18,-1.294,0.969,-0.003,0
8492,22.85,9.99,0.754,0.086,-0.627,0
8493,22.1,217.08,-0.851,-1.413,-0.455,0
8494,9.39,14.4,-0.442,1.414,1.869,0
8495,12.72,6.0,-0.429,1.516,-2.44,0
8496,13.45,32.87,-1.555,0.277,0.375,0
8497,21.36,80.01,0.464,-0.382,-1.802,0
8498,11.52,139.75,-2.468,0.434,2.725,0
8499,6.3,87.68,2.124,1.121,1.329,0
8500,10.33,86.83,2.895,-2.658,0.381,0
8501,11.4,104.42,-0.258,0.694,1.023,0
8502,19.27,51.82,-0.373,-0.519,0.121,0
8503,14.74,311.14,-1.178,0.241,-1.468,0
8504,18.84,37.18,0.181,-0.527,0.752,0
8505,14.41,45.65,1.828,-0.014,-1.464,0
8506,11.2,112.2,2.35,-0.145,0.934,0
8507,16.35,60.68,-3.507,-1.318,1.619,0
8508,11.97,72.76,1.564,0.169,0.417,0
8509,16.37,22.42,-0.138,-1.892,-0.463,0
8510,14.11,103.82,-0.789,0.833,-0.939,0
8511,4.93,63.42,-1.071,-0.702,0.112,0
8512,17.99,22.94,-3.523,0.043,1.473,0
8513,19.2,15.12,0.63,-1.11,0.42,0
8514,22.95,68.59,-0.426,-0.916,-2.391,0
8515,10.53,94.62,2.603,-0.585,-0.011,0
8516,13.15,32.5,0.873,-0.384,0.194,0
8517,9.94,58.76,0.001,-0.795,-2.221,0
8518,0.04,58.77,-0.343,0.033,-1.744,0
8519,17.81,80.21,-0.601,1.301,0.373,0
8520,16.27,57.3,0.656,-2.141,0.088,0
8521,12.43,137.42,1.292,0.574,-0.283,0
8522,13.94,5.37,-0.579,0.931,-1.588,0
8523,11.73,226.95,0.107,-1.012,1.591,0
8524,17.86,78.06,-0.417,1.926,3.033,0
8525,12.97,129.1,1.136,-0.803,-0.871,0
8526,13.43,496.61,0.735,-1.073,-2.443,0
8527,16.52,50.41,0.106,-1.032,1.524,0
8528,9.73,120.74,-1.205,-1.311,0.202,0
8529,13.56,38.2,-0.344,-0.8,-0.059,0
8530,20.61,10.04,-0.928,2.21,-0.027,0
8531,3.45,79.28,0.966,-1.336,1.554,0
8532,10.01,6.46,1.632,1.778,-1.483,0
8533,9.11,298.21,2.43,1.628,-1.241,0
8534,19.43,117.86,0.816,-3.264,-0.409,0
8535,15.49,38.16,-0.724,0.952,-0.22,0
8536,8.84,9.13,0.107,0.354,-1.468,0
8537,4.44,229.18,-1.571,0.416,0.724,0
8538,23.42,363.73,0.051,-1.08,-0.557,0
8539,10.64,39.36,-1.242,0.02,-0.971,0
8540,21.78,67.62,-1.495,0.801,-0.713,0
8541,14.41,2.57,2.584,-0.931,0.488,0
8542,12.88,240.49,-2.621,0.888,-0.986,0
8543,6.68,170.46,1.736,-0.962,0.095,0
8544,22.5,17.27,0.841,0.94,0.91,0
8545,21.61,78.55,-0.296,0.4,-0.372,0
8546,14.2,25.49,0.21,0.287,-0.855,0
8547,5.29,62.4,-0.199,-1.039,0.046,0
8548,19.14,45.32,-1.508,1.334,-2.312,0
8549,19.07,8.82,-0.89,-0.241,-1.948,0
8550,14.59,57.25,1.953,0.107,2.172,0
8551,18.71,39.71,-0.256,0.442,-1.221,0
8552,11.36,207.14,0.172,-1.23,-1.816,0
8553,5.78,88.3,-0.31,1.192,-0.093,0
8554,3.85,94.47,0.753,-0.818,3.324,0
8555,20.93,52.45,1.329,-1.915,-0.668,0
8556,9.85,57.53,1.899,-0.182,-1.415,0
8557,15.39,150.61,1.548,-0.111,0.604,0
8558,18.09,92.55,-1.665,1.468,0.331,0
8559,19.43,5.75,-0.678,-0.713,-0.613,0
8560,17.16,11.96,-0.915,1.314,3.682,0
8561,15.77,59.83,1.872,-1.058,1.388,0
8562,7.74,10.64,-0.516,-1.606,2.219,0
8563,6.41,30.83,-0.329,0.157,-0.191,0
8564,17.9,170.32,0.549,-0.823,-1.901,0
8565,20.6,5.38,-1.194,0.429,1.393,0
8566,15.12,55.89,-1.287,1.147,-0.621,0
8567,6.57,64.88,1.327,0.612,0.471,0
8568,12.2,86.48,-2.729,0.807,1.415,0
8569,19.47,23.27,2.13,1.14,-1.221,0
8570,16.06,147.47,2.185,1.221,-0.333,0
8571,16.25,90.67,-0.361,-1.67,-2.055,0
8572,21.35,122.33,0.159,1.177,0.029,0
8573,13.8,108.43,-0.278,0.189,-1.521,0
8574,14.79,5.51,0.724,-0.274,-0.144,0
8575,17.04,109.99,2.614,-0.299,0.897,0
8576,6.62,11.37,-2.608,1.143,1.753,0
8577,12.17,127.83,1.648,1.702,-1.362,0
8578,5.19,46.17,1.91,0.434,0.573,0
8579,13.22,64.03,1.311,-0.343,-0.951,0
8580,13.46,15.21,-1.194,-0.35,0.923,0
8581,11.4,79.38,-0.609,-0.261,0.46,0
8582,4.51,92.16,1.683,-1.735,0.826,0
8583,10.52,13.7,-0.439,-0.555,0.956,0
8584,9.0,42.44,0.231,-0.449,3.568,0
8585,19.21,105.65,-0.789,1.076,-1.226,0
8586,3.9,21.81,-0.195,-0.225,-0.894,0
8587,1.58,131.42,-0.085,0.972,-1.672,0
8588,1.9,108.2,-0.721,0.439,-0.342,0
8589,17.17,16.83,0.284,-0.567,0.548,0
8590,10.81,42.36,0.126,1.717,0.995,0
8591,13.92,71.39,0.119,-0.416,-1.886,0
8592,19.97,18.58,0.653,-0.438,-0.566,0
8593,0.37,153.87,1.335,-0.88,-0.203,0
8594,16.31,10.81,-0.358,1.998,-0.13,0
8595,16.02,45.89,2.013,-2.607,2.637,0
8596,15.85,18.19,-0.739,1.424,2.342,0
8597,23.87,9.35,2.718,-0.011,-0.328,0
8598,10.15,50.51,-2.118,3.441,-0.153,0
8599,10.75,225.68,-0.113,-0.461,-0.991,0
8600,19.36,143.01,0.107,1.246,-4.217,0
8601,7.22,68.94,2.656,-0.191,1.364,0
8602,21.96,86.97,-0.294,-0.341,-0.329,0
8603,17.17,63.65,0.112,-1.162,0.689,0
8604,3.93,47.59,-2.01,-0.189,-0.501,0
8605,15.56,53.61,-0.145,-2.251,1.966,0
8606,11.89,6.42,1.88,-0.064,0.796,0
8607,12.17,6.41,1.374,-1.232,-0.709,0
8608,21.5,49.59,-1.196,1.704,1.663,0
8609,23.07,53.32,2.385,-0.069,1.885,0
8610,11.44,43.62,2.13,0.431,-1.625,0
8611,21.75,265.15,2.116,-0.707,3.544,0
8612,16.44,43.45,-1.385,-1.446,-1.948,0
8613,16.97,8.05,-1.086,0.76,1.781,0
8614,15.44,100.67,0.246,1.576,0.898,0
8615,18.3,23.73,-1.095,0.624,-0.708,0
8616,12.25,18.04,-1.328,0.956,-0.461,0
8617,16.29,17.47,-0.345,1.742,0.2,0
8618,20.7,106.57,-0.012,0.247,0.551,0
8619,11.86,18.21,1.537,1.094,0.383,0
8620,0.23,264.9,0.282,-0.564,3.124,0
8621,14.23,61.98,0.614,-0.718,0.091,0
8622,7.37,12.51,1.548,-0.445,1.116,0
8623,6.93,46.98,-0.744,-0.084,-0.586,0
8624,19.16,7.9,0.265,0.791,-2.067,0
8625,18.51,223.34,0.713,0.267,-1.332,0
8626,12.61,211.81,-1.172,-0.588,1.046,0
8627,12.93,43.54,1.493,-0.376,-1.882,0
8628,15.18,28.95,-0.522,-0.21,-0.739,0
8629,22.59,15.92,-1.697,0.478,-1.851,0
8630,14.07,26.37,-1.676,-1.796,-0.644,0
8631,0.96,22.48,-2.818,0.636,-1.92,0
8632,12.82,34.16,-0.322,0.694,0.419,0
8633,2.68,10.93,1.081,-0.401,-1.787,0
8634,6.72,45.66,-3.509,0.743,2.069,0
8635,14.51,72.21,1.963,0.313,1.534,0
8636,5.95,21.26,-0.582,-2.264,-0.194,0
8637,9.98,24.51,1.533,1.036,-0.343,0
8638,16.84,6.94,-1.842,1.637,0.409,0
8639,13.64,20.39,-2.124,-1.579,1.005,0
8640,6.65,164.23,1.349,-1.284,-1.871,0
8641,9.58,34.96,-0.255,0.868,0.265,0
8642,13.16,96.81,-0.723,-0.066,-1.459,0
8643,17.99,75.92,-0.068,0.104,-1.509,0
8644,9.75,28.23,0.976,0.611,0.579,0
8645,17.61,21.95,-1.946,-1.358,2.425,0
8646,15.6,39.6,-1.867,0.378,1.654,0
8647,4.42,48.96,-0.084,0.915,2.301,0
8648,9.94,8.78,-1.735,1.003,-0.656,0
8649,4.92,66.91,0.181,-0.063,-1.165,0
8650,12.23,15.74,1.13,0.961,-1.335,0
8651,22.35,78.35,0.234,-1.086,1.113,0
8652,16.3,55.46,-1.202,1.419,2.084,0
8653,16.01,219.59,-0.61,0.504,0.364,0
8654,21.2,118.55,1.576,-1.169,-0.535,0
8655,11.37,20.89,-1.438,0.109,0.434,0
8656,18.86,282.81,-1.234,2.021,-1.651,0
8657,8.83,36.56,-1.556,-1.913,1.181,0
8658,10.37,13.7,-1.473,0.318,-0.284,0
8659,20.01,44.57,0.179,0.135,-0.436,0
8660,14.79,112.09,-1.525,-0.997,0.663,0
8661,15.15,48.56,0.59,0.218,-2.015,0
8662,18.28,16.9,-1.558,0.273,1.012,0
8663,16.3,34.43,0.401,0.806,0.495,0
8664,13.19,43.69,0.221,0.376,2.168,0
8665,0.6,305.52,1.207,-2.115,-0.865,0
8666,16.71,9.84,-2.114,0.504,-0.481,0
8667,11.0,9.51,1.139,-3.228,-0.494,0
8668,8.82,62.7,-0.962,1.643,2.477,0
8669,13.92,123.85,-0.573,-1.17,1.205,0
8670,17.68,57.39,-1.8,-0.328,1.185,0
8671,16.29,12.75,1.139,0.797,-1.897,0
8672,5.13,51.1,-0.115,1.006,0.605,0
8673,12.5,41.82,2.431,0.132,-0.611,0
8674,5.79,123.29,-0.554,-0.529,-1.045,0
8675,14.83,34.7,-0.805,-1.165,2.404,0
8676,16.31,31.1,-0.589,0.981,0.071,0
8677,12.8,68.12,-1.895,-0.541,-0.109,0
8678,0.88,32.24,-0.075,1.733,0.251,0
8679,19.04,159.65,0.87,-1.276,-1.405,0
8680,6.5,93.48,1.139,-0.148,2.71,0
8681,17.29,18.65,1.723,0.662,1.3,0
8682,5.55,99.75,0.832,1.011,-1.234,0
8683,13.79,33.75,0.541,0.808,-0.806,0
8684,8.15,21.64,0.311,-0.701,1.8,0
8685,20.24,105.53,-1.664,2.033,1.701,0
8686,13.24,30.97,-1.21,-1.299,-2.373,0
8687,17.31,9.78,0.994,-0.478,2.252,0
8688,22.1,21.58,-2.973,2.12,-0.983,0
8689,12.51,6.5,0.407,-0.934,-0.049,0
8690,17.19,28.05,-2.167,-0.071,-0.692,0
8691,13.41,57.88,0.366,-1.288,-1.034,0
8692,23.8,103.85,1.108,0.069,-1.387,0
8693,6.5,449.82,-0.581,-1.159,-1.1,0
8694,19.19,21.75,-1.393,-0.19,0.888,0
8695,7.7,102.79,-0.168,0.024,-0.875,0
8696,2.34,69.01,-0.133,0.302,-0.657,0
8697,10.02,94.6,1.386,-1.511,-0.968,0
8698,13.45,18.46,-1.542,-0.44,2.188,0
8699,9.54,6.3,-1.011,0.29,3.129,0
8700,16.6,37.68,-1.523,1.108,-0.525,0
8701,16.3,37.58,1.508,0.626,1.967,0
8702,16.88,269.17,1.03,0.639,0.132,0
8703,4.61,4.88,-0.909,1.296,-2.441,0
8704,5.25,38.3,-1.091,-0.562,0.01,0
8705,13.18,40.04,-0.179,-1.394,-1.101,0
8706,9.66,18.4,0.01,-2.637,-0.691,0
8707,18.61,80.13,0.724,-0.384,0.363,0
8708,9.24,11.49,1.416,-0.283,0.674,0
8709,14.63,112.69,-0.23,0.589,-1.294,0
8710,2.45,34.5,-1.018,-0.447,4.102,0
8711,21.96,109.36,-0.87,0.31,-0.004,0
8712,16.85,146.75,3.161,-1.837,-2.467,0
8713,10.76,55.9,-0.828,0.618,-0.276,0
8714,12.09,29.23,0.787,0.842,2.197,0
8715,13.77,15.54,-2.503,0.674,-0.669,0
8716,13.19,225.22,-0.917,1.419,0.472,0
8717,12.63,3.71,1.963,0.332,2.52,0
8718,22.75,5.8,-0.297,-1.526,-0.068,0
8719,12.59,142.12,-0.861,-2.517,-2.782,0
8720,16.93,28.44,2.381,0.723,-0.57,0
8721,6.28,59.25,-1.238,2.097,1.159,0
8722,15.89,29.56,1.023,-0.793,0.377,0
8723,12.64,42.39,2.283,0.632,-1.381,0
8724,20.99,16.67,-0.342,-1.845,0.3,0
8725,11.35,58.04,0.379,-1.382,-1.741,0
8726,10.83,24.08,0.58,0.329,-1.521,0
8727,11.72,60.73,0.001,-0.895,1.367,0
8728,0.52,68.29,-1.275,1.513,-0.104,0
8729,23.58,7.73,2.286,-0.154,-0.504,0
8730,13.18,16.59,1.632,-0.324,-0.973,0
8731,12.81,55.09,0.709,0.015,0.433,0
8732,16.34,50.26,-1.652,0.214,-1.418,0
8733,0.05,275.34,-0.625,0.098,2.085,0
8734,18.27,187.41,-0.267,-1.374,-0.128,0
8735,14.2,14.81,-0.819,-0.11,-1.891,0
8736,14.59,18.88,0.363,-1.182,0.975,0
8737,16.12,13.1,-0.943,0.617,-0.374,0
8738,2.0,59.93,-0.938,1.592,-1.747,0
8739,16.93,129.18,1.746,0.362,-1.278,0
8740,13.87,83.43,-1.47,-0.123,0.822,0
8741,17.6,2.74,-0.136,1.312,0.334,0
8742,12.4,215.08,-0.715,-1.221,4.034,0
8743,8.34,105.73,1.031,-0.153,1.143,0
8744,19.64,98.29,0.641,1.303,-0.227,0
8745,3.66,183.24,0.573,0.567,-0.945,0
8746,11.49,10.15,-1.728,-0.841,-1.262,0
8747,23.56,41.65,1.964,0.049,0.236,0
8748,10.17,3.94,0.947,2.142,1.053,0
8749,11.93,64.99,1.005,-1.103,2.057,0
8750,10.12,82.37,0.825,-0.059,0.496,0
8751,8.43,15.5,-1.96,-1.025,0.6,0
8752,22.46,61.68,-0.728,0.232,0.073,0
8753,9.28,24.86,-0.63,-1.168,1.182,0
8754,20.37,8.3,0.807,1.892,-1.044,0
8755,13.01,26.45,-0.715,0.79,0.15,0
8756,17.78,29.18,-1.957,0.248,1.166,0
8757,6.6,72.77,-2.064,0.341,-0.022,0
8758,14.37,13.42,0.966,-0.733,0.606,0
8759,9.5,63.77,0.409,1.769,-1.175,0
8760,8.91,56.98,0.033,-0.605,1.557,0
8761,18.25,26.31,-0.138,-0.804,0.9,0
8762,19.44,65.88,1.627,0.374,-1.397,0
8763,18.82,174.61,0.302,-0.539,-3.262,0
8764,18.07,294.84,-1.994,-0.711,1.571,0
8765,23.52,11.64,1.191,0.473,2.08,0
8766,13.33,161.56,0.591,-0.786,-3.051,0
8767,21.75,21.18,0.378,-0.532,-0.405,0
8768,6.74,39.59,1.268,-1.541,0.536,0
8769,11.6,100.89,-2.155,0.874,0.386,0
8770,13.71,76.91,1.815,-1.879,-0.455,0
8771,16.04,72.77,1.409,0.316,0.042,0
8772,17.82,23.9,-1.302,-0.401,-2.02,0
8773,5.94,386.06,1.403,2.954,-1.563,0
8774,14.54,122.08,0.199,1.221,0.685,0
8775,2.97,147.75,2.005,0.65,-1.043,0
8776,15.14,124.02,0.098,-0.286,0.454,0
8777,17.35,43.69,-0.134,0.093,1.01,0
8778,1.02,148.61,1.042,0.079,2.905,0
8779,3.01,309.7,0.433,1.976,0.718,0
8780,17.03,100.46,0.252,1.15,1.021,0
8781,6.1,25.99,-0.425,-0.167,0.544,0
8782,7.77,126.89,1.204,2.072,-1.076,0
8783,12.41,56.8,1.796,2.109,0.777,0
8784,10.2,187.61,-0.604,1.573,-1.655,0
8785,19.75,61.54,-0.625,-1.302,0.33,0
8786,1.12,23.17,0.269,-3.183,-0.461,0
8787,14.27,148.35,0.55,-0.723,-0.6,0
8788,22.42,16.34,1.858,0.76,-0.988,0
8789,18.59,21.02,0.454,0.835,1.705,0
8790,10.99,50.23,1.543,-1.384,-0.494,0
8791,21.86,86.02,1.591,-1.532,-1.2,0
8792,19.42,96.7,-1.341,-0.431,-0.935,0
8793,19.02,33.64,1.717,0.164,1.954,0
8794,12.89,91.83,0.604,0.283,1.188,0
8795,18.22,34.65,1.482,-0.511,0.004,0
8796,9.82,274.2,-1.289,1.087,-1.437,0
8797,17.0,31.76,1.44,-1.182,-1.674,0
8798,8.93,61.53,-0.676,0.504,-1.081,0
8799,20.84,25.68,-0.234,-0.299,-1.155,0
8800,11.54,17.98,-0.761,0.133,-0.034,0
8801,2.22,26.55,1.027,-0.88,0.33,0
8802,17.33,31.93,1.108,0.253,-0.934,0
8803,21.36,67.49,-0.895,1.192,0.58,0
8804,18.31,63.05,-0.192,0.36,-0.636,0
8805,10.01,5.69,0.873,2.454,0.7,0
8806,9.25,34.53,-2.064,0.259,-0.41,0
8807,19.71,13.03,0.9,0.222,-0.936,0
8808,18.97,22.81,-0.917,0.445,1.442,0
8809,11.71,62.67,2.343,0.049,-2.784,0
8810,11.85,41.43,1.027,-0.677,0.121,0
8811,14.65,205.39,1.623,-0.086,0.531,0
8812,10.44,26.29,1.23,0.94,0.517,0
8813,6.42,32.48,0.834,-0.164,1.179,0
8814,15.49,16.04,-0.474,-1.961,-1.712,0
8815,7.8,56.82,-1.085,0.485,0.256,0
8816,17.25,13.04,-0.678,-0.812,-0.814,0
8817,1.21,31.54,0.577,0.902,-0.571,0
8818,0.07,22.22,-0.25,1.141,0.973,0
8819,9.79,17.6,-0.712,1.361,1.098,0
8820,19.62,8.01,-1.319,-0.061,1.152,0
8821,19.44,152.92,-0.758,1.105,-1.362,0
8822,13.33,9.03,0.513,0.357,3.439,0
8823,19.02,7.34,0.733,-0.573,1.227,0
8824,15.08,20.37,-0.911,0.001,-1.437,0
8825,18.87,18.9,-1.013,-1.638,0.93,0
8826,2.61,142.12,0.69,0.381,-2.629,0
8827,6.0,118.62,0.436,-0.506,1.935,0
8828,21.75,30.52,-2.386,-0.876,0.024,0
8829,15.83,73.01,0.261,0.538,1.472,0
8830,12.44,400.42,0.203,-3.361,-1.973,0
8831,19.19,56.06,1.773,-0.751,-0.176,0
8832,17.26,57.38,1.032,-1.821,0.112,0
8833,15.32,14.31,-1.285,1.4,-0.276,0
8834,15.27,35.94,1.287,0.43,1.276,0
8835,12.96,28.68,-2.048,1.19,-0.587,0
8836,0.49,165.3,-3.312,-1.891,0.681,0
8837,22.05,30.99,-0.521,0.833,0.326,0
8838,15.61,242.11,0.485,-0.502,0.711,0
8839,12.96,34.64,-0.217,-0.291,-2.135,0
8840,7.92,82.34,1.131,-0.873,-1.18,0
8841,13.74,22.3,1.839,0.34,2.142,0
8842,17.14,9.09,1.167,-0.081,-1.477,0
8843,10.97,92.63,-0.078,-0.341,0.938,0
8844,2.19,3.84,0.272,0.525,-0.02,0
8845,18.99,110.35,0.779,-0.87,0.662,0
8846,18.85,18.61,1.658,0.176,-4.682,0
8847,12.0,48.83,0.163,-0.065,0.285,0
8848,12.22,179.59,1.28,0.031,-0.177,0
8849,11.14,88.38,2.07,-0.928,-1.0,0
8850,14.97,48.55,-0.855,1.559,-0.103,0
8851,9.91,133.86,-1.209,1.532,1.116,0
8852,13.82,59.0,-1.117,0.783,-0.584,0
8853,1.48,137.5,0.652,-1.843,-2.793,0
8854,14.69,28.36,1.981,0.7,0.534,0
8855,22.03,64.04,-1.089,-0.369,-0.836,0
8856,0.54,234.39,-0.113,1.259,-1.105,0
8857,21.43,52.29,-0.721,-1.536,1.038,0
8858,15.99,86.36,0.553,1.222,-0.108,0
8859,7.73,75.46,-0.082,0.83,1.065,0
8860,16.12,4.85,2.157,-0.475,-0.682,0
8861,10.91,4.2,1.761,0.359,0.101,0
8862,12.9,182.3,-1.249,0.515,-0.682,0
8863,21.41,28.98,0.817,2.481,-0.937,0
8864,22.67,36.67,0.005,-1.391,1.369,0
8865,17.09,67.5,3.13,-0.805,-0.743,0
8866,12.65,27.94,-0.656,-1.489,0.547,0
8867,5.3,58.42,-0.741,-0.762,1.989,0
8868,2.61,34.53,-0.165,-0.042,3.539,0
8869,17.49,70.08,-1.037,1.108,-1.334,0
8870,12.18,67.75,0.306,-1.519,1.08,0
8871,0.56,3.56,-1.002,-1.562,0.695,0
8872,20.47,244.55,-2.176,-1.87,1.02,0
8873,9.92,239.66,-2.01,0.346,1.398,0
8874,1.37,32.65,-0.42,0.745,0.222,0
8875,18.69,17.45,1.197,-2.892,-0.447,0
8876,21.27,32.13,-0.813,0.786,0.394,0
8877,15.08,251.82,0.306,-1.463,0.1,0
8878,20.85,9.8,-1.053,0.765,0.375,0
8879,0.54,128.62,0.307,1.233,0.415,0
8880,19.11,74.43,-0.602,0.822,-0.328,0
8881,2.38,93.52,5.715,-2.985,2.386,1
8882,10.32,20.59,2.45,-1.156,0.869,0
8883,14.02,5.7,-0.877,1.19,-1.997,0
8884,0.15,38.91,0.224,0.51,-1.3,0
8885,23.25,21.26,-1.484,1.756,0.369,0
8886,12.38,116.72,-1.522,0.579,0.395,0
8887,4.83,12.1,-1.325,-0.036,0.454,0
8888,19.16,4.71,0.262,-0.492,3.979,0
8889,4.28,16.11,-0.72,-1.598,-1.079,0
8890,13.2,34.24,-0.899,0.036,1.101,0
8891,9.5,19.49,-0.809,-0.267,0.643,0
8892,1.28,11.28,-0.925,0.326,1.586,0
8893,5.22,116.92,1.232,-1.99,-0.64,0
8894,13.06,18.92,-0.704,-1.924,-1.01,0
8895,3.27,41.46,0.039,-2.231,-2.453,0
8896,10.06,60.36,0.102,-1.832,-0.604,0
8897,21.2,20.35,-1.814,0.264,-2.861,0
8898,7.98,32.52,0.145,0.46,-2.678,0
8899,11.93,142.22,-0.552,-2.006,-2.004,0
8900,10.59,65.83,-0.437,-0.241,1.951,0
8901,12.83,9.76,0.823,-2.014,1.899,0
8902,8.74,193.59,0.565,0.528,-0.697,0
8903,16.23,194.82,-0.66,1.625,0.027,0
8904,3.2,92.4,-0.372,0.018,1.521,0
8905,10.59,232.47,-0.559,-0.466,-0.205,0
8906,13.05,6.65,2.24,-0.085,2.153,0
8907,9.92,15.87,0.487,-0.041,-0.9,0
8908,14.21,21.68,0.87,0.143,1.208,0
8909,12.27,83.13,0.215,-0.496,-0.726,0
8910,18.4,57.84,0.957,1.484,-1.003,0
8911,16.86,15.65,-1.716,0.031,-2.074,0
8912,20.01,19.31,-0.297,-0.369,-0.824,0
8913,12.28,13.54,-0.528,0.533,0.81,0
8914,19.26,34.02,0.723,1.554,0.485,0
8915,12.48,940.87,0.713,0.788,0.447,0
8916,1.42,335.72,0.758,-0.179,0.759,0
8917,9.77,15.03,-1.869,-0.295,1.466,0
8918,8.4,68.35,0.181,-0.623,-1.526,0
8919,18.43,17.56,-0.77,-2.352,0.131,0
8920,9.92,25.2,0.968,2.876,0.427,0
8921,19.16,70.27,-1.688,-0.529,-1.606,0
8922,18.17,122.66,1.44,-0.381,1.682,0
8923,11.19,38.3,0.107,1.846,0.697,0
8924,13.61,193.33,-0.441,-0.266,-0.312,0
8925,0.06,14.56,0.038,-0.33,2.034,0
8926,14.38,194.05,1.52,0.617,-0.672,0
8927,0.76,31.36,-1.441,-0.694,-0.448,0
8928,9.28,69.8,0.66,2.108,-1.242,0
8929,11.15,56.03,0.274,0.014,-2.772,0
8930,14.63,22.99,0.095,0.271,1.827,0
8931,16.31,22.76,-1.042,-0.572,0.62,0
8932,5.34,63.84,0.991,-1.708,-0.157,0
8933,13.73,33.81,-1.052,0.593,0.737,0
8934,8.02,35.93,-1.308,0.108,2.569,0
8935,2.94,87.83,0.189,0.427,1.347,0
8936,7.41,243.4,-0.303,-2.252,-0.72,0
8937,6.21,45.85,1.126,-2.125,-0.413,0
8938,19.8,259.57,0.577,-0.223,-0.248,0
8939,18.11,31.78,0.861,1.391,0.329,0
8940,20.03,80.07,-2.315,-1.681,-0.546,0
8941,18.02,106.09,-1.201,-1.157,0.149,0
8942,17.04,58.45,-1.726,1.26,2.364,0
8943,7.18,7.63,-1.944,0.682,-1.38,0
8944,13.41,37.86,1.277,-0.805,1.315,0
8945,10.26,518.35,0.8,-0.315,-0.112,0
8946,7.68,170.4,1.185,0.604,-0.549,0
8947,12.9,28.61,-0.942,-0.939,0.952,0
8948,13.66,110.04,0.123,1.096,-0.926,0
8949,19.29,25.76,1.64,1.86,0.756,0
8950,13.04,100.9,-0.742,0.025,-0.979,0
8951,18.01,28.31,0.161,-1.179,-0.261,0
8952,17.49,21.91,0.21,0.206,1.115,0
8953,13.29,233.34,-1.06,-1.92,-1.262,0
8954,13.79,9.13,0.387,1.216,-1.015,0
8955,18.89,33.28,-0.426,0.146,-0.524,0
8956,9.7,149.51,-0.78,1.827,-2.248,0
8957,0.25,8.01,-2.206,1.642,-0.837,0
8958,18.97,58.22,1.081,-0.103,-0.173,0
8959,13.71,5.99,-0.381,3.971,-1.335,0
8960,14.63,59.31,0.829,0.456,1.262,0
8961,14.75,18.88,2.098,-1.119,0.886,0
8962,12.26,621.66,-1.597,0.182,-0.355,0
8963,15.38,15.73,-0.657,2.018,-1.272,0
8964,14.86,65.7,-1.538,0.747,-0.134,0
8965,4.29,15.03,-1.047,1.521,-1.514,0
8966,7.56,393.76,0.614,-0.389,-2.486,0
8967,20.86,56.72,0.916,0.323,0.842,0
8968,0.21,18.0,-1.06,0.677,-0.841,0
8969,17.06,13.33,-2.21,-1.023,1.781,0
8970,1.61,41.96,1.278,-0.325,1.462,0
8971,22.54,52.21,-2.054,-0.518,0.518,0
8972,10.08,56.37,2.111,-0.044,-0.175,0
8973,11.28,6.23,-1.263,-1.432,-3.489,0
8974,14.8,126.05,2.65,0.98,1.217,0
8975,12.53,25.54,0.034,0.15,-0.515,0
8976,10.04,10.0,-3.06,0.648,-0.47,0
8977,14.28,50.89,-2.668,-0.043,0.128,0
8978,12.2,37.69,-0.22,-1.353,0.231,0
8979,1.31,24.08,-0.37,0.057,1.066,0
8980,20.87,47.57,1.779,1.209,-0.595,0
8981,18.52,61.85,0.823,-2.023,-0.541,0
8982,5.74,54.53,-0.735,0.914,1.229,0
8983,15.51,21.38,0.212,-0.397,-2.164,0
8984,16.39,8.43,0.882,-0.169,-0.543,0
8985,19.96,44.01,0.32,0.5,1.331,0
8986,13.31,18.15,-1.395,0.355,0.678,0
8987,8.71,61.21,0.859,0.491,-1.549,0
8988,1.52,23.88,0.327,1.036,0.604,0
8989,11.83,43.42,0.414,0.52,-2.129,0
8990,6.34,107.29,0.412,-1.002,-1.304,0
8991,1.74,50.32,0.274,-2.709,2.639,0
8992,16.6,125.83,0.144,-0.773,-0.866,0
8993,10.94,119.02,3.067,-0.138,1.952,0
8994,7.97,272.04,-1.153,1.759,-1.606,0
8995,10.16,183.59,-1.074,-0.757,-1.1,0
8996,6.18,22.52,-0.108,2.092,2.297,0
8997,13.3,18.89,0.194,-0.72,-0.096,0
8998,18.33,29.52,0.048,0.766,3.604,0
8999,8.47,6.31,1.141,1.363,-0.856,0
9000,0.83,16.69,-0.444,1.239,0.655,0
9001,14.84,33.2,-0.796,-0.767,-0.176,0
9002,5.94,52.13,0.006,-1.632,-0.421,0
9003,22.0,76.51,-0.478,-0.649,-0.624,0
9004,17.61,37.79,-0.457,-0.02,-0.428,0
9005,19.79,53.35,1.038,-0.554,1.007,0
9006,13.88,37.02,-1.643,-0.557,2.066,0
9007,16.46,22.34,0.143,1.306,-0.148,0
9008,11.83,17.6,-0.833,-0.188,-0.336,0
9009,23.78,7.91,-1.129,0.091,1.317,0
9010,17.51,24.46,2.531,1.351,-0.794,0
9011,10.67,64.59,0.974,-1.519,1.384,0
9012,13.81,287.88,-1.27,-0.194,1.402,0
9013,8.73,84.64,-0.123,-0.654,-1.465,0
9014,14.36,8.65,2.136,0.755,0.131,0
9015,9.43,24.06,-1.248,0.484,-0.103,0
9016,8.76,7.41,1.299,-1.571,-0.515,0
9017,12.52,48.9,0.385,-0.444,2.237,0
9018,22.76,32.31,1.021,1.376,-0.007,0
9019,16.09,31.37,-1.646,0.658,0.407,0
9020,8.44,89.79,1.75,1.674,-0.305,0
9021,8.17,17.84,0.519,-0.075,2.091,0
9022,15.0,22.52,0.309,-3.0,1.256,0
9023,8.0,28.99,-1.358,-0.185,1.108,0
9024,15.96,166.81,-0.621,0.605,-0.422,0
9025,5.76,134.4,0.718,1.087,0.832,0
9026,14.71,46.43,0.793,-0.67,-2.541,0
9027,13.45,81.94,1.302,-1.71,-0.881,0
9028,18.15,33.49,0.06,0.208,0.475,0
9029,14.78,71.91,-0.224,-0.209,-1.459,0
9030,9.74,35.75,-1.865,0.179,1.693,0
9031,12.47,51.21,1.209,-0.842,0.674,0
9032,14.42,47.24,-1.623,0.9,2.078,0
9033,19.78,394.72,1.546,1.176,1.613,0
9034,0.32,16.96,2.388,0.917,-1.811,0
9035,15.47,98.82,0.473,-0.775,0.274,0
9036,9.44,220.86,0.422,-0.074,0.574,0
9037,13.96,48.58,0.309,-2.066,-1.782,0
9038,15.88,42.17,0.747,0.727,0.026,0
9039,12.36,39.5,-0.738,-1.445,-2.673,0
9040,15.55,61.45,1.851,0.536,-1.992,0
9041,8.67,145.38,1.111,-0.814,-0.181,0
9042,11.88,31.71,-3.508,0.945,-0.312,0
9043,7.36,29.45,-1.201,-0.927,-0.464,0
9044,15.11,73.66,0.703,-0.09,-1.498,0
9045,15.04,62.63,-0.436,0.238,-3.228,0
9046,7.18,26.46,1.601,1.949,0.903,0
9047,16.36,297.91,-1.038,1.598,1.383,0
9048,11.12,46.65,-1.49,0.563,-0.415,0
9049,18.8,23.42,-2.239,0.644,-0.634,0
9050,5.36,34.61,-1.663,1.757,1.46,0
9051,10.43,12.88,-1.782,0.321,0.778,0
9052,14.51,116.43,1.637,0.043,-0.291,0
9053,14.87,357.92,0.803,-0.236,0.915,0
9054,6.64,160.11,-0.192,-0.327,1.855,0
9055,7.25,28.35,-0.943,0.594,0.79,0
9056,11.07,52.13,0.79,-1.826,-1.052,0
9057,16.47,92.77,0.62,0.693,0.405,0
9058,12.26,5.26,0.773,-1.217,-2.96,0
9059,16.34,393.92,0.308,0.16,2.999,0
9060,0.73,61.28,-0.032,-1.464,-0.383,0
9061,0.36,546.39,0.728,-0.058,2.299,1
9062,14.78,10.7,-0.524,0.221,-0.647,0
9063,21.6,28.3,-0.214,1.967,-1.086,0
9064,12.11,12.77,-1.158,-0.237,2.419,0
9065,13.94,27.18,2.023,-0.055,2.661,0
9066,14.02,245.12,-1.435,-1.421,1.169,0
9067,19.06,7.3,-1.121,-2.041,-1.728,0
9068,4.25,6.12,2.306,1.953,-1.535,0
9069,9.01,112.78,-1.278,1.038,-1.132,0
9070,5.37,17.25,1.741,-0.595,1.038,0
9071,5.49,2.76,1.131,-0.427,-2.721,0
9072,18.59,94.23,-2.415,2.202,1.392,0
9073,8.62,10.36,0.595,-0.26,0.065,0
9074,20.28,23.12,-0.445,0.706,0.957,0
9075,6.55,70.49,-1.925,-1.662,0.165,0
9076,5.86,245.71,0.423,-1.67,-0.031,0
9077,10.65,142.54,1.255,-2.706,0.359,0
9078,12.19,35.44,0.069,0.7,-0.521,0
9079,14.88,89.51,1.433,-1.388,-0.111,0
9080,13.57,11.59,0.35,0.5,-2.077,0
9081,20.32,25.6,-4.365,1.881,0.61,0
9082,16.56,37.57,2.849,1.478,0.558,0
9083,20.62,482.84,-1.044,-1.297,2.043,0
9084,17.58,42.11,-0.946,-0.388,0.726,0
9085,10.71,295.08,-0.819,0.759,-1.281,0
9086,18.39,15.82,0.042,0.444,-1.258,0
9087,14.37,164.41,-0.18,-1.41,2.072,0
9088,13.36,45.57,-0.005,-0.496,-1.727,0
9089,13.72,108.33,0.913,0.837,-1.317,0
9090,5.51,60.49,-1.099,0.06,-0.508,0
9091,13.26,16.36,-3.276,-0.389,-4.095,0
9092,18.55,23.85,0.05,2.358,1.512,0
9093,8.22,5.98,-0.002,0.65,2.607,0
9094,12.54,12.71,0.517,0.719,1.398,0
9095,16.72,37.51,-0.47,-0.396,0.348,0
9096,6.39,134.27,-0.295,1.292,2.185,0
9097,13.81,42.64,-0.554,-1.104,1.928,0
9098,8.76,24.33,0.23,0.538,-1.284,0
9099,23.7,111.47,-1.05,-0.144,1.013,0
9100,7.85,27.92,-0.557,1.009,0.518,0
9101,16.91,191.72,1.223,-0.419,1.257,0
9102,14.1,21.56,-1.871,0.488,-0.689,0
9103,4.86,43.4,0.335,0.487,-0.686,0
9104,10.4,143.1,2.797,1.688,1.094,0
9105,23.79,18.98,2.124,0.28,-0.014,0
9106,22.32,134.13,-1.481,1.425,-1.414,0
9107,10.34,62.8,-0.128,-0.878,0.246,0
9108,14.01,6.33,0.649,0.613,0.114,0
9109,9.6,41.99,-2.029,-0.835,-0.432,0
9110,22.61,16.99,0.455,-0.989,-2.203,0
9111,11.75,19.14,0.953,1.095,0.109,0
9112,3.85,94.42,2.746,-0.469,1.112,0
9113,11.47,326.33,0.925,1.019,-0.516,0
9114,16.35,22.97,-3.102,1.118,-1.159,0
9115,17.17,24.31,-0.17,1.522,1.505,0
9116,22.44,21.44,-0.033,-1.935,1.496,0
9117,19.68,1.32,2.353,0.483,1.072,0
9118,20.42,38.47,0.215,0.649,0.524,0
9119,9.91,156.13,0.777,0.347,0.931,0
9120,23.63,81.42,1.572,-0.571,-0.105,0
9121,5.89,47.46,0.284,-0.577,-0.2,0
9122,17.54,118.29,0.851,0.878,-1.071,0
9123,15.71,10.68,-0.331,1.011,-0.899,0
9124,13.71,38.73,0.197,-0.296,-0.538,0
9125,0.38,163.26,1.133,1.061,-0.053,0
9126,14.13,80.61,0.776,1.048,-0.396,0
9127,10.45,111.62,0.267,0.386,0.487,0
9128,6.5,135.74,1.979,0.515,0.781,0
9129,12.81,14.36,0.464,-0.693,2.275,0
9130,9.85,9.51,1.645,-0.56,-0.777,0
9131,7.51,8.9,-2.145,-1.957,-0.103,0
9132,0.28,50.8,-2.221,0.419,1.703,0
9133,14.7,81.14,-0.289,-0.294,-0.106,0
9134,1.38,7.1,0.251,-1.84,-1.128,0
9135,0.26,116.39,-0.545,1.981,0.797,0
9136,16.6,36.39,-0.281,1.288,1.496,0
9137,18.32,23.83,-0.979,-1.442,-0.871,0
9138,15.72,6.63,1.16,0.341,0.496,0
9139,16.53,16.51,0.042,0.707,0.09,0
9140,10.41,198.09,-0.024,1.778,-1.464,0
9141,10.81,33.27,-3.157,-1.215,-2.842,0
9142,11.75,6.8,-3.345,1.119,-0.379,0
9143,17.65,45.62,0.262,0.233,0.016,0
9144,21.75,130.16,-0.362,-0.933,-0.955,0
9145,21.78,14.01,2.084,1.287,-0.183,0
9146,2.02,47.4,-3.269,-0.145,-2.219,0
9147,17.75,15.87,1.774,0.234,1.892,0
9148,9.87,8.48,0.447,-0.646,-0.216,0
9149,10.36,28.57,1.799,1.192,-0.238,0
9150,7.72,54.66,-2.02,-0.087,1.148,0
9151,13.79,63.97,2.063,0.328,-0.278,0
9152,5.71,105.84,-0.375,-1.235,-0.246,0
9153,12.09,82.09,0.036,0.329,0.875,0
9154,8.55,54.96,-0.786,-0.658,-0.158,0
9155,2.3,47.57,-1.197,-0.744,0.875,0
9156,6.39,80.6,-0.439,0.261,-2.798,0
9157,7.86,46.12,-1.287,-1.765,-0.456,0
9158,12.86,22.51,-0.407,-0.703,2.214,0
9159,14.56,17.09,1.038,-0.298,-1.047,0
9160,11.59,58.82,-1.633,1.166,-0.365,0
9161,12.74,65.34,1.151,0.437,-0.633,0
9162,1.32,36.94,-1.026,-0.503,2.368,0
9163,15.95,154.21,1.603,-0.85,0.629,0
9164,9.0,158.12,0.599,-0.823,0.839,0
9165,13.61,72.37,-0.141,-0.969,-0.294,0
9166,3.4,349.99,0.302,2.447,2.637,0
9167,14.78,20.01,-0.699,0.281,-2.022,0
9168,1.87,78.81,0.491,-0.198,1.502,0
9169,21.22,24.47,-0.764,-0.31,0.597,0
9170,15.02,182.69,1.3,1.542,-1.126,0
9171,4.5,38.05,-1.649,-0.903,-0.771,0
9172,18.27,28.73,2.18,0.621,1.226,0
9173,0.4,35.7,2.091,0.024,2.104,0
9174,15.82,24.77,1.812,0.385,0.154,0
9175,5.93,46.82,-0.67,-1.848,1.001,0
9176,12.97,52.22,-0.049,-1.106,1.981,0
9177,22.21,26.14,0.309,0.748,-0.413,0
9178,8.8,211.08,0.856,-0.297,-2.195,0
9179,13.55,52.36,1.832,-1.394,0.545,0
9180,4.52,57.83,0.213,1.5,0.221,0
9181,9.04,772.93,1.7,1.131,0.997,0
9182,14.98,71.52,-0.294,-1.402,0.181,0
9183,16.53,5.58,-0.622,0.537,-1.771,0
9184,16.47,160.77,-0.112,1.419,0.256,0
9185,18.58,49.66,-0.644,-1.41,0.906,0
9186,22.44,20.59,-1.931,1.092,-2.626,0
9187,8.47,341.62,3.21,0.75,1.351,0
9188,14.47,226.95,-0.011,-0.368,0.666,0
9189,11.06,32.41,-1.859,-0.668,-1.335,0
9190,9.12,163.76,0.564,2.001,0.105,0
9191,14.47,109.17,-0.036,-0.517,-0.215,0
9192,16.92,15.83,3.328,-2.349,2.768,0
9193,14.81,360.21,0.731,-1.788,-1.931,0
9194,5.48,15.09,1.884,-1.491,-1.877,0
9195,14.32,11.68,-0.427,0.212,-0.623,0
9196,15.15,10.79,-0.876,-0.168,-2.65,0
9197,17.01,43.64,0.758,0.207,-2.031,0
9198,7.77,12.14,-1.324,0.003,0.064,0
9199,18.69,4.78,1.431,-1.141,1.269,0
9200,7.94,32.5,-1.458,0.837,0.341,0
9201,16.37,103.45,-0.308,-0.81,-1.236,0
9202,20.54,22.37,1.319,-2.512,-1.579,0
9203,19.17,281.31,0.053,1.12,-0.764,0
9204,9.16,52.41,2.267,1.134,2.323,0
9205,20.68,106.35,1.453,-3.07,0.676,0
9206,13.96,129.23,-0.486,1.624,-0.107,0
9207,16.64,62.12,-0.684,1.638,-0.685,0
9208,7.52,132.53,-1.634,1.408,-1.598,0
9209,17.92,16.88,-1.738,0.139,0.586,0
9210,15.82,11.31,-0.379,-0.667,-0.612,0
9211,4.94,33.14,1.296,0.703,-0.024,0
9212,13.65,5.77,-0.23,-0.985,-2.495,0
9213,12.01,3.7,-1.021,0.82,-0.523,0
9214,13.84,25.5,0.466,0.235,-1.021,0
9215,12.15,18.21,-1.102,-0.025,-0.333,0
9216,7.36,54.71,-2.38,-1.565,0.457,0
9217,16.8,43.14,1.595,1.798,0.671,0
9218,11.63,31.58,2.171,-0.822,0.278,0
9219,2.25,13.26,-2.25,0.163,0.121,0
9220,2.9,32.66,1.821,-0.985,1.789,0
9221,12.9,50.26,-1.109,0.872,-1.951,0
9222,12.32,90.88,-0.314,-0.096,-1.527,0
9223,11.72,13.25,1.273,1.142,-0.668,0
9224,9.4,75.8,0.123,-0.819,1.94,0
9225,1.57,6.87,-0.135,0.622,-0.416,0
9226,14.76,229.79,-0.478,0.15,1.283,0
9227,10.42,282.2,0.661,1.894,1.053,0
9228,13.25,437.21,1.582,1.078,-1.15,0
9229,6.23,17.69,1.153,-0.397,-0.061,0
9230,11.91,98.82,2.137,0.015,1.871,0
9231,15.01,52.66,1.447,-1.097,-0.155,0
9232,11.39,40.75,-1.844,0.065,-0.167,0
9233,15.18,92.59,0.221,-1.289,-1.061,0
9234,8.77,46.2,-0.882,-0.901,1.344,0
9235,8.83,15.18,-1.863,0.876,3.455,0
9236,4.78,148.73,-0.001,1.086,1.547,0
9237,20.89,90.51,-0.31,-0.964,-2.302,0
9238,10.95,52.74,1.38,1.796,-2.208,0
9239,20.37,32.4,1.173,0.683,0.958,0
9240,11.52,59.96,1.171,0.026,2.78,0
9241,17.21,61.48,1.987,1.172,0.355,0
9242,5.51,48.76,2.068,-0.444,0.896,0
9243,14.73,28.82,0.165,-0.988,-1.595,0
9244,2.12,64.14,0.04,-0.343,-0.352,0
9245,11.8,31.7,2.257,-0.412,-1.967,0
9246,14.58,208.13,2.346,-2.044,-0.203,0
9247,16.86,150.82,0.842,1.597,-2.593,0
9248,12.36,625.21,1.644,1.063,-2.927,0
9249,11.21,104.46,-0.768,2.337,-1.913,0
9250,5.26,148.62,0.536,0.93,0.324,0
9251,11.05,93.51,1.582,2.073,-0.561,0
9252,16.77,11.82,-1.865,0.819,-0.079,0
9253,18.56,209.98,-0.23,-1.996,0.533,0
9254,12.19,69.63,-0.081,0.799,-0.227,0
9255,15.3,36.6,-1.23,-0.631,-0.555,0
9256,5.04,8.92,-1.251,-0.703,1.598,0
9257,16.13,25.99,-0.376,-0.97,0.632,0
9258,13.44,200.5,-1.068,-0.473,-2.441,0
9259,11.59,429.09,0.089,0.243,-1.291,0
9260,4.04,126.16,-0.181,-0.085,-0.265,0
9261,0.97,40.1,0.15,0.773,0.945,0
9262,7.95,43.39,0.631,0.709,-0.621,0
9263,17.66,93.06,2.803,-0.184,-3.738,0
9264,17.55,92.97,-1.752,1.664,-2.245,0
9265,17.85,36.87,-1.19,-0.438,-0.503,0
9266,20.08,24.27,1.776,-1.336,-2.32,0
9267,11.87,8.15,1.171,1.063,-2.027,0
9268,11.97,31.3,1.142,-0.734,0.668,0
9269,11.74,205.1,-0.493,0.406,-0.252,0
9270,14.33,19.3,-2.246,0.74,-0.209,0
9271,13.34,113.87,0.604,0.192,0.064,0
9272,0.79,377.6,2.302,-0.052,-0.439,0
9273,5.37,43.92,1.393,-1.102,1.346,1
9274,19.88,24.75,0.81,0.254,-1.23,0
9275,20.94,208.49,0.086,-0.149,-1.685,0
9276,12.77,634.95,1.084,-0.726,-0.268,0
9277,9.85,34.17,-0.095,0.366,-2.06,0
9278,4.74,44.77,-1.521,0.058,2.465,0
9279,19.04,83.37,0.154,1.923,-1.141,0
9280,19.27,51.91,0.621,1.538,0.519,0
9281,23.85,37.4,0.858,-1.031,0.801,0
9282,10.58,15.57,-0.068,-0.447,-0.089,0
9283,9.99,56.18,-0.352,1.248,1.994,0
9284,10.81,96.97,-1.908,2.684,0.458,0
9285,15.91,25.73,-0.604,-1.256,-0.038,0
9286,6.92,7.33,1.409,0.237,1.063,0
9287,12.56,148.39,-1.96,0.388,-1.334,0
9288,19.57,54.64,-0.067,-0.751,1.852,0
9289,7.6,29.36,-1.009,-0.185,1.217,0
9290,3.4,6.44,0.125,0.695,-1.121,0
9291,7.1,236.87,1.065,-0.052,-1.805,0
9292,9.19,41.62,-0.567,-0.812,2.496,0
9293,17.71,19.84,1.832,0.879,1.631,0
9294,15.74,240.09,1.341,-0.621,-0.214,0
9295,12.36,311.12,-1.867,-1.235,-0.403,0
9296,12.37,64.09,-0.171,-0.418,1.232,0
9297,14.76,106.92,-1.576,-0.04,-0.726,0
9298,18.37,121.68,0.926,2.279,-4.735,0
9299,15.77,36.1,-0.192,-0.298,2.294,0
9300,9.72,65.17,0.637,1.402,-1.253,0
9301,17.46,104.99,1.897,-0.088,0.849,0
9302,17.85,557.76,-2.598,-0.221,-2.132,0
9303,21.61,131.45,2.166,-0.198,1.196,0
9304,17.53,23.99,-0.115,1.169,1.139,0
9305,4.02,103.21,0.267,-0.318,1.946,0
9306,7.58,53.83,0.619,-0.106,0.199,0
9307,15.55,124.73,-0.916,0.686,-0.701,0
9308,3.82,263.75,0.288,1.069,3.025,0
9309,16.32,131.26,-1.694,0.764,0.042,0
9310,4.71,52.02,-0.305,-1.554,-0.71,0
9311,10.88,60.68,-1.818,-0.215,-0.535,0
9312,10.3,57.95,-0.244,0.648,-0.167,0
9313,22.33,126.88,1.857,-0.637,-0.012,0
9314,11.63,19.31,-1.297,-1.673,2.691,0
9315,17.63,57.75,-1.462,-0.624,-1.74,0
9316,13.41,30.33,1.822,0.298,-0.531,0
9317,8.17,32.88,0.591,1.078,-1.03,0
9318,9.04,22.84,1.023,1.583,-1.014,0
9319,10.93,151.96,0.088,-1.334,-0.077,0
9320,18.66,30.54,-1.426,0.149,0.233,0
9321,14.2,28.79,0.382,-0.328,-1.918,0
9322,10.7,79.73,-1.285,-2.173,1.78,0
9323,10.84,104.29,-0.728,-0.243,0.176,0
9324,8.68,137.85,-0.27,0.229,-0.421,0
9325,19.64,23.33,-2.248,-0.445,0.473,0
9326,6.83,18.4,1.036,1.383,0.603,0
9327,15.19,13.4,-1.21,-1.11,0.847,0
9328,16.23,6.22,0.337,-0.811,-2.375,0
9329,15.26,27.38,0.636,-2.715,2.941,0
9330,14.92,44.34,-0.434,0.179,-1.109,0
9331,10.81,72.34,-1.567,2.029,0.132,0
9332,16.13,38.82,-1.71,-1.152,0.988,0
9333,15.11,70.79,-2.126,-1.261,0.615,0
9334,15.45,48.75,0.231,0.372,-0.608,0
9335,12.55,179.21,1.533,0.025,-0.05,0
9336,6.24,58.78,1.812,1.213,3.433,0
9337,2.59,31.1,-0.396,-1.078,0.737,0
9338,14.42,37.95,-0.778,0.471,2.896,0
9339,23.91,60.62,-1.545,0.659,0.012,0
9340,8.85,100.41,0.218,-2.446,-0.92,0
9341,15.92,55.4,0.916,-1.037,2.319,0
9342,23.57,130.6,-0.277,1.403,-0.531,0
9343,15.86,64.13,1.031,-0.062,1.169,0
9344,13.12,43.36,-0.715,-0.577,1.528,0
9345,7.01,36.47,-0.212,-0.724,-2.359,0
9346,12.32,8.11,-0.141,-0.419,0.317,0
9347,21.06,41.1,-1.787,-1.054,-0.753,0
9348,3.95,10.72,1.693,-1.905,-2.212,0
9349,22.84,117.29,2.083,-0.143,1.774,0
9350,20.86,62.28,-1.283,-0.196,1.017,0
9351,13.11,30.4,-1.366,-0.271,-0.538,0
9352,21.73,57.4,0.461,0.234,0.894,0
9353,11.79,6.87,0.321,-2.002,-0.156,0
9354,11.53,160.45,-0.458,-0.149,-1.893,0
9355,22.33,10.46,0.406,-0.762,0.547,0
9356,14.85,220.99,0.998,0.355,-0.902,0
9357,15.7,79.94,-1.186,1.511,-0.12,0
9358,8.79,13.12,-0.605,-0.12,-2.62,0
9359,11.58,178.26,-2.381,-0.488,2.484,0
9360,18.11,26.04,0.646,0.631,1.074,0
9361,15.55,14.48,0.623,2.445,-0.751,0
9362,17.91,11.23,-0.54,0.533,-0.415,0
9363,8.58,6.8,-0.123,-0.908,0.18,0
9364,6.15,56.47,0.432,0.939,1.026,0
9365,15.92,135.0,2.708,-1.548,0.891,0
9366,20.43,41.39,-1.051,1.794,-1.458,0
9367,7.9,223.15,0.131,1.434,0.662,0
9368,15.34,19.1,1.569,-1.097,-0.515,0
9369,20.38,158.66,4.669,-0.5,0.464,0
9370,10.46,7.91,2.113,1.42,1.829,0
9371,1.6,58.71,-2.109,0.231,1.765,0
9372,11.72,49.04,-2.832,2.544,3.765,0
9373,21.57,10.39,-0.858,-1.865,0.432,0
9374,16.5,53.99,-0.375,1.067,0.757,0
9375,12.05,18.07,1.014,2.644,1.099,0
9376,19.84,70.79,-2.352,-1.937,0.973,0
9377,6.33,38.39,-2.422,0.786,-1.331,0
9378,0.3,144.82,-1.212,1.956,-1.917,0
9379,18.12,12.16,-0.605,1.347,1.725,0
9380,13.82,7.02,-0.467,0.016,-0.642,0
9381,6.1,15.24,-1.496,0.943,0.539,0
9382,11.99,4.03,-0.494,-1.702,1.658,0
9383,10.67,231.28,1.695,-0.505,-1.48,0
9384,1.2,31.23,-1.636,3.054,1.085,0
9385,14.37,68.96,1.457,-1.172,-1.952,0
9386,8.66,41.32,-0.641,-0.017,-2.529,0
9387,10.02,13.54,0.369,0.652,-0.231,0
9388,13.42,180.39,3.01,-0.354,-0.033,0
9389,22.99,65.16,0.355,-0.559,-0.847,0
9390,15.4,1576.91,-3.036,-0.078,0.223,0
9391,19.9,185.26,-0.403,0.097,2.257,0
9392,5.52,34.14,2.703,0.927,1.441,0
9393,23.26,382.56,0.348,0.948,1.448,0
9394,19.55,62.33,0.543,-0.514,-0.849,0
9395,16.04,451.17,-1.358,-1.169,-0.509,0
9396,0.11,73.86,1.133,-1.096,1.352,0
9397,19.71,192.81,-1.659,0.041,1.673,0
9398,9.35,18.32,-0.734,0.272,1.322,0
9399,3.59,20.96,-2.992,-0.298,0.216,0
9400,17.44,16.03,2.144,0.798,1.406,0
9401,15.78,34.02,0.531,-1.486,-3.026,0
9402,18.89,10.8,1.181,0.143,-1.797,0
9403,20.14,28.39,-1.708,-0.094,-1.512,0
9404,19.22,16.69,-1.219,0.118,-1.763,0
9405,14.53,163.99,0.594,-0.088,1.403,0
9406,3.51,128.88,0.564,-0.454,1.053,0
9407,1.98,16.38,-2.472,0.445,-0.713,0
9408,10.65,171.18,3.533,0.04,-0.724,0
9409,12.8,34.2,-1.45,1.118,-0.569,0
9410,3.26,126.9,-0.298,0.985,-1.905,0
9411,7.73,58.34,-0.268,0.019,-1.624,0
9412,23.29,37.0,-2.823,0.239,-0.178,0
9413,17.93,26.63,1.818,-0.885,-0.026,0
9414,17.92,114.41,1.391,-1.965,-0.284,0
9415,10.02,12.77,0.432,0.338,-0.526,0
9416,13.37,57.07,-0.668,0.246,2.12,0
9417,7.77,57.44,-1.494,-1.105,2.316,0
9418,13.49,22.11,-1.053,1.988,-0.054,0
9419,0.85,113.2,-0.844,0.408,0.535,0
9420,15.62,74.76,0.693,0.036,0.751,0
9421,14.63,154.3,0.175,0.038,-1.454,0
9422,18.07,3.21,-0.653,-1.034,0.598,0
9423,1.03,204.27,1.5,-0.934,-0.404,0
9424,15.16,181.22,-0.553,-0.062,-1.056,0
9425,11.85,73.68,-0.564,-1.306,-0.032,0
9426,3.73,44.0,1.157,-1.134,-0.022,0
9427,21.46,42.51,-0.591,-0.81,-0.915,0
9428,7.68,183.23,-1.041,0.305,3.465,0
9429,0.87,32.33,-0.555,-0.192,0.365,0
9430,13.22,54.45,2.109,-0.296,1.897,0
9431,20.12,20.05,0.954,0.515,0.87,0
9432,0.6,13.58,-1.195,2.5,2.029,0
9433,10.78,100.04,0.975,1.0,0.316,0
9434,9.06,40.95,-1.778,-0.706,0.455,0
9435,20.13,77.24,-2.351,0.799,1.795,0
9436,8.32,1075.31,0.611,0.409,-1.173,0
9437,12.89,5.97,-0.25,0.113,0.594,0
9438,11.14,32.73,-1.832,-1.174,3.754,0
9439,4.86,12.06,-1.622,-0.989,2.504,0
9440,13.68,402.91,0.752,0.395,-2.037,0
9441,7.04,97.07,0.65,-1.132,-2.305,0
9442,16.35,243.36,0.584,-0.066,0.777,0
9443,11.92,65.56,0.06,0.924,-0.634,0
9444,20.03,48.78,1.758,-0.794,-1.692,0
9445,14.68,6.92,0.476,-1.42,1.254,0
9446,19.9,31.59,0.541,0.395,0.713,0
9447,11.24,8.92,1.54,2.019,-1.348,0
9448,4.3,11.73,1.212,0.257,1.604,0
9449,8.35,38.1,-1.085,-0.435,1.409,0
9450,22.28,3.34,1.104,0.401,-1.036,0
9451,12.05,113.59,-0.107,1.824,0.379,0
9452,12.47,52.54,1.91,-0.769,-0.442,0
9453,22.59,80.11,-0.341,0.461,0.177,0
9454,18.24,94.55,-0.068,0.109,-1.887,0
9455,14.16,177.08,-0.11,-0.09,-0.496,0
9456,3.23,7.81,-1.822,0.064,0.299,0
9457,17.26,28.19,0.884,-1.626,1.331,0
9458,8.96,53.67,0.907,-1.673,1.876,0
9459,20.23,110.75,1.205,-0.362,-2.475,0
9460,10.89,85.56,-0.525,0.91,0.017,0
9461,16.79,15.39,0.841,1.74,0.524,0
9462,9.34,60.98,0.298,-0.771,1.052,0
9463,16.91,44.16,-0.367,1.104,0.842,0
9464,7.72,93.62,0.652,-0.019,-3.101,0
9465,10.29,55.16,-1.029,-2.08,-0.768,0
9466,15.83,130.65,-1.363,-0.188,-0.561,0
9467,2.5,37.92,0.158,-0.728,-1.348,0
9468,16.58,11.63,1.142,0.972,2.075,0
9469,17.05,11.03,1.051,-1.228,1.434,0
9470,20.5,36.3,-1.892,0.036,0.122,0
9471,10.83,67.65,-1.541,-0.829,1.395,0
9472,11.48,80.33,2.246,0.393,0.758,0
9473,19.67,58.17,0.71,-1.002,1.518,0
9474,1.96,151.52,1.502,-1.857,0.377,0
9475,18.41,13.65,0.925,-1.836,1.051,0
9476,18.23,248.29,-2.959,-0.023,2.815,0
9477,12.68,13.06,2.762,-0.489,3.552,0
9478,20.19,13.1,0.781,2.558,1.291,0
9479,19.82,44.88,-0.73,0.004,0.379,0
9480,9.74,15.91,0.305,3.15,0.466,0
9481,10.48,161.77,-0.41,-0.517,-0.606,0
9482,6.93,43.17,-0.281,0.752,1.36,0
9483,19.21,6.33,1.343,0.285,-2.053,0
9484,17.33,13.26,0.35,-0.002,0.596,0
9485,18.54,22.28,1.687,-0.569,-0.417,0
9486,0.07,30.4,0.749,-0.431,-2.419,0
9487,7.34,157.74,-1.266,-1.272,1.493,0
9488,7.07,21.99,-2.493,-0.125,1.798,0
9489,2.48,18.47,1.934,-1.971,1.973,0
9490,21.58,41.68,-0.115,-2.215,2.676,0
9491,13.37,8.27,0.799,2.025,2.795,0
9492,8.11,29.05,0.66,0.953,-0.271,0
9493,9.94,123.85,-0.488,0.451,-0.252,0
9494,0.02,333.07,0.067,-0.822,-0.334,0
9495,11.53,198.22,-0.636,-2.368,0.524,0
9496,9.87,22.2,0.37,0.602,-1.444,0
9497,18.19,12.26,0.2,1.435,4.617,0
9498,21.92,26.11,-0.723,0.558,-1.382,0
9499,9.42,59.44,-2.846,2.186,-0.375,0
9500,19.67,29.33,-2.375,0.882,1.044,0
9501,23.85,62.38,2.102,-0.703,0.749,0
9502,20.53,40.66,0.284,-0.722,1.695,0
9503,13.78,18.64,1.998,1.267,1.598,0
9504,20.92,17.9,-1.058,1.615,0.654,0
9505,1.82,77.6,-2.822,0.155,1.67,0
9506,6.73,32.94,-0.085,-0.159,1.621,0
9507,15.54,11.59,-1.426,-0.349,-1.356,0
9508,9.84,152.18,-1.62,-1.945,-0.295,0
9509,15.62,63.24,0.117,-3.077,0.016,0
9510,3.57,38.34,1.092,0.598,-2.225,0
9511,6.65,138.02,-1.503,-0.645,1.329,0
9512,12.03,27.54,2.354,-1.185,-1.008,0
9513,21.49,253.27,-0.153,0.484,-1.518,0
9514,21.87,169.59,-0.213,-0.663,-0.984,0
9515,5.7,52.87,-0.534,1.082,-0.638,0
9516,17.5,204.79,-0.565,-0.575,-0.358,0
9517,2.72,20.41,-2.253,0.21,-1.628,0
9518,17.28,24.17,-1.843,-0.874,-0.237,0
9519,15.4,245.33,0.108,0.449,3.309,0
9520,13.48,14.78,3.211,1.978,-0.809,0
9521,3.48,630.35,-2.206,0.888,-0.492,0
9522,16.93,5.03,0.51,-0.183,0.33,0
9523,14.35,37.23,-0.177,-1.192,-1.334,0
9524,10.42,79.47,0.051,-1.094,2.073,0
9525,8.44,12.02,-0.88,-1.82,0.638,0
9526,14.44,23.97,0.263,-0.073,-0.793,0
9527,8.23,8.49,-1.769,-1.153,-1.538,0
9528,3.17,34.42,0.524,-0.868,2.823,0
9529,4.22,55.88,-0.273,-1.292,-1.777,0
9530,6.17,14.81,-0.517,1.635,0.068,0
9531,8.76,58.06,2.144,0.313,0.2,0
9532,15.07,109.52,-1.605,-0.146,-0.253,0
9533,19.72,208.52,-2.679,-0.427,-0.105,0
9534,12.32,2.44,0.673,0.692,-1.786,0
9535,7.29,3.75,0.295,0.242,1.857,0
9536,9.61,195.83,2.094,1.121,-1.248,0
9537,20.43,130.52,0.145,-0.449,-0.165,0
9538,17.67,99.18,-0.412,0.405,1.856,0
9539,20.3,262.07,-0.704,-1.162,1.89,0
9540,22.34,208.9,1.042,-0.369,1.776,0
9541,16.53,12.69,1.147,0.975,3.601,0
9542,16.51,61.67,2.553,0.375,1.509,0
9543,13.89,143.25,0.953,-2.223,-1.683,0
9544,1.43,62.0,0.805,-0.814,-1.35,0
9545,11.35,22.29,-0.675,0.118,1.475,0
9546,9.94,36.7,-2.241,-0.021,-0.99,0
9547,17.43,135.17,0.903,-0.211,-0.61,0
9548,10.13,38.55,1.306,1.525,-0.479,0
9549,11.67,78.24,3.18,-3.915,-1.933,0
9550,11.4,1012.62,-2.569,2.063,-2.574,0
9551,9.48,15.4,-1.316,-1.45,0.139,0
9552,1.61,52.27,-0.947,2.452,1.515,0
9553,13.45,13.33,0.005,0.368,0.577,0
9554,10.59,21.73,0.721,2.04,0.887,0
9555,3.5,82.44,0.785,0.958,-1.6,0
9556,15.61,48.31,-0.084,-0.012,-3.37,0
9557,11.3,191.25,-0.83,-0.757,-0.754,0
9558,5.78,18.6,0.075,-2.387,1.677,0
9559,19.73,28.77,-2.308,0.773,1.942,0
9560,15.78,71.71,-1.351,-0.615,1.209,0
9561,10.47,83.31,-1.321,-2.849,2.068,0
9562,20.94,32.18,-2.142,1.818,0.407,0
9563,21.43,10.37,0.144,0.127,0.898,0
9564,11.5,62.02,0.51,0.665,1.352,0
9565,5.07,49.88,0.19,0.126,-1.042,0
9566,7.48,26.45,1.4,-0.412,0.063,0
9567,11.13,68.77,2.306,-0.349,-0.678,0
9568,13.31,45.69,-1.39,0.767,1.616,0
9569,15.43,179.14,-2.441,-0.027,-2.171,0
9570,17.69,31.19,-1.342,1.762,-1.518,0
9571,17.63,5.92,0.183,0.685,1.1,0
9572,4.18,73.47,-0.921,0.015,0.288,0
9573,6.2,129.9,0.027,0.793,-2.048,0
9574,13.05,108.5,0.863,-0.144,0.352,0
9575,22.22,43.04,-1.3,-0.588,0.233,0
9576,18.43,64.59,-1.014,0.359,-1.163,0
9577,21.0,173.93,-0.736,2.064,0.177,0
9578,8.4,51.99,0.691,0.123,0.522,0
9579,9.11,6.64,-0.473,0.575,-0.224,0
9580,18.31,24.71,-0.907,1.569,0.035,0
9581,11.79,26.67,1.392,1.238,-1.446,0
9582,9.4,19.76,-0.366,-0.508,0.197,0
9583,20.83,39.28,1.01,-0.82,1.925,0
9584,16.38,36.12,0.996,0.362,-0.094,0
9585,19.61,19.49,-0.906,2.262,-2.071,0
9586,14.11,145.26,-0.872,1.781,-1.453,0
9587,18.49,20.64,1.195,-0.539,-0.96,0
9588,13.15,70.01,-0.674,2.706,-1.144,0
9589,13.29,55.16,-2.785,-1.625,0.061,0
9590,22.44,32.03,-1.836,0.413,3.336,0
9591,10.61,351.75,-0.43,-2.133,0.219,0
9592,11.82,31.21,0.141,-0.615,0.408,0
9593,18.04,13.15,0.455,1.303,-1.071,0
9594,23.25,24.53,-0.95,1.682,0.39,0
9595,12.82,351.27,1.405,0.228,0.184,0
9596,9.41,23.13,2.573,-1.075,-2.221,0
9597,22.75,19.54,-0.32,0.073,-0.063,0
9598,20.35,123.82,-1.777,-1.227,1.119,0
9599,8.71,76.4,0.288,0.033,-0.332,0
9600,11.18,18.62,1.549,0.081,-0.51,0
9601,10.59,6.88,-0.212,1.546,1.128,0
9602,16.51,43.14,-0.629,1.696,-0.433,0
9603,21.39,23.71,-3.104,0.464,0.994,0
9604,11.06,104.09,-2.078,0.683,1.309,0
9605,7.96,90.42,0.534,-0.183,0.953,0
9606,14.26,47.12,0.043,0.354,2.216,0
9607,0.36,88.57,2.232,-1.354,-1.007,0
9608,23.5,42.97,0.108,-0.984,-0.689,0
9609,17.19,7.77,0.612,2.1,-1.528,0
9610,6.88,246.04,-2.037,0.635,-0.756,0
9611,12.1,14.83,-1.04,-1.024,-1.015,0
9612,17.24,130.24,-2.064,0.095,-3.063,0
9613,10.14,75.59,1.571,1.167,-2.311,0
9614,8.15,64.04,0.084,-1.16,-1.237,0
9615,18.36,89.48,-1.027,-2.745,-1.98,0
9616,11.62,93.99,-1.043,-0.456,-1.247,0
9617,12.72,4.45,-0.786,1.322,-0.179,0
9618,10.19,35.46,-0.721,1.612,-0.465,0
9619,13.42,24.11,1.293,0.258,0.681,0
9620,21.43,167.47,0.539,-0.495,-1.046,0
9621,4.18,2.69,0.308,0.755,0.451,0
9622,7.21,36.27,2.0,0.858,-1.432,0
9623,19.1,8.43,-0.296,0.734,1.387,0
9624,0.45,5.19,-0.728,-0.121,-1.316,0
9625,21.97,35.54,0.233,-2.728,-1.354,0
9626,20.6,157.17,-0.941,-1.198,1.233,0
9627,6.81,114.28,0.173,-1.485,-0.631,0
9628,17.38,51.45,-0.401,-0.546,0.86,0
9629,12.58,31.47,2.082,-1.005,-0.056,0
9630,1.48,19.89,1.9,0.588,-2.917,0
9631,11.28,143.87,2.899,-0.478,0.082,0
9632,4.79,118.04,1.7,0.655,-2.294,0
9633,16.65,56.66,1.012,0.204,0.295,0
9634,16.77,50.45,-3.061,-1.042,-0.632,0
9635,10.0,13.2,-0.805,1.61,0.906,0
9636,18.06,16.99,-1.389,0.495,0.856,0
9637,16.76,33.83,-0.074,-2.663,-2.951,0
9638,4.28,183.96,1.606,-2.19,2.629,1
9639,5.61,204.84,-0.596,1.358,2.538,0
9640,15.04,25.64,-1.832,-0.245,-0.35,0
9641,20.35,37.44,0.141,-0.777,-2.29,0
9642,4.14,15.51,0.392,-1.43,1.595,0
9643,5.06,93.84,1.266,-2.531,2.542,1
9644,20.8,28.81,-1.516,-1.016,-0.794,0
9645,16.11,8.0,-0.196,-1.35,-1.357,0
9646,17.17,75.38,-1.479,-0.544,-1.763,0
9647,16.21,251.57,-0.586,-0.664,-1.005,0
9648,17.86,658.92,-0.588,-0.303,0.948,0
9649,15.07,53.6,2.256,-0.416,-1.558,0
9650,5.89,63.02,-1.212,-1.23,-0.36,0
9651,16.81,14.8,-0.427,-0.0,2.259,0
9652,12.42,15.45,1.645,-1.161,-0.453,0
9653,14.84,143.74,-1.688,0.844,-1.977,0
9654,13.75,20.2,-0.152,0.227,-0.267,0
9655,19.39,18.81,2.202,0.418,-0.805,0
9656,15.49,177.92,0.472,0.784,0.73,0
9657,15.64,425.06,-1.211,-1.171,0.669,0
9658,8.58,256.41,-1.223,-1.456,-0.597,0
9659,16.31,17.84,2.925,-1.769,-0.096,0
9660,18.29,20.04,-1.518,-0.716,-1.6,0
9661,9.54,123.08,0.383,2.384,-2.794,0
9662,19.56,33.26,2.572,-0.418,-2.596,0
9663,23.73,23.5,0.539,0.664,0.916,0
9664,8.84,131.74,-0.138,0.21,-2.317,0
9665,11.01,237.99,0.031,0.303,2.278,0
9666,17.2,89.07,-0.343,-2.097,-0.27,0
9667,16.94,61.53,0.508,0.095,1.825,0
9668,14.78,20.56,1.939,-1.309,0.457,0
9669,15.4,64.55,0.134,-1.818,-0.344,0
9670,20.53,36.88,-0.673,0.231,0.154,0
9671,8.0,72.15,1.658,0.162,0.92,0
9672,15.97,28.79,-1.979,-0.51,2.882,0
9673,5.56,11.68,-1.579,0.377,-0.583,0
9674,18.3,75.76,1.01,0.207,3.682,0
9675,22.75,212.43,0.416,-0.745,0.536,0
9676,19.45,29.58,-1.678,-1.013,0.203,0
9677,6.52,8.65,-2.3,1.258,-0.181,0
9678,12.05,13.74,2.999,-1.313,-2.723,0
9679,11.82,35.2,1.326,0.87,0.705,0
9680,23.06,37.06,0.1,0.523,1.028,0
9681,18.09,110.44,-0.728,-1.098,0.617,0
9682,6.04,135.44,0.332,-1.21,0.839,0
9683,6.32,10.59,0.679,1.279,0.036,0
9684,9.82,82.02,0.398,-1.773,1.984,0
9685,15.4,44.95,1.192,0.147,0.36,0
9686,18.14,341.36,3.566,0.415,0.582,0
9687,19.17,33.85,0.214,-1.694,-0.279,0
9688,11.72,55.45,-0.718,-1.136,-1.418,0
9689,9.88,11.96,0.457,0.361,-0.335,0
9690,11.16,24.92,0.631,-2.079,1.11,0
9691,1.35,35.74,0.593,0.884,-2.629,0
9692,13.05,450.38,1.781,-1.182,0.427,0
9693,10.93,26.94,0.03,1.101,-0.801,0
9694,13.85,53.62,0.414,0.239,0.161,0
9695,20.77,11.17,-0.128,0.108,0.116,0
9696,14.77,75.84,2.72,0.269,-0.993,0
9697,5.65,7.0,-1.61,-1.097,-1.722,0
9698,14.23,119.4,0.055,-0.588,0.611,0
9699,12.44,13.13,-1.162,2.424,0.608,0
9700,6.3,25.15,1.057,1.207,0.065,0
9701,8.05,33.01,1.746,0.195,0.137,0
9702,9.18,111.05,0.93,-0.206,-1.315,0
9703,2.92,241.75,-1.023,-0.368,-1.091,0
9704,14.28,9.18,-0.053,-0.695,1.446,0
9705,5.1,69.31,-1.576,0.391,1.497,0
9706,21.96,115.57,0.902,-1.051,-2.116,0
9707,16.95,21.75,-0.742,-0.586,-0.8,0
9708,15.65,15.53,-0.614,-0.517,2.344,0
9709,14.84,2.52,-0.02,-0.016,1.191,0
9710,0.37,24.5,1.686,0.368,0.604,0
9711,20.52,8.81,-1.764,0.797,0.052,0
9712,16.67,93.81,-0.403,-0.221,2.786,0
9713,6.85,33.59,2.608,0.993,0.733,0
9714,10.69,32.68,1.054,1.05,-3.359,0
9715,3.69,16.05,-2.149,-1.05,-0.305,0
9716,9.93,21.88,0.197,1.137,0.441,0
9717,14.0,193.95,-2.946,1.251,1.031,0
9718,12.02,26.94,0.234,1.024,0.6,0
9719,14.73,82.6,-0.17,-2.228,-2.21,0
9720,12.18,498.62,2.185,0.193,1.306,0
9721,3.84,30.79,0.083,0.072,1.313,0
9722,7.32,73.57,-0.403,-0.492,-2.227,0
9723,11.31,222.71,1.436,1.024,1.141,0
9724,14.81,210.42,-0.84,1.525,0.922,0
9725,14.8,28.7,1.974,-0.335,-0.129,0
9726,8.11,84.96,-0.467,-1.201,0.841,0
9727,9.32,124.2,0.56,0.656,-0.52,0
9728,0.44,122.24,-0.333,0.912,-0.729,0
9729,9.06,135.29,0.452,1.915,1.014,0
9730,13.0,25.35,-2.054,-1.205,1.062,0
9731,2.3,6.06,-0.279,1.163,-0.187,0
9732,13.96,61.34,0.511,1.356,2.948,0
9733,13.0,33.92,2.435,-1.374,-1.374,0
9734,15.72,8.58,-0.369,1.777,3.204,0
9735,13.75,115.9,-0.68,0.513,3.091,0
9736,3.47,10.74,-0.654,-1.849,-1.518,0
9737,10.88,62.81,-3.475,-0.163,2.365,0
9738,15.52,33.82,0.642,-1.604,-0.069,0
9739,11.65,292.39,-0.999,0.413,-0.512,0
9740,10.34,30.67,-1.908,-1.206,0.749,0
9741,4.19,88.83,-0.057,1.275,-0.846,0
9742,15.83,101.19,-1.962,-0.25,-1.377,0
9743,13.76,80.71,1.679,0.362,-0.779,0
9744,12.65,79.81,-1.306,-1.21,1.755,0
9745,19.9,29.39,-0.277,-2.357,-1.876,0
9746,14.54,105.6,-0.038,0.595,2.53,0
9747,6.67,22.47,-1.242,-0.661,1.541,0
9748,17.29,26.82,1.203,-0.793,1.541,0
9749,4.95,39.56,0.771,-1.648,0.614,0
9750,10.37,165.2,0.955,-1.773,-0.882,0
9751,17.21,40.44,-2.625,0.209,-0.592,0
9752,1.36,74.34,-1.207,0.369,0.855,0
9753,9.39,22.29,1.783,-0.451,0.02,0
9754,13.74,341.85,1.396,-1.241,-3.355,0
9755,14.27,50.02,0.439,-0.471,-1.378,0
9756,16.72,25.18,-0.782,-0.779,0.749,0
9757,2.28,7.57,-0.265,1.546,-0.261,0
9758,11.11,48.32,0.766,-0.789,0.311,0
9759,21.51,29.3,0.843,-0.328,0.432,0
9760,8.43,15.57,-1.431,1.527,-0.013,0
9761,13.77,33.35,1.553,2.188,-0.219,0
9762,17.75,36.67,-0.165,-1.48,0.271,0
9763,9.27,76.57,0.117,1.694,0.479,0
9764,17.63,82.46,0.168,-0.029,-2.172,0
9765,12.42,10.89,0.885,1.175,0.761,0
9766,11.8,15.67,1.026,-0.778,-1.146,0
9767,7.8,8.79,-2.517,1.715,-0.133,0
9768,11.49,468.95,-0.251,-0.438,-2.169,0
9769,6.1,21.16,1.071,-0.652,-1.782,0
9770,19.83,179.04,0.807,0.312,-1.74,0
9771,11.26,25.83,-3.334,0.985,-0.091,0
9772,10.35,52.56,0.306,-0.548,0.816,0
9773,4.77,62.05,-1.525,-2.397,-2.2,0
9774,6.77,12.09,2.361,1.64,-0.883,0
9775,19.75,47.63,0.293,1.679,-0.604,0
9776,18.0,112.82,-1.314,0.048,0.872,0
9777,8.8,12.45,-1.461,-1.493,3.158,0
9778,12.93,85.96,-1.687,0.133,-2.982,0
9779,18.07,105.53,-0.354,0.76,0.262,0
9780,11.17,13.23,-2.37,-1.479,-1.759,0
9781,11.46,93.35,1.505,-0.399,0.471,0
9782,8.57,82.14,0.815,-0.803,1.371,0
9783,4.91,26.49,0.15,-2.096,2.576,0
9784,11.57,10.72,1.367,-0.547,1.065,0
9785,21.13,134.03,-0.566,-0.571,-0.429,0
9786,17.45,68.41,1.414,-0.169,0.745,0
9787,13.95,3.47,0.695,-1.346,-0.408,0
9788,9.57,47.43,-2.9,-1.006,-0.029,0
9789,19.88,5.52,-3.628,0.365,0.605,0
9790,11.99,73.73,0.739,-0.137,-0.991,0
9791,1.55,272.86,-1.529,1.887,-0.812,0
9792,1.18,39.41,1.311,0.341,2.191,0
9793,20.6,85.38,-0.019,-0.679,1.77,0
9794,3.13,69.01,-1.303,-0.015,0.558,0
9795,3.7,57.15,0.322,-1.273,0.721,0
9796,15.51,20.16,0.897,-0.71,-1.798,0
9797,9.82,29.57,1.059,1.32,-1.359,0
9798,14.18,261.48,-0.325,-0.127,0.428,0
9799,9.28,113.38,-0.133,0.377,0.718,0
9800,11.61,585.25,0.618,0.355,-1.374,0
9801,20.35,8.96,0.633,-0.198,-0.732,0
9802,2.11,36.2,-1.477,0.601,2.601,0
9803,20.33,5.94,2.293,-1.283,-1.716,0
9804,12.59,106.24,-0.0,-1.055,-1.043,0
9805,19.07,363.44,-1.41,-0.413,-1.236,0
9806,15.22,215.55,-1.806,-2.028,-0.7,0
9807,18.42,17.8,1.065,0.148,1.356,0
9808,10.68,26.74,-0.46,0.824,-0.979,0
9809,14.75,58.67,-0.658,1.622,1.552,0
9810,4.83,13.19,0.157,1.485,1.093,0
9811,1.17,158.41,1.454,-0.136,3.821,0
9812,11.47,115.32,-0.105,0.919,-0.308,0
9813,15.04,15.16,0.957,2.218,-0.735,0
9814,16.15,84.37,0.072,0.968,-0.057,0
9815,20.29,46.83,3.206,0.574,-1.085,0
9816,1.58,200.72,0.445,-0.378,1.623,0
9817,15.16,32.91,0.086,0.824,-3.068,0
9818,15.86,94.93,1.042,0.795,-1.156,0
9819,13.77,89.76,2.815,0.411,-0.613,0
9820,0.76,99.51,1.538,-2.051,1.856,0
9821,18.59,41.0,-0.966,-1.237,-0.191,0
9822,1.42,76.92,1.339,-0.286,-1.899,0
9823,12.56,10.83,-0.344,-0.835,2.634,0
9824,16.35,41.97,2.224,-0.474,-1.736,0
9825,17.64,299.94,0.369,-0.42,1.52,0
9826,13.44,21.82,-1.082,-0.511,-1.501,0
9827,12.37,32.37,-0.007,-0.432,1.23,0
9828,6.85,31.9,-3.488,-2.154,0.767,0
9829,10.27,47.12,-0.827,1.183,0.279,0
9830,15.72,16.99,2.133,0.352,1.409,0
9831,12.1,12.91,2.528,0.829,2.305,0
9832,13.35,34.91,0.063,1.569,1.465,0
9833,16.64,100.48,1.745,-1.089,-0.657,0
9834,10.4,29.4,2.128,0.778,-1.536,0
9835,8.15,69.33,-1.147,1.16,0.078,0
9836,18.56,7.78,0.93,1.736,-0.739,0
9837,13.21,237.76,-0.646,0.101,-1.106,0
9838,21.46,56.46,0.657,-1.301,-0.668,0
9839,11.97,130.81,-0.713,0.481,-0.689,0
9840,9.78,485.43,-1.878,-1.464,0.252,0
9841,20.29,7.61,1.838,-0.834,-2.511,0
9842,14.45,11.32,0.04,-1.202,-1.999,0
9843,4.73,73.9,-0.012,0.533,-0.716,0
9844,1.35,54.94,1.952,0.232,-1.745,0
9845,15.91,11.95,-0.159,0.244,-0.261,0
9846,19.46,39.81,0.996,0.324,0.881,0
9847,10.8,12.19,-2.62,-1.787,-0.749,0
9848,13.75,61.73,1.094,-1.524,1.4,0
9849,10.17,89.13,0.941,-1.19,1.198,0
9850,9.17,8.87,-1.701,0.147,2.031,0
9851,4.71,61.13,-0.309,-1.661,-0.669,0
9852,13.72,4.21,2.315,-1.213,0.254,0
9853,5.1,150.03,0.649,-0.617,0.026,0
9854,13.78,28.4,1.541,-1.274,-0.174,0
9855,13.36,28.44,-1.688,0.781,2.15,0
9856,3.19,21.23,-0.1,0.023,0.97,0
9857,20.71,36.19,1.356,0.683,-0.345,0
9858,10.63,82.69,1.776,0.428,2.607,0
9859,20.96,59.86,0.637,0.565,0.603,0
9860,3.08,10.87,-2.171,0.743,-0.285,0
9861,3.56,98.37,-1.28,-0.271,-3.882,0
9862,15.47,769.38,-0.853,0.069,-0.227,0
9863,7.81,10.0,-0.608,-3.428,0.499,0
9864,15.68,48.37,-1.991,0.924,0.447,0
9865,6.52,30.7,-1.168,0.023,-1.976,0
9866,5.84,96.86,1.103,-0.31,0.49,0
9867,21.88,14.12,1.289,-0.074,2.765,0
9868,16.85,57.31,0.427,-0.432,1.282,0
9869,3.2,57.68,1.137,-1.944,0.608,0
9870,16.35,13.65,1.746,-1.389,-2.509,0
9871,6.86,19.51,0.99,-1.361,-1.571,0
9872,11.3,9.83,0.162,1.066,0.585,0
9873,18.14,236.08,-0.459,-0.463,0.291,0
9874,21.31,78.91,1.391,1.714,2.129,0
9875,4.8,293.98,-0.636,1.368,1.879,0
9876,8.35,131.77,-1.086,-0.823,1.277,0
9877,6.85,14.99,-0.868,-0.034,-0.247,0
9878,17.59,32.13,0.344,-0.024,1.007,0
9879,14.07,45.74,-0.818,-0.354,-0.637,0
9880,19.56,31.16,-0.118,1.463,-2.113,0
9881,19.01,861.24,3.641,-0.409,1.784,0
9882,10.69,46.97,0.749,0.854,-1.101,0
9883,12.9,26.63,-2.764,-0.737,2.056,0
9884,23.15,50.12,-0.485,1.587,0.417,0
9885,21.66,131.9,0.181,-1.095,2.606,0
9886,21.52,316.69,-1.012,0.476,0.081,0
9887,15.1,313.94,-0.793,0.902,1.023,0
9888,21.33,39.81,-1.043,-2.013,-0.085,0
9889,0.81,204.11,0.218,0.216,-0.427,0
9890,18.59,98.34,0.373,-0.363,0.352,0
9891,23.25,810.39,-0.325,-1.936,4.463,1
9892,18.19,98.41,0.791,0.238,-0.535,0
9893,10.43,33.13,-0.218,1.211,3.367,0
9894,18.99,10.38,-0.345,-0.011,-3.291,0
9895,7.31,13.38,1.447,0.555,-1.22,0
9896,9.91,337.22,3.428,2.224,0.534,0
9897,15.52,208.02,-0.445,0.948,1.121,0
9898,14.81,67.33,-0.017,0.921,-0.914,0
9899,16.89,104.45,3.238,-0.705,-0.444,0
9900,6.35,41.95,-1.202,0.28,-0.124,0
9901,13.35,132.49,-0.804,1.126,0.226,0
9902,10.22,91.41,-0.513,0.062,0.147,0
9903,19.63,15.07,0.492,-0.18,-0.732,0
9904,19.73,72.87,1.996,-0.102,-1.242,0
9905,15.8,100.85,-2.702,-0.745,-1.291,0
9906,9.48,35.41,0.806,2.524,-0.842,0
9907,14.11,128.66,0.299,-0.702,0.685,0
9908,10.38,8.59,-1.825,-0.092,-2.568,0
9909,13.97,2.43,-0.725,-0.188,1.934,0
9910,5.3,33.33,0.235,1.016,1.052,0
9911,16.3,7.85,-0.234,-1.125,-2.847,0
9912,9.12,57.57,0.797,1.153,2.264,0
9913,6.09,97.02,0.117,1.457,-2.853,0
9914,12.11,34.58,-1.548,0.329,-1.557,0
9915,14.78,107.09,0.21,1.093,0.489,0
9916,14.96,154.05,-0.831,1.882,2.131,0
9917,4.19,173.16,-1.364,-1.346,0.129,0
9918,18.52,8.92,0.684,0.351,1.167,0
9919,15.21,5.54,0.308,1.013,3.243,0
9920,20.39,144.55,1.348,-0.753,-0.795,0
9921,12.1,133.77,-0.602,-0.143,3.282,0
9922,23.22,355.26,-0.978,1.663,0.066,0
9923,12.69,73.26,2.243,0.475,0.534,0
9924,14.56,83.3,1.912,0.21,-0.103,0
9925,16.95,15.16,2.176,-0.331,0.262,0
9926,15.29,606.09,-0.643,-1.101,1.562,0
9927,20.15,87.23,-1.06,-1.014,-0.044,0
9928,3.39,44.21,-0.499,0.543,-0.476,0
9929,17.12,87.31,0.612,-0.662,-0.662,0
9930,9.24,34.56,0.057,0.189,-0.234,0
9931,15.21,150.66,-1.12,-1.457,0.778,0
9932,5.9,151.29,1.192,-0.1,2.531,0
9933,20.31,296.25,0.999,0.373,-0.543,0
9934,10.84,16.51,0.128,1.78,-0.846,0
9935,4.24,55.09,1.608,0.261,0.203,0
9936,11.57,60.28,-0.501,0.299,0.479,0
9937,19.99,121.14,0.077,-0.482,-0.296,0
9938,12.94,20.45,-2.525,-0.979,1.739,0
9939,9.48,125.41,-2.036,0.488,-2.199,0
9940,11.34,103.31,0.677,1.989,0.074,0
9941,14.51,15.61,0.235,-0.596,-1.444,0
9942,0.19,19.15,1.077,-0.575,0.493,0
9943,7.12,89.28,-1.36,-1.567,1.095,0
9944,2.88,813.5,1.039,-0.691,2.017,1
9945,8.29,3.44,0.624,1.609,0.623,0
9946,23.91,11.05,1.41,-0.405,2.356,0
9947,6.65,99.4,1.238,-1.134,3.004,0
9948,17.09,11.76,1.818,0.908,0.289,0
9949,14.7,92.45,-1.429,0.505,-0.494,0
9950,17.15,65.3,0.894,1.193,0.769,0
9951,6.16,79.04,0.29,-0.476,1.397,0
9952,18.06,66.33,-1.449,-1.776,-1.003,0
9953,16.21,44.45,0.429,0.013,-0.231,0
9954,7.21,8.8,-1.523,0.267,-1.254,0
9955,3.1,52.18,-1.363,-0.415,0.653,0
9956,20.19,21.12,1.118,1.637,-0.554,0
9957,16.54,57.23,-1.088,-0.467,0.381,0
9958,9.53,50.22,-0.032,-0.028,-0.003,0
9959,1.11,64.16,-1.604,-0.528,0.837,0
9960,8.36,122.2,-0.01,-1.135,2.176,0
9961,15.67,26.14,1.376,-0.318,-0.526,0
9962,2.77,106.86,0.631,0.217,-0.766,0
9963,11.25,30.85,-0.33,0.153,1.946,0
9964,21.64,36.01,1.438,2.275,3.469,0
9965,12.83,60.28,-0.377,1.413,1.15,0
9966,20.07,14.8,-1.005,1.788,-0.492,0
9967,17.78,149.73,0.969,1.174,-2.32,0
9968,17.24,17.83,-0.135,-0.816,1.29,0
9969,0.72,284.88,-0.878,-0.089,-0.397,0
9970,9.19,120.44,-0.814,0.272,0.421,0
9971,16.53,7.07,0.633,3.923,0.429,0
9972,20.52,237.93,0.17,-1.011,0.373,0
9973,18.86,34.61,-1.069,1.226,-0.864,0
9974,19.52,13.99,0.768,0.945,0.4,0
9975,5.74,37.36,0.309,-1.637,1.44,0
9976,8.55,22.08,-3.046,-1.127,-0.52,0
9977,15.97,34.07,0.208,1.661,1.514,0
9978,19.39,29.29,-3.188,-0.899,-0.433,0
9979,9.79,67.54,-0.39,-0.52,-2.631,0
9980,12.93,100.38,-1.99,-0.547,-2.974,0
9981,19.93,22.11,-0.058,-0.175,-0.477,0
9982,9.93,200.6,0.927,0.587,-1.631,0
9983,15.7,80.67,-1.307,-1.023,2.89,0
9984,9.01,153.48,0.274,-1.097,-1.115,0
9985,10.02,32.19,1.196,0.972,-0.395,0
9986,12.08,6.65,1.496,-1.389,-0.28,0
9987,6.84,36.23,-2.982,-0.87,-2.237,0
9988,19.62,339.64,0.033,-0.68,-2.637,0
9989,10.25,170.27,-0.666,-0.001,-0.35,0
9990,9.85,9.94,-2.164,-1.95,1.439,0
9991,8.71,23.42,-1.31,-0.994,-1.437,0
9992,17.71,35.05,-0.614,2.249,0.559,0
9993,10.57,29.94,0.173,1.155,-0.146,0
9994,16.46,38.23,-2.369,-0.385,-0.519,0
9995,16.92,4.65,2.617,0.329,0.143,0
9996,7.15,15.19,0.069,-0.045,-0.635,0
9997,13.6,82.5,0.248,0.248,0.1,0
9998,19.12,97.71,1.522,-0.905,-2.233,0
9999,16.36,24.89,-1.181,-0.733,-1.556,0
10000,6.6,161.96,0.652,-0.2,-2.574,0
10001,20.04,19.71,-1.184,-0.416,-0.862,0
10002,13.51,1048.82,1.275,0.263,0.897,0
10003,8.31,174.26,-1.714,-0.511,0.672,0
10004,20.24,33.91,-0.611,-1.5,-1.335,0
10005,9.21,35.27,-0.925,0.817,-2.393,0
10006,22.59,17.21,-0.132,-2.158,1.198,0
10007,13.12,17.34,-1.53,-0.116,-1.402,0
10008,14.31,45.3,-0.056,0.0,-1.477,0
10009,7.9,30.07,0.74,1.009,1.194,0
10010,8.18,206.16,0.232,1.256,0.591,0
10011,4.93,10.1,3.013,0.241,1.381,0
10012,19.6,324.73,0.643,0.033,-1.804,0
10013,11.81,34.4,-0.593,0.391,-1.466,0
10014,5.16,163.88,1.127,-0.017,-0.522,0
10015,8.28,12.28,-1.325,-0.372,0.636,0
10016,10.62,107.92,-0.507,-0.082,1.608,0
10017,18.36,59.32,-0.15,-0.954,0.43,0
10018,16.04,47.97,1.129,0.825,-1.498,0
10019,14.54,75.06,-0.827,-0.856,-1.109,0
10020,6.94,12.42,0.008,-0.642,-0.704,0
10021,13.62,361.89,0.424,1.905,0.738,0
10022,10.91,87.92,-1.222,1.025,1.652,0
10023,3.14,418.47,-0.719,-0.412,3.432,0
10024,8.73,39.82,-0.407,-0.434,-1.716,0
10025,2.21,49.52,0.913,1.155,-0.21,0
10026,16.68,232.97,-1.244,2.101,-0.114,0
10027,15.75,15.7,0.798,2.139,0.661,0
10028,19.9,32.6,0.904,-0.901,-2.415,0
10029,10.38,764.31,-1.175,1.559,-0.522,0
10030,8.94,8.12,-1.325,0.975,-0.605,0
10031,19.24,62.69,1.823,-1.667,0.86,0
10032,4.55,34.44,-0.742,-1.389,1.787,0
10033,11.61,68.76,-0.555,1.522,-2.967,0
10034,14.44,38.99,0.07,-0.751,-0.687,0
10035,16.45,155.07,-0.034,0.066,1.757,0
10036,6.36,62.99,-0.775,0.522,-1.808,0
10037,21.62,43.16,-1.138,-0.383,0.862,0
10038,21.94,219.88,0.927,0.704,-1.574,0
10039,17.89,80.44,1.201,-0.775,-0.136,0
10040,20.41,30.72,-2.304,-0.454,1.898,0
10041,12.53,59.24,1.86,-0.092,-0.28,0
10042,13.64,196.97,-0.029,-0.928,-0.525,0
10043,9.86,380.94,-1.452,1.697,2.434,0
10044,13.57,163.59,-1.158,-0.87,-1.698,0
10045,19.57,13.82,-2.183,0.544,-3.59,0
10046,18.06,67.21,2.228,-2.03,0.317,0
10047,11.88,109.94,-2.309,0.529,0.38,0
10048,3.18,28.93,-1.938,0.159,-1.743,0
10049,22.48,551.31,1.215,1.009,0.545,0
10050,2.76,28.59,-0.358,-0.594,-0.118,0
10051,12.56,40.87,0.111,2.096,1.502,0
10052,1.95,72.48,-0.459,0.185,0.263,0
10053,20.97,8.56,0.501,-0.456,1.458,0
10054,17.69,32.64,0.592,0.889,-2.253,0
10055,23.83,69.81,0.591,0.422,-4.344,0
10056,20.9,3.36,1.112,0.548,-2.57,0
10057,13.78,29.06,0.214,-0.267,-2.061,0
10058,19.93,71.96,-0.15,1.349,0.624,0
10059,6.33,170.53,2.206,1.618,-0.87,0
10060,16.97,20.18,-0.21,-0.405,-1.965,0
10061,7.53,69.16,-2.737,-3.365,0.656,0
10062,1.57,122.09,-0.872,1.429,-0.344,0
10063,17.37,88.79,-1.692,0.144,-0.507,0
10064,11.26,84.82,0.008,1.736,-2.061,0
10065,6.63,17.67,1.383,1.094,1.438,0
10066,17.69,86.57,-1.316,-0.311,1.468,0
10067,12.97,108.64,-0.255,0.032,-1.793,0
10068,14.11,200.5,-0.588,-1.189,-0.892,0
10069,8.81,17.34,0.125,-1.101,1.405,0
10070,20.26,51.65,-1.341,0.421,0.684,0
10071,16.87,23.33,-0.861,0.485,-1.323,0
10072,15.37,327.65,-0.305,-1.931,0.023,0
10073,18.97,92.45,-1.624,0.838,-1.57,0
10074,19.75,53.28,0.708,-0.243,-0.693,0
10075,16.16,166.03,-0.425,0.002,0.009,0
10076,14.76,380.12,0.27,0.228,1.183,0
10077,9.99,23.32,1.304,-0.243,0.876,0
10078,15.1,4.03,0.029,-0.671,1.053,0
10079,19.12,55.59,-0.202,-0.489,2.01,0
10080,15.19,67.49,0.16,-2.476,1.919,0
10081,16.93,234.63,-2.252,-0.772,2.086,0
10082,15.59,42.48,0.557,0.181,-3.292,0
10083,17.41,133.03,-0.945,0.424,2.555,0
10084,7.13,89.28,-2.009,1.059,-1.314,0
10085,18.97,48.13,1.843,-0.291,-2.13,0
10086,8.82,26.59,2.342,-0.752,-0.259,0
10087,13.66,15.24,-0.09,-1.659,-3.745,0
10088,1.59,35.37,0.055,0.762,0.394,0
10089,10.28,28.95,-1.493,1.409,0.706,0
10090,8.59,22.19,0.132,-2.032,0.541,0
10091,17.95,19.97,1.284,-0.079,0.864,0
10092,2.28,11.19,0.445,0.079,0.816,0
10093,4.97,24.91,0.552,-0.64,0.82,0
10094,14.36,33.02,0.168,1.369,-1.858,0
10095,13.11,33.42,0.32,-1.292,1.833,0
10096,9.97,101.73,0.169,-0.972,2.179,0
10097,19.41,81.51,1.184,1.629,1.691,0
10098,19.82,33.96,3.359,0.653,1.847,0
10099,12.85,23.67,-0.356,0.324,0.486,0
10100,0.71,35.21,0.972,0.193,0.417,0
10101,14.18,245.16,1.115,1.855,3.226,0
10102,17.62,74.52,1.304,0.556,0.341,0
10103,7.78,97.32,-1.103,-2.026,1.309,0
10104,9.06,10.93,0.868,0.329,0.979,0
10105,7.97,33.91,1.173,-0.06,0.974,0
10106,5.91,472.98,-2.132,0.698,-0.515,0
10107,13.02,6.17,-0.241,-0.036,-1.139,0
10108,14.85,173.89,3.195,0.072,-0.01,0
10109,13.41,29.59,-1.279,0.713,-2.1,0
10110,21.61,67.25,-0.974,-0.672,-2.281,0
10111,3.96,81.72,-2.561,0.622,0.033,0
10112,5.4,52.54,0.17,-0.874,1.141,0
10113,18.68,35.98,0.52,-0.31,0.413,0
10114,5.75,222.86,0.319,-1.333,-0.082,0
10115,8.4,414.91,-1.264,-0.399,2.4,0
10116,11.85,67.24,-1.502,2.447,2.453,0
10117,18.92,39.41,0.811,2.431,-1.597,0
10118,9.2,46.72,0.897,1.74,1.335,0
10119,6.85,4.81,1.804,2.892,-0.814,0
10120,0.36,3.49,-1.678,-2.806,0.594,0
10121,23.87,28.7,-1.037,1.698,1.213,0
10122,15.47,77.95,0.842,1.6,0.58,0
10123,6.7,25.18,-1.273,3.129,0.789,0
10124,17.41,26.76,1.674,-0.835,0.451,0
10125,21.22,90.6,2.477,-1.131,-0.478,0
10126,8.8,78.79,-0.247,0.703,-1.823,0
10127,11.78,745.04,0.344,0.456,0.075,0
10128,14.4,7.47,1.862,-0.606,0.666,0
10129,23.78,11.8,-1.566,1.025,1.765,0
10130,15.4,47.97,1.005,0.616,0.66,0
10131,16.67,40.61,-1.802,-0.646,0.476,0
10132,4.55,5.81,0.975,-0.909,1.145,0
10133,13.51,27.93,0.323,1.157,-1.543,0
10134,19.01,6.4,-0.024,0.448,-0.869,0
10135,18.04,93.52,0.716,0.328,-0.492,0
10136,8.32,553.65,-4.068,-1.699,2.079,0
10137,16.07,161.24,0.239,1.086,-0.801,0
10138,11.71,7.0,-0.659,-0.42,2.664,0
10139,16.58,21.35,1.265,-2.934,1.715,0
10140,21.58,33.22,0.243,0.292,1.234,0
10141,5.73,87.16,-1.914,1.534,-2.208,0
10142,9.95,124.72,-0.223,-1.399,-0.946,0
10143,22.77,49.35,1.891,-0.934,2.185,0
10144,14.28,122.23,-0.208,0.002,0.464,0
10145,9.01,6.09,-2.607,-1.194,0.578,0
10146,7.21,6.67,1.247,1.438,-0.599,0
10147,12.66,64.44,-1.636,-0.835,2.208,0
10148,13.84,35.78,-0.844,0.707,-0.307,0
10149,16.34,118.61,-0.021,-1.231,-3.407,0
10150,11.72,353.44,1.984,0.313,1.486,0
10151,16.82,36.96,-0.601,-0.26,-1.199,0
10152,0.27,67.28,2.017,0.627,0.775,0
10153,14.68,9.99,0.321,-1.34,-0.23,0
10154,12.91,8.77,0.086,0.257,1.579,0
10155,12.51,128.5,-0.444,0.618,0.204,0
10156,8.99,14.03,1.626,0.175,-3.54,0
10157,16.97,98.13,-2.32,0.632,0.59,0
10158,9.07,19.74,-0.068,0.338,3.636,0
10159,18.79,400.36,-2.192,0.279,-0.552,0
10160,5.1,33.79,0.069,0.753,-1.893,0
10161,4.57,28.95,0.705,1.729,0.359,0
10162,13.05,89.14,1.558,2.449,-0.775,0
10163,12.81,107.44,-0.633,1.291,0.834,0
10164,17.4,23.94,-1.958,1.396,0.322,0
10165,4.04,55.92,1.174,0.995,1.935,0
10166,14.6,90.01,0.2,-0.313,0.107,0
10167,17.41,35.81,-0.659,1.249,1.26,0
10168,7.38,133.64,1.3,0.278,2.554,0
10169,10.49,138.29,-1.669,-0.552,-0.169,0
10170,14.15,45.62,-0.328,-0.15,1.875,0
10171,8.38,79.59,-1.984,0.916,-0.133,0
10172,20.59,55.4,-1.567,-1.053,-0.529,0
10173,3.25,211.97,-0.164,1.171,0.154,0
10174,9.88,43.65,0.675,-3.049,-2.134,0
10175,13.03,17.22,0.847,-0.139,1.496,0
10176,6.68,20.44,0.782,0.191,0.951,0
10177,22.9,154.4,-0.605,0.882,-0.169,0
10178,5.6,79.15,1.151,-0.626,-0.404,0
10179,12.3,74.32,2.463,0.204,0.496,0
10180,20.26,169.91,-0.142,1.023,0.672,0
10181,20.59,213.43,0.604,-0.937,0.925,0
10182,23.31,32.17,0.959,-1.209,0.413,0
10183,12.52,43.31,-1.199,-0.459,0.896,0
10184,8.38,19.11,0.949,-1.629,-0.819,0
10185,17.78,194.63,1.506,0.03,1.878,0
10186,10.67,168.2,-0.629,0.978,-2.738,0
10187,20.56,473.23,0.846,-0.516,0.139,0
10188,1.27,11.04,0.918,0.21,1.18,0
10189,8.1,35.01,-0.612,-0.511,3.032,0
10190,7.97,63.71,2.83,-0.281,-0.287,0
10191,6.05,190.19,-0.276,-0.87,1.256,0
10192,23.37,29.57,-1.281,0.879,-2.701,0
10193,15.93,6.61,0.322,-1.897,-0.927,0
10194,23.76,232.19,-0.921,-0.375,-1.005,0
10195,15.5,8.44,-1.082,-0.808,-3.284,0
10196,10.85,73.2,-2.061,0.258,0.539,0
10197,16.59,68.39,0.038,-0.583,0.782,0
10198,18.64,46.63,-0.418,-0.077,-2.356,0
10199,23.93,141.97,-0.88,-0.609,-1.188,0
10200,16.53,23.65,-0.657,-0.886,-1.063,0
10201,18.04,506.55,-0.682,0.424,-0.458,0
10202,4.4,9.94,-1.597,-0.435,2.581,0
10203,14.06,11.51,2.962,0.761,0.407,0
10204,15.37,184.77,-0.427,-0.323,-1.326,0
10205,18.75,142.98,-0.281,1.167,-2.516,0
10206,13.68,57.83,0.266,-2.021,-1.483,0
10207,10.31,5.22,-0.386,0.545,0.152,0
10208,6.61,22.29,-0.07,0.04,1.251,0
10209,15.9,83.37,1.176,-0.697,2.095,0
10210,7.29,137.45,1.012,1.201,1.483,0
10211,11.4,3.04,-1.494,1.857,0.838,0
10212,16.39,34.16,1.292,-0.005,-0.155,0
10213,5.89,78.97,-2.877,-1.487,0.295,0
10214,18.31,19.27,0.975,0.947,-0.458,0
10215,0.99,24.09,1.367,-1.21,-1.268,0
10216,17.09,35.89,1.644,0.056,-1.767,0
10217,12.63,71.29,-2.895,0.892,1.553,0
10218,7.11,81.51,-2.361,-0.966,-1.403,0
10219,14.09,61.46,-1.99,0.27,1.25,0
10220,1.66,80.52,0.735,-1.323,-0.024,0
10221,17.98,55.29,1.331,0.85,0.082,0
10222,9.22,61.22,-0.39,0.891,-3.191,0
10223,11.29,67.16,0.732,-0.103,-0.355,0
10224,13.08,9.8,-2.502,-0.953,1.155,0
10225,13.98,45.99,3.034,-1.33,0.244,0
10226,22.37,2.19,0.351,0.081,0.706,0
10227,4.28,73.8,1.781,0.186,3.466,0
10228,20.0,16.46,-0.17,0.192,-1.473,0
10229,17.21,153.21,-1.036,0.45,-0.004,0
10230,17.37,43.94,0.078,-0.704,0.324,0
10231,5.83,5.91,1.736,-0.292,-0.057,0
10232,11.1,168.07,0.938,-0.26,-2.694,0
10233,20.2,166.54,0.148,-1.021,-1.625,0
10234,13.88,68.91,-1.161,0.775,0.558,0
10235,13.96,90.32,0.468,0.112,2.642,0
10236,0.05,133.24,1.263,-3.22,1.974,1
10237,12.12,110.86,0.019,-0.549,1.471,0
10238,7.69,140.71,-1.061,0.517,1.247,0
10239,14.72,40.29,0.276,-0.812,0.996,0
10240,12.41,20.61,0.293,0.066,1.131,0
10241,0.64,118.3,1.452,0.385,-1.47,0
10242,14.59,402.07,0.382,-0.979,0.465,0
10243,12.97,31.98,-1.26,-1.646,0.182,0
10244,13.95,5.16,-0.001,-0.01,-0.883,0
10245,18.22,3.69,-1.995,0.858,0.467,0
10246,16.16,29.13,0.21,1.028,0.8,0
10247,6.83,18.15,0.233,-2.677,0.204,0
10248,16.9,103.6,-0.624,2.717,-1.349,0
10249,12.85,51.86,-0.039,-0.154,-1.407,0
10250,11.27,15.86,-0.304,0.843,1.4,0
10251,13.49,16.61,-0.805,-1.133,1.199,0
10252,11.03,66.4,-0.281,1.728,-0.614,0
10253,17.62,40.55,0.08,-0.185,-1.309,0
10254,9.28,127.4,-1.167,-0.111,0.074,0
10255,17.05,26.08,-0.012,-0.384,-0.611,0
10256,22.41,43.13,-0.842,-0.478,-0.481,0
10257,13.12,195.99,-0.721,0.622,-0.076,0
10258,17.54,12.1,0.822,-0.32,-0.499,0
10259,22.99,18.09,-0.31,-0.634,1.603,0
10260,12.61,26.35,-0.207,-2.127,2.105,0
10261,11.28,128.48,0.231,-2.19,-0.395,0
10262,17.76,54.33,0.902,1.973,2.666,0
10263,5.51,18.35,-0.205,2.011,0.87,0
10264,11.0,34.47,2.026,-1.557,-1.485,0
10265,19.31,42.41,-0.649,0.353,0.635,0
10266,8.36,14.83,0.592,-0.918,-0.215,0
10267,17.49,26.25,0.595,0.361,-0.833,0
10268,20.49,21.65,0.336,-0.391,0.336,0
10269,18.92,43.69,-0.253,0.686,0.025,0
10270,11.66,19.64,-0.122,0.226,0.148,0
10271,21.52,76.09,1.146,0.601,-0.792,0
10272,7.13,125.57,-0.655,-0.508,-0.908,0
10273,13.79,14.72,-0.593,2.014,-1.519,0
10274,8.64,54.34,-0.082,1.064,-0.225,0
10275,10.62,122.15,1.868,0.373,1.876,0
10276,2.56,85.65,-0.641,0.879,-0.416,0
10277,1.39,47.72,2.399,-0.656,-1.555,0
10278,17.9,147.7,2.245,0.741,1.474,0
10279,7.36,152.5,-0.812,-0.084,-0.502,0
10280,13.19,34.51,-0.444,0.954,1.487,0
10281,8.34,17.46,-0.266,-1.442,1.316,0
10282,2.47,6.18,0.115,-0.588,-1.191,0
10283,7.36,35.07,-1.478,0.421,-0.479,0
10284,11.37,40.49,1.554,-0.402,-0.065,0
10285,8.3,86.34,3.962,-1.639,-1.461,0
10286,12.06,67.11,-0.102,-0.148,0.316,0
10287,3.9,34.61,-0.019,-2.662,2.978,0
10288,4.83,180.39,-0.037,1.36,3.311,0
10289,20.31,69.39,-0.04,-1.79,-0.025,0
10290,13.43,347.12,-0.844,-0.503,-0.74,0
10291,15.55,12.79,1.105,-0.321,1.625,0
10292,7.81,20.64,-0.995,0.222,1.222,0
10293,6.55,16.28,-0.506,0.782,-2.498,0
10294,23.82,78.14,-0.024,-0.582,-1.08,0
10295,20.11,23.97,-0.305,-2.219,2.814,0
10296,9.56,9.38,0.576,-0.984,3.14,0
10297,16.92,46.44,-0.3,-0.64,1.04,0
10298,14.33,23.59,-0.589,-1.121,-0.301,0
10299,11.29,8.58,0.883,-0.879,-0.569,0
10300,6.87,26.09,0.14,0.05,-1.728,0
10301,20.34,55.54,-0.415,-0.215,0.896,0
10302,13.72,13.18,0.741,0.042,0.36,0
10303,23.1,86.59,-0.873,1.345,0.979,0
10304,2.59,54.32,-0.329,-0.816,-0.974,0
10305,23.11,114.94,-0.426,-0.588,0.129,0
10306,7.13,32.14,-1.325,1.088,-0.39,0
10307,7.58,13.7,-1.283,-1.419,-0.072,0
10308,6.63,51.73,2.879,-1.029,-0.856,0
10309,22.96,127.15,1.406,-1.017,2.018,0
10310,9.87,46.75,1.758,-1.038,-1.039,0
10311,11.82,233.34,1.129,0.412,1.669,0
10312,2.46,62.41,1.563,0.25,-0.981,0
10313,9.3,17.5,0.771,0.395,-0.113,0
10314,2.42,138.1,-1.474,-0.812,0.19,0
10315,12.7,34.87,0.944,-0.576,-2.273,0
10316,21.58,116.09,-0.26,1.472,1.177,0
10317,15.98,61.0,-0.847,1.468,-1.228,0
10318,19.77,107.22,0.419,-0.134,0.709,0
10319,12.15,9.74,1.345,-1.68,-0.942,0
10320,8.36,17.55,0.485,-0.63,-0.335,0
10321,15.86,194.09,3.154,0.142,0.393,0
10322,6.21,7.47,-0.108,-0.248,-0.121,0
10323,13.56,59.85,-2.062,-1.614,0.395,0
10324,15.06,88.27,-0.186,0.466,-1.359,0
10325,18.5,42.22,0.959,-0.088,1.688,0
10326,16.08,47.07,1.493,-0.221,-0.716,0
10327,14.26,21.4,0.551,-0.031,0.354,0
10328,18.28,56.45,0.56,0.698,-0.113,0
10329,23.84,111.88,2.236,0.132,2.316,0
10330,9.61,36.8,0.681,-0.111,-1.664,0
10331,11.55,44.87,-0.044,-0.893,0.607,0
10332,5.67,28.64,0.14,0.363,0.074,0
10333,12.21,82.85,-2.023,1.498,0.697,0
10334,17.02,31.48,0.046,-0.086,-1.865,0
10335,16.34,8.72,-2.618,0.917,-0.77,0
10336,13.67,114.22,-1.456,-2.142,-0.659,0
10337,9.42,22.47,0.138,-0.82,2.264,0
10338,12.1,45.11,-1.135,2.472,1.697,0
10339,12.52,156.97,0.643,-0.238,-3.321,0
10340,14.05,29.52,0.603,-0.024,-1.686,0
10341,5.23,206.57,2.307,-0.336,0.425,0
10342,10.08,272.15,-0.648,-1.595,1.364,0
10343,11.83,112.13,-1.42,-0.613,-1.203,0
10344,14.74,172.83,1.499,-1.137,-0.402,0
10345,7.52,16.24,1.863,-0.847,0.97,0
10346,17.99,123.69,0.037,0.01,-0.881,0
10347,18.3,21.67,0.825,0.383,-0.447,0
10348,6.77,75.06,-0.628,-0.369,-2.41,0
10349,21.43,75.82,-0.848,1.571,-1.332,0
10350,10.46,43.53,0.334,-1.419,-1.905,0
10351,15.77,76.18,2.245,0.504,-0.382,0
10352,14.6,66.96,0.42,0.928,-1.432,0
10353,12.57,21.04,0.199,-0.21,-1.541,0
10354,8.45,27.02,0.177,-0.724,2.095,0
10355,6.26,197.84,1.368,-0.744,0.91,0
10356,4.9,160.34,-0.369,0.674,-0.478,0
10357,10.92,33.86,-1.596,-0.074,0.599,0
10358,10.79,182.82,1.718,-0.348,-2.166,0
10359,11.87,480.34,-0.13,-2.385,-0.208,0
10360,15.29,208.01,-0.301,1.88,-2.833,0
10361,9.96,332.37,-0.463,-1.521,0.386,0
10362,9.59,37.08,0.57,-1.276,-0.81,0
10363,22.45,30.44,-1.396,-0.764,-2.744,0
10364,19.52,49.93,2.185,0.828,0.336,0
10365,2.62,10.12,0.854,-0.403,1.368,0
10366,6.91,42.63,-0.045,-1.328,-1.779,0
10367,17.56,572.59,0.211,-0.561,-0.664,0
10368,10.37,20.01,0.309,0.645,1.315,0
10369,11.22,47.69,0.836,-1.2,-1.172,0
10370,9.27,40.01,-0.319,1.076,1.529,0
10371,1.75,161.34,-0.516,-0.584,1.561,0
10372,20.51,4.04,-0.761,-1.703,0.533,0
10373,21.49,149.12,-0.911,0.743,-1.402,0
10374,13.16,247.94,0.457,-2.314,0.228,0
10375,11.65,38.5,-0.431,2.349,-0.078,0
10376,11.78,40.38,-1.352,1.435,0.237,0
10377,4.85,13.13,1.326,0.54,0.033,0
10378,21.92,106.52,0.198,-1.765,-1.669,0
10379,18.43,42.38,-0.271,1.055,1.035,0
10380,5.38,17.29,-2.312,-1.327,-1.535,0
10381,1.44,190.18,-2.903,-0.399,1.869,0
10382,19.49,35.26,0.535,0.405,-2.178,0
10383,15.77,7.88,0.553,1.016,-0.167,0
10384,8.61,55.97,-1.091,-1.882,-2.439,0
10385,11.85,9.93,0.856,-0.037,-1.885,0
10386,12.82,34.07,0.682,0.742,-0.076,0
10387,0.12,14.72,1.047,-2.696,1.846,0
10388,9.3,43.34,0.976,-2.676,-3.073,0
10389,21.26,78.59,0.349,0.304,0.664,0
10390,14.94,12.15,-1.697,0.562,0.977,0
10391,17.11,34.67,-1.897,0.247,-1.152,0
10392,19.53,88.26,1.201,-0.326,0.088,0
10393,9.82,16.86,0.222,-0.056,-0.05,0
10394,17.61,54.93,0.914,1.291,1.777,0
10395,12.41,8.96,-1.523,0.756,-0.951,0
10396,17.46,353.76,-2.208,-0.714,-0.632,0
10397,15.13,15.03,0.852,-0.694,-1.803,0
10398,15.39,23.65,0.606,-1.68,0.038,0
10399,15.38,106.81,0.518,-0.756,0.818,0
10400,20.86,72.85,1.094,0.75,1.225,0
10401,14.51,32.73,-0.317,-0.148,1.973,0
10402,7.68,144.35,0.955,0.647,0.732,0
10403,14.28,22.38,-0.057,-1.9,-0.372,0
10404,1.75,31.7,1.804,1.169,0.858,0
10405,7.5,10.16,0.238,0.408,1.77,0
10406,12.2,27.22,-0.311,0.808,-0.236,0
10407,4.15,21.34,-0.752,-2.122,0.467,0
10408,9.81,28.41,-2.099,2.223,-0.387,0
10409,10.45,35.61,0.083,1.279,1.213,0
10410,0.54,42.61,-1.629,0.254,-0.094,0
10411,12.77,35.69,0.439,0.38,2.22,0
10412,6.92,96.54,2.611,-1.954,-0.494,0
10413,6.86,638.85,-1.58,-0.489,-0.574,0
10414,16.32,87.18,-0.641,-2.026,0.338,0
10415,13.98,130.83,-0.502,1.494,0.661,0
10416,20.9,12.69,-1.548,-0.431,-1.823,0
10417,13.34,5.6,2.236,-0.002,1.8,0
10418,9.68,77.59,1.236,-1.078,1.854,0
10419,20.73,87.89,-1.216,2.22,1.045,0
10420,21.62,116.4,-0.939,0.893,-1.25,0
10421,18.19,26.68,-0.579,-0.59,-0.739,0
10422,1.04,66.59,0.023,0.309,-3.091,0
10423,8.15,291.1,0.208,0.463,0.013,0
10424,3.06,274.21,-0.077,0.623,-0.378,0
10425,5.24,84.31,0.136,-0.445,-0.104,0
10426,21.49,49.21,0.923,-1.835,-1.031,0
10427,19.0,17.41,0.439,-1.051,-0.046,0
10428,14.49,113.67,0.249,-1.033,-0.401,0
10429,14.69,132.78,-0.064,0.001,2.859,0
10430,7.73,245.03,-1.093,-1.429,-0.892,0
10431,14.5,4.7,1.045,-0.397,4.319,0
10432,19.72,33.21,0.506,0.6,0.244,0
10433,21.25,122.61,-1.474,-0.686,0.572,0
10434,16.42,34.33,-1.66,-1.228,0.238,0
10435,13.04,29.45,-1.109,0.954,0.28,0
10436,18.17,245.32,0.267,0.234,-0.981,0
10437,22.86,247.21,-1.529,0.365,1.377,0
10438,10.48,33.11,0.672,-0.345,0.761,0
10439,10.02,11.43,1.861,0.49,2.816,0
10440,13.22,79.91,0.662,-0.931,1.256,0
10441,16.9,12.81,-0.057,0.226,-0.017,0
10442,7.08,92.8,-2.428,-0.65,-0.624,0
10443,11.35,65.64,1.786,0.317,-0.275,0
10444,12.63,15.25,-0.476,0.416,0.549,0
10445,21.09,12.57,1.124,-0.823,-0.08,0
10446,15.84,101.73,2.626,-0.121,-0.606,0
10447,20.68,79.42,0.218,-0.774,-2.73,0
10448,8.03,34.46,-2.019,-0.911,1.552,0
10449,15.3,183.81,-2.468,-0.533,-2.063,0
10450,22.16,9.31,-0.134,0.451,2.208,0
10451,17.41,214.94,0.209,-0.23,0.932,0
10452,17.92,68.16,0.069,-1.126,0.775,0
10453,14.38,83.06,1.492,-0.955,-0.647,0
10454,20.81,36.38,-1.033,-1.046,-0.596,0
10455,19.97,37.15,-0.405,0.027,0.817,0
10456,20.22,181.72,-0.564,-1.424,-0.2,0
10457,22.39,16.95,0.695,-1.474,1.036,0
10458,14.07,50.59,-1.297,0.675,-0.538,0
10459,13.81,30.62,-3.011,-3.387,-0.248,0
10460,19.01,55.99,-0.035,-1.593,0.521,0
10461,6.22,49.2,-1.924,-1.305,-1.27,0
10462,18.36,86.94,-1.16,0.714,-0.342,0
10463,19.83,103.12,0.256,-0.036,0.705,0
10464,8.49,16.98,0.436,-1.415,-1.044,0
10465,6.98,28.04,-0.152,0.098,1.095,0
10466,16.26,64.9,-0.294,0.879,-1.574,0
10467,21.36,159.18,2.208,-1.453,-0.197,1
10468,16.5,86.68,0.149,-1.15,0.86,0
10469,16.46,107.71,0.64,0.582,-0.131,0
10470,20.2,73.89,0.51,0.649,0.963,0
10471,0.66,94.08,0.337,0.706,-0.48,0
10472,13.22,48.63,-0.076,1.438,0.348,0
10473,16.82,20.72,-1.19,-1.828,-0.712,0
10474,13.77,101.04,2.879,0.958,-1.044,0
10475,10.98,25.6,-1.888,-0.287,-1.236,0
10476,16.98,155.33,-0.285,-2.064,-2.422,0
10477,9.31,92.82,-0.439,0.156,-2.085,0
10478,16.93,150.36,-0.175,-2.247,-2.02,0
10479,19.07,41.01,-0.382,0.298,-0.92,0
10480,19.21,39.52,-0.155,-0.849,2.099,0
10481,11.61,4.44,-1.154,1.577,-0.966,0
10482,8.49,16.77,-1.541,-1.263,-1.276,0
10483,17.16,18.62,-1.582,-0.129,-0.107,0
10484,2.15,125.69,-2.235,-0.552,-1.508,0
10485,12.52,40.24,-0.022,-1.012,0.255,0
10486,15.71,249.42,-0.27,-0.835,-0.775,0
10487,15.08,18.21,-2.163,-1.063,-2.537,0
10488,20.94,9.29,0.406,0.293,0.553,0
10489,13.69,200.98,-0.193,0.86,0.521,0
10490,17.8,9.87,-0.211,1.706,0.225,0
10491,19.23,13.26,-0.589,-2.465,0.668,0
10492,16.36,9.11,-0.71,0.097,2.108,0
10493,12.15,398.37,1.774,0.151,1.938,0
10494,10.21,39.68,0.647,0.146,2.033,0
10495,20.74,31.64,-1.291,0.371,0.929,0
10496,0.96,15.88,0.079,0.551,-0.791,0
10497,6.76,109.11,0.778,-0.974,1.313,0
10498,17.76,20.61,0.875,-0.902,-1.882,0
10499,12.43,65.95,0.927,-0.502,-1.509,0
10500,12.58,659.05,-0.734,0.885,1.64,0
10501,11.95,16.75,-0.862,-1.25,0.884,0
10502,15.28,39.88,-1.064,0.037,-0.67,0
10503,7.29,26.75,1.234,0.213,-1.152,0
10504,21.59,19.39,0.892,0.64,1.293,0
10505,9.57,22.01,-1.082,-0.207,0.662,0
10506,5.71,143.37,-2.769,1.1,-0.328,0
10507,19.95,81.07,-0.293,-0.348,2.758,0
10508,20.01,76.27,-0.402,-0.828,1.498,0
10509,15.08,36.84,1.673,2.194,-0.78,0
10510,16.89,170.51,-0.663,-3.034,-1.561,0
10511,8.5,26.07,-0.496,-0.252,1.513,0
10512,15.52,573.59,0.16,1.292,0.016,0
10513,19.74,58.05,-0.373,-0.699,-1.127,0
10514,22.04,482.17,1.469,0.737,0.045,0
10515,16.96,15.67,-0.893,0.07,1.114,0
10516,13.98,14.0,-1.15,1.638,-0.512,0
10517,19.53,81.85,-1.208,0.945,0.227,0
10518,20.83,7.58,0.071,-0.07,2.144,0
10519,21.55,18.95,2.413,-0.222,-0.81,0
10520,14.34,44.89,0.365,-0.647,0.16,0
10521,12.07,13.11,-1.003,0.905,0.542,0
10522,20.79,110.33,3.094,3.328,0.868,0
10523,8.56,303.05,0.297,0.793,-1.752,0
10524,20.98,230.99,2.155,1.004,-1.929,0
10525,3.99,31.64,1.364,1.038,-1.343,0
10526,20.44,22.2,-0.745,0.019,-2.284,0
10527,16.42,119.7,-0.188,2.567,-0.68,0
10528,14.15,39.75,0.142,-0.828,2.873,0
10529,0.36,132.15,1.544,0.255,1.855,0
10530,5.18,21.67,-1.066,1.922,1.127,0
10531,9.84,73.44,0.449,0.166,-1.595,0
10532,4.18,5.72,-0.197,-0.328,-2.635,0
10533,10.34,301.78,-0.112,-2.226,-0.575,0
10534,5.39,74.29,-0.619,0.503,3.117,0
10535,15.14,148.19,0.754,0.062,1.674,0
10536,14.56,50.73,-0.124,-1.201,1.81,0
10537,11.62,156.13,1.815,1.454,-0.249,0
10538,18.34,71.17,0.115,-3.147,-1.685,0
10539,8.85,33.68,-0.119,-0.489,-1.477,0
10540,7.35,92.0,-0.225,-1.192,-1.578,0
10541,15.56,82.53,-0.892,1.041,-1.133,0
10542,21.46,57.0,1.334,2.934,-0.923,0
10543,14.41,94.71,1.218,0.719,0.352,0
10544,17.6,37.81,-1.505,0.902,-3.672,0
10545,15.79,77.66,-0.451,-1.094,0.362,0
10546,16.61,32.73,-1.802,-0.8,0.595,0
10547,11.7,5.99,0.535,-0.026,-1.844,0
10548,9.05,20.37,-1.001,-1.952,0.719,0
10549,6.35,21.98,2.59,-1.049,1.541,0
10550,0.08,16.14,1.173,-0.144,-2.583,0
10551,19.72,7.84,-0.421,-0.185,0.023,0
10552,11.81,491.42,-0.133,-0.407,1.702,0
10553,12.63,8.27,0.868,-1.54,1.223,0
10554,20.69,14.03,-0.076,-0.581,0.899,0
10555,19.85,49.9,-0.996,0.75,0.2,0
10556,6.12,16.06,-1.069,-1.108,1.844,0
10557,17.98,12.17,-0.996,0.659,0.286,0
10558,15.46,73.54,-0.538,0.018,-1.808,0
10559,22.31,75.65,-0.895,-0.941,1.308,0
10560,2.58,32.49,-0.753,-1.347,0.725,0
10561,14.06,54.61,0.361,-3.146,-0.84,0
10562,15.32,35.15,-0.218,0.556,-1.677,0
10563,16.15,150.07,0.847,-0.378,-3.371,0
10564,16.56,67.88,3.215,-0.456,-0.854,0
10565,21.72,35.24,-0.835,0.649,1.423,0
10566,10.32,26.52,0.067,-0.137,-0.743,0
10567,13.72,78.57,0.461,-0.283,-0.962,0
10568,7.82,64.83,1.27,0.746,-0.56,0
10569,15.68,15.78,0.69,-1.933,0.155,0
10570,11.7,15.08,1.925,-1.169,-0.062,0
10571,15.58,64.29,1.869,0.32,-0.411,0
10572,16.31,12.27,-0.738,1.064,-1.531,0
10573,16.37,27.48,0.924,1.445,-0.415,0
10574,12.61,119.65,-0.466,0.489,-2.924,0
10575,16.3,59.4,0.763,2.437,-0.099,0
10576,20.49,66.36,-0.728,-1.395,-0.707,0
10577,0.51,56.16,-0.382,0.603,0.318,0
10578,6.73,653.06,2.443,-0.317,1.49,0
10579,23.43,81.87,2.314,0.688,2.396,0
10580,4.93,22.45,0.919,0.527,-1.046,0
10581,23.25,60.82,-0.484,0.93,0.019,0
10582,5.95,33.03,2.37,0.168,0.388,0
10583,14.25,28.0,0.609,-3.4,-1.813,0
10584,5.86,61.46,-2.488,0.17,-0.16,0
10585,3.06,24.07,1.923,-1.27,0.699,0
10586,20.55,83.48,0.845,-0.802,-0.049,0
10587,3.99,12.3,0.947,-0.023,2.081,0
10588,8.24,70.17,-1.143,-2.085,0.589,0
10589,8.72,112.2,-4.002,2.278,3.112,0
10590,15.54,164.54,-2.063,1.153,-0.566,0
10591,20.98,15.76,-1.386,-0.212,0.336,0
10592,23.8,76.68,0.521,-0.067,2.575,0
10593,14.21,32.21,-0.672,-1.329,-0.897,0
10594,1.81,18.6,1.166,-1.127,-1.007,0
10595,21.86,64.88,0.329,0.009,1.779,0
10596,10.96,192.84,-2.72,-0.788,1.024,0
10597,20.0,29.81,-0.201,-0.664,0.245,0
10598,20.78,150.86,0.111,-0.951,1.144,0
10599,7.31,108.55,1.521,-0.394,-0.376,0
10600,6.67,79.0,-0.709,-0.04,0.753,0
10601,11.22,10.99,-0.985,-1.632,-2.283,0
10602,10.14,58.01,-1.225,1.262,-0.359,0
10603,14.43,179.33,0.141,1.41,0.866,0
10604,10.87,118.44,3.222,-0.817,0.13,0
10605,7.76,20.38,-1.366,1.219,0.017,0
10606,13.62,53.92,-0.58,-0.519,-2.162,0
10607,4.59,5.17,0.918,1.783,1.88,0
10608,17.91,29.08,0.089,-0.639,-0.458,0
10609,19.56,178.98,-1.407,-1.331,-0.569,0
10610,23.51,59.29,-1.188,-0.645,-1.591,0
10611,14.48,162.61,-0.621,0.442,1.691,0
10612,10.68,610.58,-1.772,-0.739,-2.424,0
10613,5.7,149.82,-0.757,0.038,0.013,0
10614,13.7,61.5,0.329,-0.497,-1.28,0
10615,16.3,20.74,1.109,-0.308,-0.07,0
10616,8.71,20.36,0.918,-0.786,-0.982,0
10617,2.31,43.3,1.434,0.157,0.659,0
10618,21.55,47.46,-1.395,1.449,0.639,0
10619,8.09,28.54,0.993,1.11,-0.015,0
10620,9.84,19.6,-0.397,-1.549,-0.739,0
10621,1.69,17.41,-3.609,-1.238,-0.535,0
10622,0.18,32.39,-1.116,-0.36,0.792,0
10623,10.82,63.68,0.855,-1.444,-0.201,0
10624,16.8,37.0,0.272,-2.935,-1.344,0
10625,10.16,29.77,-0.918,1.317,1.888,0
10626,19.96,22.41,-0.257,-1.283,-0.826,0
10627,18.52,120.41,-2.64,-1.398,2.136,0
10628,7.84,58.72,-1.686,-0.287,-0.673,0
10629,18.39,41.02,-0.073,0.647,-1.251,0
10630,22.64,24.62,-0.093,0.62,0.789,0
10631,19.1,21.06,-1.616,-0.449,-1.099,0
10632,0.61,71.84,-0.03,0.295,1.407,0
10633,12.95,179.88,-0.214,0.984,-0.427,0
10634,18.02,399.19,0.785,0.24,-0.128,0
10635,21.18,59.99,-1.091,-0.527,-0.71,0
10636,17.95,116.62,1.978,-1.45,3.431,0
10637,1.49,46.74,0.361,1.723,1.792,0
10638,17.17,18.07,-0.953,-0.788,2.208,0
10639,2.79,112.14,0.761,0.697,-1.903,0
10640,14.73,7.62,0.283,-1.456,1.592,0
10641,16.95,53.08,-0.107,0.944,0.722,0
10642,5.27,67.18,0.971,-0.355,1.96,0
10643,4.31,22.66,-1.047,1.102,-1.779,0
10644,3.94,346.69,0.837,1.022,-0.343,0
10645,5.43,10.92,1.357,-0.541,-0.962,0
10646,15.72,43.2,-0.891,0.847,1.44,0
10647,16.31,59.53,-0.734,0.425,0.581,0
10648,15.12,109.48,-0.818,-3.028,0.995,0
10649,22.56,40.51,-0.441,-1.958,-0.535,0
10650,18.25,32.43,-0.386,0.13,-1.026,0
10651,11.93,15.61,-0.014,1.664,2.13,0
10652,12.93,6.81,0.731,0.028,-2.659,0
10653,13.68,79.14,-0.199,-0.384,-1.811,0
10654,21.07,58.27,1.925,1.276,-0.719,0
10655,10.52,31.12,-0.569,-1.607,-0.213,0
10656,6.21,36.21,1.51,0.684,1.618,0
10657,15.14,93.6,-0.89,0.99,-0.854,0
10658,12.39,7.33,-1.325,-0.525,-1.633,0
10659,14.75,92.43,1.619,-1.506,-1.427,0
10660,4.01,50.52,-1.359,-0.852,-1.604,0
10661,16.42,239.52,1.098,0.155,0.512,0
10662,16.9,21.37,-1.138,0.343,-1.431,0
10663,22.15,145.56,-1.666,-0.169,1.623,0
10664,11.62,465.14,0.886,1.48,-0.949,0
10665,10.82,147.35,2.396,2.75,0.444,0
10666,10.9,37.57,-0.141,1.002,-1.494,0
10667,2.8,145.24,-0.162,2.353,-0.417,0
10668,16.98,4.01,-0.835,0.349,0.678,0
10669,10.22,129.19,-1.006,0.159,0.199,0
10670,10.61,50.39,1.738,0.751,2.279,0
10671,11.36,15.7,0.406,0.944,-0.358,0
10672,16.14,63.15,-1.483,-1.017,-1.729,0
10673,19.5,25.61,1.123,-0.201,0.76,0
10674,8.12,49.09,-2.021,0.464,0.572,0
10675,13.47,116.15,-2.186,-0.358,0.856,0
10676,16.79,8.32,-1.299,-1.345,-0.087,0
10677,11.79,10.26,0.178,1.093,1.128,0
10678,10.0,25.62,-0.97,1.488,-3.276,0
10679,9.42,30.85,-0.88,0.539,0.388,0
10680,22.09,12.63,1.36,-0.972,0.009,0
10681,6.27,204.98,-0.101,-1.905,-0.302,0
10682,18.44,64.95,-1.383,3.091,-0.645,0
10683,12.72,188.45,-2.005,-0.066,-0.865,0
10684,20.73,22.16,-1.905,2.206,2.891,0
10685,15.28,68.44,-2.749,-0.202,-2.2,0
10686,5.88,35.48,1.687,2.055,-0.346,0
10687,3.69,13.56,-1.254,-0.8,1.363,0
10688,7.2,54.33,0.89,-0.534,0.148,0
10689,18.13,70.59,-0.206,-0.079,-0.893,0
10690,16.62,113.77,0.836,1.152,-1.493,0
10691,19.34,145.92,0.855,0.973,0.769,0
10692,13.38,31.45,1.412,1.266,0.731,0
10693,15.36,255.25,0.22,-0.376,-2.042,0
10694,1.47,12.63,0.186,2.247,-2.323,0
10695,18.11,29.29,0.133,1.544,-0.886,0
10696,10.53,62.05,0.124,0.699,1.192,0
10697,8.49,52.07,-2.464,2.2,3.335,0
10698,7.02,34.2,-1.903,0.273,1.261,0
10699,10.28,18.72,-0.094,-0.205,-0.748,0
10700,0.45,15.69,0.893,0.624,1.271,0
10701,14.71,81.1,0.099,-0.413,-1.245,0
10702,14.49,163.0,-1.056,0.245,1.129,0
10703,21.12,131.04,0.292,0.879,0.389,0
10704,23.78,88.86,0.387,-0.324,-1.855,0
10705,13.27,591.76,-0.071,-0.864,1.325,0
10706,10.36,40.07,-1.277,-2.134,1.543,0
10707,13.28,23.71,0.683,-2.095,-1.042,0
10708,21.58,93.18,0.968,1.198,0.913,0
10709,23.06,4.95,-1.557,1.589,-2.177,0
10710,22.32,59.62,-4.169,0.001,0.583,0
10711,22.56,70.01,0.794,0.215,-1.092,0
10712,9.25,4.78,0.923,2.464,-1.23,0
10713,15.36,140.28,0.586,0.432,-0.307,0
10714,5.65,143.08,0.03,0.588,1.122,0
10715,19.07,225.24,0.176,0.997,3.285,0
10716,20.38,16.56,0.027,-1.458,-1.254,0
10717,13.99,19.07,-1.97,1.026,-0.192,0
10718,0.74,471.37,1.183,-1.263,0.86,0
10719,10.52,149.04,-1.644,0.478,-0.885,0
10720,19.22,43.59,-0.849,1.03,2.493,0
10721,15.04,147.09,0.097,-0.1,1.214,0
10722,12.02,126.04,0.778,-1.113,0.946,0
10723,12.58,1.58,-1.743,1.543,0.29,0
10724,10.01,161.53,-0.107,0.812,1.598,0
10725,15.69,44.66,1.474,-0.027,0.397,0
10726,3.68,6.63,1.507,0.311,1.27,0
10727,21.9,21.04,0.262,-0.023,-1.235,0
10728,10.18,100.26,0.3,-1.183,0.31,0
10729,17.4,246.07,-1.732,0.932,-1.184,0
10730,15.98,83.43,0.66,0.183,-0.804,0
10731,18.19,245.13,-0.904,-1.417,-3.181,0
10732,16.41,17.02,-1.48,1.786,0.552,0
10733,21.08,382.52,-1.019,-1.387,-0.414,0
10734,17.0,11.89,1.302,-0.177,0.618,0
10735,7.42,36.22,-0.192,-0.606,1.797,0
10736,16.45,9.34,-0.002,-0.567,-3.544,0
10737,19.45,8.11,0.395,-0.859,-0.841,0
10738,15.92,5.99,-1.215,0.367,-0.519,0
10739,15.65,86.58,1.703,0.666,-0.463,0
10740,11.33,64.52,-0.331,-1.747,0.836,0
10741,9.83,84.02,-1.214,-0.521,-0.471,0
10742,18.23,210.55,0.691,-1.465,0.29,0
10743,19.59,111.98,2.945,0.25,-0.588,0
10744,13.92,21.07,0.99,0.604,-1.318,0
10745,17.53,51.67,-0.049,0.651,-0.36,0
10746,4.75,11.09,-0.511,0.514,-0.633,0
10747,4.0,27.59,-1.217,-1.101,-0.81,0
10748,2.2,81.99,-1.134,0.199,2.518,0
10749,9.58,74.88,0.74,-1.246,0.05,0
10750,20.41,28.61,1.593,-0.463,2.023,0
10751,13.03,36.33,0.376,-0.682,1.081,0
10752,13.63,29.42,0.177,0.846,0.756,0
10753,13.51,11.72,1.198,-1.894,-0.544,0
10754,14.66,59.77,-0.896,-1.035,-0.497,0
10755,0.02,40.13,-1.198,1.232,-0.015,0
10756,9.18,41.86,0.394,0.929,0.161,0
10757,9.97,153.01,-1.02,0.128,-0.275,0
10758,17.68,46.01,-0.158,1.242,-2.309,0
10759,17.84,30.1,-0.314,-0.219,0.567,0
10760,3.9,18.73,1.72,1.406,-1.66,0
10761,10.27,56.09,2.359,0.146,0.118,0
10762,22.49,70.52,-0.053,-1.025,1.435,0
10763,16.8,69.1,1.12,-0.873,1.299,0
10764,0.04,14.27,1.179,-0.775,-0.631,0
10765,17.64,58.99,-1.595,-1.316,-1.411,0
10766,15.81,19.09,-0.889,-0.953,-0.474,0
10767,9.21,163.71,0.808,-0.424,-2.062,0
10768,16.45,40.6,0.699,1.805,-1.914,0
10769,17.55,2.32,-0.038,-2.183,2.987,0
10770,14.53,12.39,-2.735,0.293,0.639,0
10771,3.03,35.62,-0.135,0.783,-3.165,0
10772,11.88,68.57,1.671,0.67,0.145,0
10773,13.06,36.19,-2.115,0.717,0.059,0
10774,20.18,11.08,-2.244,-0.646,-0.723,0
10775,19.41,42.04,-0.434,0.966,-0.474,0
10776,22.81,28.07,0.136,0.707,0.376,0
10777,7.32,13.35,-1.0,-1.565,-1.724,0
10778,19.97,191.19,-0.282,0.064,0.152,0
10779,8.21,86.0,0.495,-2.804,2.89,0
10780,12.5,90.14,-2.533,0.157,0.557,0
10781,22.22,60.2,2.499,1.878,3.276,0
10782,6.58,113.65,-0.093,1.384,0.536,0
10783,12.57,1.55,-0.969,0.619,-1.533,0
10784,3.43,11.38,-1.05,1.314,3.209,0
10785,5.37,47.95,-0.333,1.182,-2.806,0
10786,2.64,3.06,0.76,-1.735,-1.649,0
10787,8.21,6.43,3.031,-0.952,0.905,0
10788,5.61,8.7,1.256,1.316,0.07,0
10789,23.57,50.88,-0.091,-0.6,-0.859,0
10790,5.51,32.08,1.502,0.743,0.734,0
10791,13.55,60.69,-1.356,-1.27,-0.789,0
10792,10.14,108.16,-2.213,0.367,1.952,0
10793,12.42,79.08,-1.293,-0.36,0.433,0
10794,17.45,22.19,-1.472,-1.674,-1.531,0
10795,12.23,117.57,1.247,0.033,-0.968,0
10796,18.63,12.95,-0.095,-0.076,0.452,0
10797,21.75,34.82,-1.501,0.89,1.799,0
10798,13.17,80.51,-1.547,-2.105,-0.884,0
10799,15.93,33.87,-0.627,-2.752,0.185,0
10800,15.21,22.1,-0.03,0.632,-0.408,0
10801,19.25,23.93,-0.009,1.295,-3.409,0
10802,15.45,27.27,-2.188,0.476,-2.515,0
10803,10.32,124.25,-0.037,-2.527,0.343,0
10804,13.61,37.77,-0.575,-2.608,2.343,0
10805,16.79,131.67,0.153,-0.178,2.316,0
10806,15.27,83.08,0.287,-0.806,0.127,0
10807,12.95,37.28,-0.762,0.001,0.247,0
10808,11.67,463.44,0.706,-0.346,2.477,0
10809,8.41,10.76,-1.551,-0.686,1.904,0
10810,11.77,26.41,2.189,-2.361,-0.947,0
10811,13.75,66.51,0.352,-0.262,0.775,0
10812,14.09,88.87,0.528,1.315,0.46,0
10813,22.6,64.27,-0.189,0.445,-0.333,0
10814,21.58,147.54,-0.068,-0.41,2.487,0
10815,9.4,301.18,-0.512,0.561,0.431,0
10816,17.86,62.59,1.405,0.608,2.174,0
10817,11.79,48.93,0.404,0.305,-1.017,0
10818,9.41,47.85,1.946,-1.578,0.939,0
10819,15.46,79.43,-0.04,0.109,-0.629,0
10820,11.52,19.89,1.308,-1.017,-1.873,0
10821,23.44,29.7,2.673,1.538,-1.24,0
10822,6.33,137.73,-0.021,0.924,0.034,0
10823,20.14,257.93,-0.65,-0.311,-0.828,0
10824,1.92,74.3,-1.113,-0.762,-1.257,0
10825,17.13,40.7,-0.5,0.537,0.903,0
10826,21.87,93.87,0.046,0.211,-0.785,0
10827,21.1,598.78,2.173,0.796,-1.086,0
10828,15.74,24.48,-0.01,-0.922,2.333,0
10829,3.3,64.28,-2.997,-0.214,-0.382,0
10830,14.74,61.79,-0.428,0.593,1.437,0
10831,6.16,19.38,1.682,0.558,-1.796,0
10832,11.15,28.59,-0.718,-0.366,-0.561,0
10833,9.64,29.51,-0.833,0.038,-2.798,0
10834,18.57,78.28,0.371,-3.013,0.978,0
10835,14.26,9.69,-1.315,0.269,0.306,0
10836,14.36,16.3,0.846,0.648,-1.192,0
10837,21.65,69.42,-0.039,-3.338,-0.001,0
10838,22.35,939.24,0.762,1.709,1.3,0
10839,13.42,69.9,-0.585,0.689,0.494,0
10840,14.54,18.08,0.407,-2.558,-1.194,0
10841,21.92,12.91,0.233,-0.814,0.098,0
10842,8.75,227.76,1.322,-2.072,0.568,0
10843,2.45,279.53,1.037,-0.449,-1.508,0
10844,17.92,32.2,-0.081,-1.646,4.175,0
10845,20.0,18.58,-1.63,-1.074,-0.209,0
10846,11.35,57.75,0.724,0.86,2.363,0
10847,22.65,29.04,-0.017,-0.963,0.853,0
10848,5.97,28.86,-1.098,-2.186,0.075,0
10849,13.03,4.61,0.428,0.056,1.02,0
10850,12.7,17.04,0.749,0.961,1.298,0
10851,14.9,15.19,-1.566,-1.317,-1.084,0
10852,11.61,752.27,0.467,-1.418,-0.082,0
10853,9.76,160.81,1.832,-0.212,0.977,0
10854,9.18,126.71,1.093,-0.27,0.473,0
10855,18.04,249.92,1.4,-0.121,-2.893,0
10856,16.54,72.72,1.158,-0.346,-1.319,0
10857,8.38,25.11,-0.155,-0.126,0.45,0
10858,12.36,68.95,0.899,2.245,0.717,0
10859,11.17,27.55,0.579,-0.208,-0.209,0
10860,17.7,29.9,0.541,0.254,0.614,0
10861,19.73,4.43,0.684,-1.182,-0.161,0
10862,13.53,596.05,0.756,-0.598,0.705,0
10863,9.13,43.1,0.678,0.26,-3.369,0
10864,13.89,3.7,0.613,-0.149,3.205,0
10865,2.66,5.86,-0.793,0.402,-0.56,0
10866,13.26,34.2,0.336,-1.305,0.563,0
10867,8.67,18.01,-2.802,0.934,-1.358,0
10868,13.86,118.41,-0.534,-1.373,0.551,0
10869,16.62,60.51,-0.028,-3.059,0.303,0
10870,12.78,16.06,-1.994,-1.996,-1.829,0
10871,13.22,82.8,0.387,-0.804,-1.132,0
10872,2.01,103.31,-2.384,0.21,-0.95,0
10873,17.24,12.93,2.708,-0.406,-1.416,0
10874,11.85,16.38,-0.915,-0.619,-1.971,0
10875,13.86,54.3,0.29,-0.715,0.295,0
10876,21.04,58.28,-2.093,-1.303,-2.092,0
10877,16.19,184.1,-1.39,0.12,-0.337,0
10878,6.18,382.56,2.246,1.21,0.587,0
10879,16.5,67.08,-1.176,-0.238,-0.83,0
10880,14.12,134.87,0.096,1.282,1.385,0
10881,19.14,17.04,2.379,-2.496,2.334,0
10882,10.3,8.69,1.468,-1.109,1.933,0
10883,18.58,58.3,0.142,1.536,2.243,0
10884,15.63,64.65,-1.141,-0.787,0.566,0
10885,9.83,119.91,2.87,0.124,-2.897,0
10886,20.93,94.23,-1.105,-1.367,-1.907,0
10887,21.86,60.78,-0.229,-0.409,2.004,0
10888,8.69,48.2,-2.253,0.508,0.408,0
10889,7.82,43.4,-0.62,0.29,-0.796,0
10890,13.7,4.26,-0.404,-0.776,0.76,0
10891,13.55,49.26,-0.739,-0.637,0.05,0
10892,15.96,30.33,-0.384,0.084,-0.683,0
10893,15.64,20.73,-1.376,-2.086,0.511,0
10894,9.58,49.03,-0.56,0.154,1.051,0
10895,21.95,761.07,2.895,-2.001,-1.897,0
10896,20.3,28.08,-1.38,0.794,-2.284,0
10897,13.68,6.72,0.169,-0.351,-1.143,0
10898,16.34,59.26,1.394,0.011,-1.927,0
10899,21.03,28.12,-2.443,-0.533,0.013,0
10900,20.43,155.43,-2.431,0.187,-1.685,0
10901,13.8,160.87,-0.46,0.328,-2.107,0
10902,9.13,23.45,-0.615,-0.736,-1.54,0
10903,5.44,22.98,0.156,0.366,-1.979,0
10904,11.48,5.79,2.137,2.065,-1.335,0
10905,3.15,34.52,0.955,-0.068,0.505,0
10906,11.34,105.35,0.81,1.919,0.251,0
10907,10.73,30.07,-0.352,-2.639,-1.754,0
10908,16.85,414.06,2.114,-0.922,1.641,0
10909,17.64,109.64,-0.73,-0.716,1.71,0
10910,15.77,62.03,-1.643,1.211,0.994,0
10911,10.74,18.93,-0.597,0.282,0.419,0
10912,7.53,166.44,-0.47,1.454,0.15,0
10913,8.05,77.47,-0.026,-1.629,-3.038,0
10914,0.45,9.33,0.431,0.221,-0.275,0
10915,10.02,23.92,-1.129,1.173,-0.021,0
10916,3.62,10.1,-1.178,2.991,0.14,0
10917,0.17,46.9,0.951,-0.465,-1.923,0
10918,3.73,86.81,2.296,0.224,0.924,0
10919,21.05,51.56,-0.417,-1.032,-1.423,0
10920,8.55,4.53,0.69,0.694,-0.482,0
10921,3.19,81.39,0.427,-2.841,-1.086,0
10922,20.16,110.01,-0.754,-0.113,0.281,0
10923,18.15,154.39,0.902,0.848,-0.519,0
10924,11.26,66.23,-1.064,-0.755,0.394,0
10925,16.93,20.14,0.811,-0.513,-1.237,0
10926,11.03,16.46,0.132,1.209,-0.562,0
10927,11.43,27.2,2.323,1.982,-1.311,0
10928,18.85,278.31,-0.146,-0.748,-0.046,0
10929,17.99,207.07,-0.976,-0.218,-1.583,0
10930,16.92,57.8,-0.979,0.104,-1.28,0
10931,22.35,56.24,-1.695,-1.127,1.41,0
10932,11.39,64.92,-0.84,-0.486,-2.046,0
10933,6.93,40.43,0.676,0.729,1.695,0
10934,0.88,157.06,0.297,0.079,-2.048,0
10935,10.02,57.35,-1.372,-0.316,-0.196,0
10936,20.79,11.48,-0.667,-0.355,-1.402,0
10937,14.7,31.05,-0.408,-0.084,-0.794,0
10938,21.47,203.45,0.776,-1.048,-0.474,0
10939,10.69,80.68,-0.88,-0.014,0.13,0
10940,12.31,0.59,-1.442,0.016,-0.786,0
10941,9.59,6.66,-1.537,1.815,1.82,0
10942,20.45,36.67,1.572,1.42,-0.418,0
10943,12.33,28.26,-1.199,0.393,2.324,0
10944,1.98,37.93,-0.245,-0.373,1.124,0
10945,10.98,30.46,-1.376,0.114,0.753,0
10946,15.39,71.28,-0.297,-0.435,-1.284,0
10947,11.41,46.34,0.443,2.521,1.275,0
10948,1.95,248.51,1.426,0.185,-1.541,0
10949,9.64,25.05,-0.99,-0.646,2.154,0
10950,1.38,132.89,0.374,0.003,-1.941,0
10951,5.58,70.67,1.524,-1.044,-0.066,0
10952,17.54,17.53,-0.844,0.806,-0.149,0
10953,16.77,70.65,0.605,0.683,-0.247,0
10954,20.84,38.32,-2.548,1.315,-1.524,0
10955,12.72,12.94,0.411,0.11,-0.691,0
10956,16.16,283.37,-0.913,1.258,-1.856,0
10957,5.87,82.14,-0.16,0.461,0.087,0
10958,11.09,13.84,1.787,0.06,-1.732,0
10959,6.17,35.15,0.931,1.042,-1.459,0
10960,17.05,9.6,0.57,-1.158,-0.77,0
10961,4.19,168.03,-1.357,0.608,2.82,0
10962,10.42,10.22,-0.685,0.284,-1.396,0
10963,16.95,62.73,1.797,-1.434,0.279,0
10964,16.62,18.0,-1.356,0.863,2.156,0
10965,18.89,24.19,-1.205,0.974,1.36,0
10966,14.91,94.71,-1.628,-2.141,2.031,0
10967,17.25,56.33,0.89,-1.977,-0.781,0
10968,9.25,54.88,2.073,-0.301,0.009,0
10969,13.45,25.05,0.301,-0.649,0.714,0
10970,17.19,398.37,-0.846,-1.781,0.649,0
10971,13.35,64.15,2.865,-0.745,-2.644,0
10972,17.47,9.4,0.547,0.553,0.2,0
10973,5.09,423.99,-0.923,-0.959,-2.413,0
10974,11.77,34.09,0.541,-1.664,0.272,0
10975,9.73,48.79,1.901,-0.046,3.152,0
10976,16.55,47.14,0.548,0.978,-0.569,0
10977,16.36,182.52,-0.846,1.035,-0.787,0
10978,12.56,146.8,-0.162,-1.002,-0.516,0
10979,14.64,45.11,1.833,0.541,0.384,0
10980,8.88,84.88,0.401,0.782,0.181,0
10981,1.99,44.46,-0.359,0.113,-0.745,0
10982,18.54,3.15,1.764,-0.764,-1.196,0
10983,14.5,250.1,2.316,-0.192,-1.921,0
10984,7.96,6.69,-1.105,1.35,-0.161,0
10985,22.43,30.27,0.267,0.796,-1.475,0
10986,11.87,242.41,0.367,2.853,-1.892,0
10987,15.29,24.51,1.991,-0.988,0.365,0
10988,19.99,20.16,0.202,0.298,-2.856,0
10989,16.8,29.13,-0.256,0.683,0.013,0
10990,6.23,13.74,-0.587,-2.32,-1.526,0
10991,14.66,26.58,1.632,0.8,1.101,0
10992,20.9,138.58,-0.75,-0.915,-1.393,0
10993,22.42,24.07,-1.976,-1.892,0.581,0
10994,17.1,85.06,-0.702,-0.587,1.047,0
10995,21.03,65.11,-0.125,-0.365,1.885,0
10996,12.57,28.63,0.697,-0.811,-1.188,0
10997,15.06,114.8,-0.174,0.61,2.005,0
10998,15.1,2009.22,2.166,0.81,2.628,0
10999,22.99,46.16,-1.753,0.912,1.317,0
11000,21.53,790.4,0.138,-2.004,2.087,0
11001,14.5,7.13,-0.351,0.614,1.59,0
11002,20.62,65.31,0.878,-1.499,0.618,0
11003,15.14,37.92,1.852,-1.324,-0.038,0
11004,3.26,75.39,-0.529,-0.005,0.321,0
11005,17.46,413.78,3.224,1.949,0.234,0
11006,15.17,178.69,-0.763,-1.283,-3.174,0
11007,7.92,434.36,0.51,-1.623,1.354,1
11008,17.14,30.17,1.168,-0.589,0.125,0
11009,3.59,194.49,1.069,-1.087,-1.257,0
11010,15.18,31.81,-0.308,0.488,0.252,0
11011,11.53,15.41,0.225,-0.47,-0.907,0
11012,18.06,71.86,-0.316,-2.671,2.073,0
11013,2.16,17.45,-0.921,-1.573,2.666,0
11014,14.34,12.98,-0.185,0.159,-1.114,0
11015,17.36,24.69,-0.459,0.594,0.228,0
11016,9.67,66.27,-2.472,0.054,-2.14,0
11017,11.22,57.17,-1.084,0.985,1.992,0
11018,18.55,87.65,-1.57,0.255,-1.503,0
11019,12.33,3.22,-0.981,-1.079,0.287,0
11020,18.39,36.61,0.965,-0.296,-0.366,0
11021,16.52,20.9,0.315,-0.295,-0.2,0
11022,20.31,59.08,-0.508,-1.756,-0.07,0
11023,17.93,144.42,0.839,0.59,1.032,0
11024,16.37,18.24,2.138,1.308,-0.624,0
11025,19.86,38.91,0.072,-0.289,-0.321,0
11026,18.49,269.55,-1.54,1.885,1.55,0
11027,19.01,19.1,-1.48,-0.964,-0.839,0
11028,14.93,23.51,0.05,-0.817,-3.486,0
11029,15.21,171.35,-2.1,-0.511,-2.334,0
11030,18.73,8.24,0.265,-1.253,0.875,0
11031,19.25,163.69,-0.754,-0.221,0.482,0
11032,23.58,52.66,-1.496,1.033,-0.421,0
11033,8.11,322.29,-2.141,-0.52,-0.695,0
11034,9.41,162.68,0.906,2.12,-1.44,0
11035,2.68,54.16,-2.786,0.825,0.467,0
11036,16.68,282.83,-1.923,0.579,-1.091,0
11037,3.36,66.97,1.875,-1.258,-0.144,0
11038,17.19,22.7,-0.055,-1.787,-0.421,0
11039,21.76,18.51,-1.571,0.108,-0.079,0
11040,6.65,78.05,-1.613,-1.069,-1.5,0
11041,22.39,48.97,1.014,-0.648,3.424,0
11042,13.8,18.89,-1.135,0.027,1.013,0
11043,9.14,71.37,-1.771,1.943,0.317,0
11044,17.31,187.51,1.049,1.696,1.518,0
11045,12.12,94.12,0.008,1.478,0.21,0
11046,1.96,91.76,1.585,-1.217,2.191,0
11047,12.61,59.12,0.189,1.713,1.778,0
11048,19.43,63.74,-1.992,0.244,-1.874,0
11049,16.41,26.44,2.739,-0.141,0.824,0
11050,13.74,14.3,-1.342,-1.838,1.465,0
11051,20.58,57.51,2.194,1.577,0.717,0
11052,20.33,35.66,2.146,1.569,0.161,0
11053,23.39,35.3,1.276,0.133,0.996,0
11054,10.78,33.33,-0.331,0.869,-1.074,0
11055,20.74,162.98,0.088,1.12,-1.6,0
11056,10.52,15.68,-0.25,1.043,0.364,0
11057,11.2,21.11,-0.796,0.834,1.589,0
11058,16.14,16.35,-1.653,-2.464,0.411,0
11059,20.41,27.16,0.616,0.22,0.186,0
11060,10.96,37.41,0.471,0.499,-0.676,0
11061,4.63,160.55,0.167,0.641,1.315,0
11062,21.18,42.65,2.528,-1.982,-2.998,0
11063,11.03,247.94,1.788,-0.442,0.596,0
11064,13.6,49.72,-0.867,0.272,-0.551,0
11065,16.48,99.91,-1.129,-0.342,-2.79,0
11066,16.16,45.06,0.493,-1.122,0.826,0
11067,11.94,26.39,0.342,1.102,0.441,0
11068,23.05,486.22,0.108,0.33,-1.27,0
11069,13.27,52.93,2.348,1.296,2.685,0
11070,6.52,28.57,-0.856,1.062,-1.56,0
11071,21.66,15.18,-0.377,-1.934,-1.543,0
11072,13.32,43.12,-1.24,1.026,-1.179,0
11073,23.42,164.43,0.546,-0.348,-0.606,0
11074,3.29,255.45,2.537,-2.216,5.143,1
11075,4.38,76.34,-1.447,0.842,-0.528,0
11076,17.05,77.38,0.391,-1.043,1.459,0
11077,14.0,19.09,1.054,0.581,-0.011,0
11078,15.78,27.19,0.701,-1.282,1.496,0
11079,23.76,58.05,1.798,2.491,-1.817,0
11080,13.23,62.32,0.217,-0.985,2.502,0
11081,16.0,19.84,0.207,-0.119,-0.194,0
11082,10.71,11.32,-0.293,2.369,0.648,0
11083,2.16,19.15,1.307,-1.009,0.638,0
11084,19.66,26.84,-0.697,-0.012,-0.104,0
11085,11.18,31.36,1.969,2.733,-1.469,0
11086,16.84,7.04,0.688,0.477,-0.274,0
11087,14.08,15.4,-0.775,0.938,0.192,0
11088,11.83,45.06,0.058,0.864,1.602,0
11089,15.28,447.61,0.363,-0.847,-0.891,0
11090,8.17,73.97,0.919,2.093,-2.269,0
11091,13.86,41.08,3.301,0.918,-0.915,0
11092,10.64,6.81,0.965,2.255,-0.961,0
11093,3.74,15.23,-1.308,-0.521,3.425,0
11094,13.66,60.18,-1.424,0.81,-2.517,0
11095,15.95,44.22,0.272,0.579,-1.322,0
11096,18.86,11.27,2.171,-0.82,-0.067,0
11097,22.14,18.23,0.571,-0.116,-0.168,0
11098,9.65,148.3,-0.827,-1.627,0.99,0
11099,11.6,77.16,1.402,1.684,0.068,0
11100,13.89,500.02,-1.126,-1.898,0.94,0
11101,22.24,81.28,1.06,-0.244,0.755,0
11102,5.77,61.86,0.529,0.891,-1.694,0
11103,14.95,42.05,1.094,-0.989,0.313,0
11104,12.51,75.27,-1.481,-0.702,1.73,0
11105,22.17,86.72,0.075,1.321,2.599,0
11106,20.41,36.87,2.644,1.491,1.557,0
11107,23.17,41.39,-0.213,-0.316,0.791,0
11108,12.76,27.86,1.867,-0.841,-0.371,0
11109,9.1,75.41,3.082,-2.866,2.693,1
11110,5.69,26.32,-0.743,-1.849,-0.131,0
11111,7.86,59.45,-0.321,-0.63,-1.498,0
11112,11.13,334.28,-0.863,0.766,1.038,0
11113,15.45,5.33,1.562,0.754,0.36,0
11114,0.38,163.08,-0.676,-0.068,1.228,0
11115,21.27,33.39,1.149,0.956,-0.037,0
11116,1.5,124.37,-0.814,-0.128,-0.764,0
11117,17.43,19.56,0.728,-1.339,-2.707,0
11118,13.92,62.2,-0.452,0.946,-0.518,0
11119,15.55,10.54,-1.781,0.512,-1.562,0
11120,18.09,4.97,1.884,1.551,-0.898,0
11121,17.02,18.22,-0.9,0.4,-1.128,0
11122,10.58,127.52,2.311,-1.76,0.283,0
11123,15.25,109.6,-0.594,-1.245,-0.354,0
11124,18.18,16.9,1.505,-0.112,-0.452,0
11125,19.96,76.15,-0.399,-0.006,-0.272,0
11126,21.45,182.44,0.805,-0.167,-0.261,0
11127,17.15,31.63,0.527,0.763,-1.948,0
11128,19.26,13.59,-0.483,0.842,1.719,0
11129,19.3,32.49,-0.942,2.035,-0.664,0
11130,14.59,18.56,1.57,0.487,2.032,0
11131,2.41,18.61,0.233,0.061,0.663,0
11132,21.5,9.99,-1.322,-0.899,1.443,0
11133,13.88,6.47,-1.742,0.239,-0.537,0
11134,9.04,20.01,1.727,-0.125,-2.214,0
11135,0.82,49.81,-3.603,0.405,-2.48,0
11136,20.36,204.42,-0.538,0.449,0.498,0
11137,20.6,7.75,-0.957,0.951,0.44,0
11138,7.09,12.11,-0.605,-0.014,0.923,0
11139,12.32,8.4,1.318,-0.64,0.033,0
11140,21.8,68.57,-1.471,1.488,1.007,0
11141,11.51,52.8,0.796,0.191,-0.88,0
11142,19.97,61.82,0.392,0.556,-1.806,0
11143,17.83,59.53,-1.676,-1.357,-2.633,0
11144,11.67,72.53,-0.119,0.405,-0.511,0
11145,13.21,85.55,1.423,-2.147,0.242,0
11146,9.52,16.96,-1.335,-0.827,-0.473,0
11147,9.54,7.82,-1.918,-0.531,0.192,0
11148,6.89,12.66,1.312,1.284,0.347,0
11149,11.57,13.31,-0.69,0.015,0.624,0
11150,9.34,78.5,1.192,1.014,1.454,0
11151,11.03,25.8,2.208,-0.658,0.639,0
11152,14.42,70.09,0.139,-0.819,-0.191,0
11153,8.38,5.42,-2.061,-0.795,0.983,0
11154,17.68,7.68,-1.958,-1.411,-1.86,0
11155,8.4,37.34,-1.058,-0.708,0.171,0
11156,12.09,271.74,-0.499,-2.211,-0.104,0
11157,12.33,34.05,0.453,1.317,0.29,0
11158,13.3,15.35,-0.731,-0.555,-0.148,0
11159,14.22,56.65,-0.604,-0.539,1.786,0
11160,22.56,36.19,2.28,1.135,-0.157,0
11161,21.97,20.93,2.015,-0.012,-1.216,0
11162,16.62,25.88,-0.246,0.634,0.344,0
11163,21.16,185.91,1.074,0.759,0.857,0
11164,19.62,29.89,0.748,1.148,0.069,0
11165,15.87,72.31,-0.71,0.167,-2.714,0
11166,6.59,15.44,-2.073,1.503,-0.97,0
11167,17.02,15.85,1.377,1.912,-0.646,0
11168,20.53,20.58,0.045,0.053,-0.546,0
11169,4.15,142.3,1.524,-1.638,-0.561,0
11170,12.69,22.04,-0.422,0.698,1.158,0
11171,13.18,69.41,-2.037,-0.802,0.136,0
11172,14.95,97.28,-0.258,-2.003,1.239,0
11173,19.0,7.37,0.16,-0.429,-0.475,0
11174,10.1,4.7,-1.429,-0.71,0.347,0
11175,8.52,180.64,2.85,-0.548,0.879,0
11176,19.21,11.59,0.259,2.086,1.534,0
11177,7.36,45.1,0.144,1.812,-1.082,0
11178,14.57,17.09,0.013,-0.182,-3.043,0
11179,10.86,25.46,2.634,1.238,-2.508,0
11180,8.85,26.68,-0.188,0.218,-0.117,0
11181,9.14,120.66,0.736,-1.989,-1.403,0
11182,16.8,226.25,-0.337,-0.155,-1.361,0
11183,23.92,114.3,1.868,0.382,0.319,0
11184,18.02,32.81,1.61,0.682,-0.98,0
11185,16.46,154.08,0.357,0.981,-1.816,0
11186,9.85,167.97,2.075,-0.36,1.56,0
11187,4.6,24.07,-1.871,1.021,-0.685,0
11188,15.8,265.46,-0.575,-0.631,-0.937,0
11189,9.75,286.7,-0.884,1.247,0.964,0
11190,6.71,10.55,-0.077,0.688,-3.018,0
11191,14.97,40.16,0.63,0.082,-3.214,0
11192,13.72,726.34,-0.755,-0.598,-0.442,0
11193,23.4,23.39,0.773,1.66,2.12,0
11194,7.27,33.43,-0.113,0.09,-1.693,0
11195,17.41,9.84,-1.288,2.988,-1.71,0
11196,20.26,201.35,1.047,0.651,0.974,0
11197,5.47,31.93,-0.711,0.648,-0.127,0
11198,11.2,11.42,0.028,2.161,-1.34,0
11199,7.51,3.13,0.757,1.819,-1.903,0
11200,13.25,363.74,0.485,-1.448,0.371,0
11201,19.55,80.02,-0.946,-0.53,0.445,0
11202,15.19,259.51,0.505,0.723,-2.235,0
11203,0.55,18.77,0.106,-2.182,-3.299,0
11204,21.12,142.29,-1.067,-0.612,-0.039,0
11205,10.92,106.39,-0.45,-0.97,1.387,0
11206,16.03,34.77,0.233,-0.108,-0.133,0
11207,10.62,30.03,1.187,-1.761,-0.98,0
11208,11.92,57.69,-0.505,-0.838,-1.246,0
11209,0.62,23.87,1.91,-0.651,0.252,0
11210,23.23,14.68,0.292,0.95,-0.083,0
11211,7.7,8.88,0.772,1.054,-0.113,0
11212,17.0,63.45,-0.997,-1.018,1.153,0
11213,9.83,34.57,-2.235,-0.4,-0.182,0
11214,10.52,89.97,-0.766,-1.536,0.391,0
11215,23.44,198.62,-1.933,-2.901,-1.094,0
11216,12.07,17.97,0.505,0.326,1.014,0
11217,14.24,58.55,-0.205,0.395,2.162,0
11218,13.82,37.77,-0.482,-0.582,1.873,0
11219,18.82,165.26,0.412,0.034,-0.703,0
11220,3.12,14.99,-0.749,0.434,-0.485,0
11221,17.74,124.05,0.158,0.23,0.092,0
11222,11.96,2.94,0.308,1.943,1.216,0
11223,11.7,28.67,1.028,-0.702,0.959,0
11224,20.57,24.1,-1.024,0.2,-0.269,0
11225,5.04,12.76,-1.256,-0.326,2.401,0
11226,0.97,21.85,0.205,0.36,-1.798,0
11227,15.14,31.93,0.553,0.169,-0.161,0
11228,14.99,40.4,-3.018,-0.084,1.128,0
11229,18.21,15.7,-0.131,0.229,-0.1,0
11230,16.6,459.03,1.171,-0.037,0.07,0
11231,12.56,14.43,-0.536,-0.846,0.111,0
11232,19.43,31.23,1.826,1.521,0.458,0
11233,15.91,2.43,-1.207,-0.995,0.597,0
11234,6.21,69.72,-0.544,0.824,1.104,0
11235,7.53,59.38,-0.849,-0.795,-1.471,0
11236,4.81,60.9,-1.877,-0.187,1.1,0
11237,12.5,80.79,4.334,-1.831,1.504,0
11238,23.57,18.5,2.359,0.088,0.68,0
11239,9.64,19.48,-0.212,0.474,-0.036,0
11240,16.76,56.68,-0.909,0.543,1.327,0
11241,9.53,486.73,1.24,-0.914,-1.503,0
11242,13.9,1.81,2.131,0.531,-0.841,0
11243,15.87,40.51,1.198,1.992,1.002,0
11244,17.38,7.23,0.173,0.223,2.112,0
11245,8.09,8.76,-1.507,-0.985,1.51,0
11246,16.12,8.62,-2.071,-0.762,-0.319,0
11247,14.97,92.16,1.522,0.445,2.169,0
11248,20.04,27.37,0.863,0.012,-0.945,0
11249,16.67,13.67,2.801,-0.531,-0.923,0
11250,10.69,44.78,0.761,1.259,-3.312,0
11251,1.26,260.34,1.729,1.18,1.391,0
11252,16.51,63.42,-0.035,-0.246,1.195,0
11253,14.47,228.49,0.209,-0.564,0.332,0
11254,15.52,287.12,-1.286,0.072,-0.114,0
11255,9.57,7.51,2.115,0.958,-0.988,0
11256,5.07,21.96,0.35,-0.246,-1.038,0
11257,18.25,20.84,-0.583,0.151,0.397,0
11258,10.77,103.24,-0.569,1.135,-0.501,0
11259,8.54,124.84,0.041,1.313,-1.601,0
11260,11.08,6.02,1.011,-0.572,-0.718,0
11261,10.89,26.35,-1.057,0.599,0.332,0
11262,16.95,33.75,-0.162,-0.074,-1.338,0
11263,9.45,190.2,-2.469,-0.317,-0.75,0
11264,21.09,19.7,-0.265,2.516,-0.733,0
11265,12.79,189.45,-0.612,-0.13,-1.382,0
11266,8.97,23.4,0.077,-0.391,1.215,0
11267,8.41,115.12,-1.15,-0.017,-0.424,0
11268,3.12,144.28,-0.629,-0.62,1.957,0
11269,10.57,185.71,0.588,-1.522,0.805,0
11270,14.42,37.31,0.052,-0.269,-0.177,0
11271,5.39,9.92,0.89,-0.129,-2.605,0
11272,0.82,19.59,-0.055,-0.557,0.999,0
11273,8.7,142.7,1.837,-0.472,0.062,0
11274,9.39,32.69,-1.397,-1.828,2.74,0
11275,18.14,45.04,3.713,0.496,1.631,0
11276,0.63,119.91,2.949,0.921,0.478,0
11277,13.7,32.08,-1.828,1.417,-1.139,0
11278,20.99,2.29,2.539,-1.061,-0.681,0
11279,2.83,25.47,0.436,-0.236,2.131,0
11280,22.99,13.62,0.186,-1.63,-0.982,0
11281,17.04,13.12,0.178,1.682,-2.94,0
11282,12.54,54.96,1.467,-0.127,-2.818,0
11283,14.95,24.95,0.568,0.317,1.722,0
11284,8.19,231.84,1.211,-0.145,1.046,0
11285,13.34,125.31,-0.399,1.965,-0.712,0
11286,20.52,19.6,0.449,1.957,-2.236,0
11287,10.62,28.41,-2.382,0.02,0.637,0
11288,15.98,406.59,-1.695,0.734,0.279,0
11289,20.11,37.56,-0.119,-0.876,-0.674,0
11290,5.43,105.35,0.373,0.814,-2.568,0
11291,16.33,18.27,1.374,-0.547,0.664,0
11292,14.45,50.35,1.213,-0.016,0.485,0
11293,9.12,113.63,-2.028,0.162,2.035,0
11294,0.46,8.34,1.631,-0.855,1.739,0
11295,8.09,47.77,-1.156,0.089,2.01,0
11296,20.11,18.36,0.725,-0.763,-0.177,0
11297,17.32,18.58,-0.858,0.273,0.183,0
11298,18.04,224.89,1.94,-0.185,-1.43,0
11299,9.5,18.83,-0.914,-1.872,-0.015,0
11300,10.3,23.09,-0.358,0.647,0.403,0
11301,7.46,39.86,3.226,0.617,-0.293,0
11302,13.99,350.27,-1.36,-0.511,2.62,0
11303,15.24,479.38,-2.152,1.425,-2.914,0
11304,12.31,8.61,1.183,-0.976,0.713,0
11305,11.31,316.4,-2.046,0.203,0.598,0
11306,13.64,7.14,1.185,0.723,0.579,0
11307,11.17,8.3,1.215,-0.543,-0.845,0
11308,16.1,23.26,-1.438,-0.46,0.832,0
11309,21.65,39.69,0.049,0.565,0.013,0
11310,11.76,134.7,0.933,-0.568,-0.385,0
11311,9.93,13.77,0.094,0.623,-0.534,0
11312,17.78,100.58,0.812,1.455,2.695,0
11313,10.05,47.67,-0.884,1.445,1.868,0
11314,16.05,51.76,0.5,-1.004,0.186,0
11315,12.41,43.23,-0.352,-1.63,0.88,0
11316,12.72,19.82,1.569,0.849,1.371,0
11317,17.6,57.85,-1.551,2.339,0.727,0
11318,8.3,14.63,-1.662,1.379,0.551,0
11319,21.82,32.59,-1.306,-0.462,-3.026,0
11320,6.54,91.74,-1.806,2.267,-1.316,0
11321,10.06,158.33,0.445,-0.702,-1.011,0
11322,8.73,3.42,1.08,1.321,0.554,0
11323,17.17,28.0,-1.948,-1.922,2.453,0
11324,3.46,78.2,-1.645,0.466,3.462,0
11325,6.3,38.2,-0.986,-1.853,1.138,0
11326,14.69,32.34,-1.318,0.044,-0.156,0
11327,16.17,123.94,-1.04,-0.242,0.459,0
11328,13.6,71.23,1.133,0.183,-0.448,0
11329,14.53,27.42,0.71,-0.14,-0.688,0
11330,10.78,136.79,2.147,-0.09,-2.151,0
11331,9.92,65.8,0.921,-1.394,1.334,0
11332,8.42,26.44,-1.311,0.552,1.093,0
11333,14.03,92.47,1.399,0.734,0.809,0
11334,15.92,15.01,-2.047,-0.307,-1.069,0
11335,21.28,82.52,-0.759,0.404,0.511,0
11336,14.69,272.47,-0.355,-0.594,1.887,0
11337,14.06,98.04,-1.45,0.196,1.676,0
11338,11.66,35.92,0.275,1.257,-0.145,0
11339,9.62,39.98,-0.797,-0.458,-2.8,0
11340,16.17,109.34,-2.053,0.186,-2.052,0
11341,21.53,145.8,2.935,0.604,1.436,0
11342,17.08,37.83,-0.508,0.678,0.75,0
11343,12.58,48.48,-0.028,-1.198,-1.697,0
11344,10.58,62.06,1.195,1.798,-0.989,0
11345,18.71,880.38,1.128,-0.577,-0.786,0
11346,15.35,268.97,-1.178,0.32,-2.893,0
11347,15.38,18.54,-1.77,0.725,0.175,0
11348,15.01,8.53,0.758,0.13,-1.159,0
11349,19.91,13.69,0.941,1.141,-0.413,0
11350,9.62,26.43,-0.318,-1.31,-1.348,0
11351,18.0,14.86,-1.49,1.254,-0.003,0
11352,9.86,150.25,-0.968,-0.976,0.914,0
11353,10.84,64.57,0.756,-0.575,-1.272,0
11354,11.83,64.4,-1.014,-0.401,1.721,0
11355,6.54,358.63,1.478,-0.825,0.519,0
11356,11.16,132.81,0.962,-1.24,2.03,0
11357,12.79,17.22,-0.953,0.778,-0.355,0
11358,14.83,112.65,-1.472,-1.26,1.112,0
11359,20.05,371.98,0.985,0.244,0.101,0
11360,0.53,14.56,-0.023,0.235,0.498,0
11361,18.05,102.53,0.795,-0.784,0.978,0
11362,4.12,25.47,-1.311,0.453,0.334,0
11363,6.83,19.73,1.513,-0.241,1.154,0
11364,7.96,29.02,0.486,-0.099,-0.218,0
11365,23.96,27.93,-0.208,-0.978,-1.692,0
11366,13.07,129.77,0.213,-1.303,2.169,0
11367,20.7,253.14,1.243,-1.221,-0.89,0
11368,9.75,88.2,-0.709,-0.571,-0.432,0
11369,14.2,79.82,-0.444,-0.4,-0.601,0
11370,5.73,56.1,-1.66,-1.085,-1.943,0
11371,14.02,17.2,-1.416,0.171,-1.437,0
11372,7.54,58.99,1.787,-0.077,-0.242,0
11373,13.21,11.38,-1.051,-1.533,-0.084,0
11374,17.04,57.75,0.346,0.891,-0.433,0
11375,14.51,30.59,1.968,-1.77,-0.232,0
11376,5.56,5.09,2.0,-0.079,0.606,0
11377,15.73,566.09,0.253,-1.051,-1.385,0
11378,10.55,47.17,1.842,-0.216,-1.559,0
11379,15.4,98.49,0.281,0.757,-0.831,0
11380,10.28,19.33,-0.609,1.973,0.887,0
11381,22.78,164.84,0.017,-1.324,0.594,0
11382,14.22,30.12,-0.484,0.974,-0.824,0
11383,6.12,420.44,0.043,2.023,-2.015,0
11384,12.25,49.8,0.328,1.623,1.213,0
11385,12.41,249.74,0.723,0.628,1.858,0
11386,16.34,23.34,0.698,-0.156,1.98,0
11387,14.75,161.14,-2.061,0.273,-1.763,0
11388,15.61,152.74,0.218,-1.855,1.99,0
11389,17.68,10.72,0.512,-0.524,-1.9,0
11390,23.79,13.99,0.935,-1.34,-0.253,0
11391,5.12,157.61,0.809,-1.403,2.683,1
11392,16.19,42.17,0.706,1.98,0.242,0
11393,18.63,57.87,-1.119,-0.308,-1.884,0
11394,19.76,20.39,1.001,1.474,1.714,0
11395,7.69,470.77,3.34,-2.401,-0.009,1
11396,20.86,23.75,-2.468,-1.296,-1.463,0
11397,21.37,5.92,1.621,0.682,0.906,0
11398,11.06,45.53,-1.113,0.158,-1.166,0
11399,10.36,26.11,2.537,-2.548,-0.379,0
11400,21.1,43.26,0.366,-0.182,1.117,0
11401,15.49,63.53,-1.073,-0.365,-1.171,0
11402,7.12,39.75,-0.681,1.374,-1.484,0
11403,10.27,71.08,1.553,-0.401,-1.122,0
11404,15.59,17.55,0.382,0.215,-1.452,0
11405,10.51,25.49,-1.593,0.76,-1.08,0
11406,21.27,223.4,0.051,-0.763,1.155,0
11407,14.59,105.53,0.55,-0.364,0.555,0
11408,11.91,32.47,-0.657,1.222,-0.489,0
11409,15.89,147.04,-0.999,0.706,0.236,0
11410,16.94,17.41,2.351,1.079,0.798,0
11411,4.51,6.96,-0.0,0.189,1.479,0
11412,9.86,88.98,0.75,-0.58,-1.141,0
11413,23.32,32.72,-1.51,-0.409,-0.336,0
11414,21.23,12.2,1.041,1.265,-2.575,0
11415,16.03,142.23,3.006,-1.278,2.587,0
11416,14.99,95.0,1.884,-0.004,0.976,0
11417,17.01,13.3,-2.974,3.161,0.684,0
11418,4.53,45.72,2.66,0.378,1.692,0
11419,16.1,115.06,0.55,0.629,-0.495,0
11420,10.8,8.51,0.945,-1.494,0.435,0
11421,11.52,83.1,-0.727,-0.064,0.662,0
11422,16.68,268.07,-1.656,0.343,2.209,0
11423,12.22,116.24,-1.344,-1.766,1.487,0
11424,12.3,23.14,-1.297,-0.697,0.905,0
11425,13.99,41.8,-0.034,-0.592,-0.399,0
11426,11.33,110.4,-0.403,0.183,-0.782,0
11427,20.18,68.63,-0.605,-0.796,-2.296,0
11428,17.66,1089.91,0.491,-0.068,-1.319,0
11429,6.48,5.42,1.795,0.105,-0.311,0
11430,19.1,51.79,-2.806,0.502,0.004,0
11431,16.62,5.48,2.085,0.296,-0.384,0
11432,10.72,366.37,-2.206,1.22,2.172,0
11433,9.43,51.8,1.647,1.152,0.408,0
11434,16.72,48.54,-1.117,-0.352,-1.256,0
11435,0.29,137.4,-0.481,-0.387,2.628,0
11436,15.1,10.43,-0.136,2.152,-0.949,0
11437,4.91,11.62,-0.322,0.303,0.621,0
11438,7.89,50.17,0.52,-0.907,0.74,0
11439,6.71,260.73,0.612,1.205,0.673,0
11440,9.85,4.99,2.619,-0.155,0.975,0
11441,9.96,33.91,-1.218,0.932,-2.603,0
11442,15.63,28.9,0.498,0.138,-0.197,0
11443,23.28,13.37,-1.722,-0.104,1.276,0
11444,3.42,276.22,2.16,0.146,-0.302,0
11445,13.96,103.96,0.914,0.725,1.194,0
11446,9.83,86.54,0.782,-0.918,-0.441,0
11447,15.24,142.51,-0.542,-0.745,0.603,0
11448,20.45,27.11,0.34,0.887,-0.44,0
11449,3.76,239.72,0.869,-0.175,-0.036,0
11450,6.48,26.36,-0.998,2.911,-0.847,0
11451,10.03,57.02,0.986,2.517,0.917,0
11452,17.46,49.57,1.814,-0.175,-1.639,0
11453,21.24,24.22,-0.168,-0.185,0.568,0
11454,15.62,337.26,0.84,2.016,1.291,0
11455,1.96,215.39,-0.384,0.38,0.834,0
11456,10.38,105.19,-0.851,-1.343,-2.191,0
11457,10.02,52.49,0.84,-0.741,1.815,0
11458,9.93,27.77,-0.006,1.905,1.391,0
11459,15.58,22.74,-0.904,-0.402,2.453,0
11460,12.59,12.94,-0.233,-0.747,-1.026,0
11461,5.7,76.73,-2.213,0.696,0.562,0
11462,18.8,29.6,0.469,0.808,-0.489,0
11463,21.16,60.16,-1.144,-1.428,-1.721,0
11464,8.28,33.43,1.355,0.106,-2.473,0
11465,9.02,23.93,1.516,-0.085,-1.629,0
11466,14.92,115.2,-0.363,-0.189,-0.82,0
11467,13.82,76.85,-1.659,0.403,-3.674,0
11468,17.34,44.37,-0.868,0.78,1.118,0
11469,13.02,167.02,1.058,0.622,0.349,0
11470,17.1,284.1,-0.256,1.725,-0.985,0
11471,9.84,20.05,-0.968,-0.194,2.005,0
11472,3.34,52.39,-1.708,0.69,-0.461,0
11473,10.46,192.39,-1.223,-0.322,1.737,0
11474,6.38,26.56,1.294,0.562,2.523,0
11475,11.08,14.84,1.532,-1.702,0.871,0
11476,16.83,53.86,-2.96,-0.758,0.617,0
11477,18.78,27.01,-1.662,-0.271,0.92,0
11478,16.3,62.76,1.966,0.537,0.484,0
11479,6.0,33.18,-0.637,1.312,1.041,0
11480,13.88,46.56,0.973,0.307,-0.568,0
11481,22.2,3.16,0.398,0.278,-0.787,0
11482,1.93,26.93,-1.293,-2.772,1.572,0
11483,23.14,9.59,0.585,0.329,-0.864,0
11484,18.58,34.1,0.995,0.227,0.635,0
11485,2.71,128.06,-0.862,-1.376,1.803,0
11486,9.44,3.46,3.512,-0.449,0.301,0
11487,15.31,65.13,-0.371,0.105,-1.548,0
11488,10.85,13.64,-0.116,1.298,-1.589,0
11489,7.54,6.03,2.412,1.749,0.87,0
11490,12.76,2.81,-0.956,-0.482,-0.201,0
11491,5.67,111.22,2.861,-0.15,-0.602,0
11492,9.55,911.85,-0.994,1.243,-1.266,0
11493,15.03,187.14,0.237,0.984,1.987,0
11494,6.56,12.01,-2.33,0.163,-0.004,0
11495,0.16,25.91,-1.323,-0.38,0.648,0
11496,17.64,42.74,-2.015,0.711,-0.801,0
11497,3.71,46.41,2.32,-0.451,-1.876,0
11498,12.88,102.43,1.386,-0.441,0.526,0
11499,3.85,76.45,1.804,-0.109,2.299,0
11500,16.07,22.49,-4.125,2.066,2.161,0
11501,17.92,62.66,-1.272,0.071,1.572,0
11502,16.05,107.77,0.498,0.246,-1.874,0
11503,10.35,76.07,0.238,0.005,0.822,0
11504,5.56,231.3,1.851,-1.222,0.55,0
11505,7.35,28.29,-0.159,1.438,-2.477,0
11506,23.63,10.79,1.428,-2.679,-0.182,0
11507,3.98,26.33,0.059,0.954,-1.307,0
11508,10.24,13.33,-0.953,-2.512,-1.121,0
11509,9.94,58.53,1.418,-0.624,-1.287,0
11510,1.84,27.41,0.358,0.919,-1.252,0
11511,22.29,42.07,0.094,-1.746,-1.645,0
11512,21.71,58.4,-0.355,0.765,-1.363,0
11513,18.19,31.95,0.805,0.828,0.691,0
11514,6.52,31.56,0.122,1.189,1.922,0
11515,12.49,25.7,0.268,0.435,1.65,0
11516,18.86,41.61,1.391,0.212,-0.78,0
11517,10.05,74.74,0.863,0.227,1.191,0
11518,22.7,19.81,-0.878,2.542,2.079,0
11519,0.47,24.86,0.699,0.196,0.225,0
11520,19.86,241.94,0.439,0.186,1.823,0
11521,20.09,16.17,-0.581,-1.173,1.549,0
11522,14.02,13.08,2.111,0.109,-2.534,0
11523,8.18,92.76,0.518,0.255,-3.217,0
11524,2.24,35.54,-0.665,-1.6,0.758,0
11525,16.29,62.28,-1.09,2.322,-2.16,0
11526,21.22,23.4,-1.719,0.387,-0.546,0
11527,19.08,38.29,-1.651,0.489,0.144,0
11528,19.48,403.78,-0.38,0.198,2.071,0
11529,20.83,1.89,1.722,-0.504,0.686,0
11530,16.64,17.45,-0.142,1.153,3.674,0
11531,13.75,37.91,1.034,-0.114,0.014,0
11532,9.13,39.82,1.322,-0.235,1.179,0
11533,17.1,76.57,1.453,1.024,-0.712,0
11534,13.62,80.83,-1.94,-2.883,-1.992,0
11535,14.24,251.87,0.735,1.089,-3.91,0
11536,9.69,44.81,-1.776,0.072,-0.434,0
11537,7.37,10.79,0.272,0.253,3.068,0
11538,20.18,45.69,-0.363,-0.756,-1.239,0
11539,7.5,626.38,0.189,0.383,2.159,0
11540,17.18,124.6,-0.587,-0.078,-1.143,0
11541,15.22,78.62,-0.515,0.814,2.401,0
11542,10.19,66.27,2.137,-0.283,1.099,0
11543,11.79,26.16,-2.359,1.389,0.805,0
11544,16.97,52.29,-0.72,-1.974,-0.997,0
11545,19.3,10.24,2.442,0.586,0.497,0
11546,9.46,183.78,1.332,-0.179,-0.027,0
11547,1.53,162.56,0.898,-1.794,-0.833,0
11548,20.13,410.26,-2.671,0.507,-2.895,0
11549,5.03,281.34,2.448,0.373,-1.883,0
11550,11.48,211.42,-1.128,-1.357,-0.958,0
11551,11.74,22.93,0.963,-0.51,-1.399,0
11552,9.45,25.5,0.988,0.346,0.871,0
11553,18.09,15.6,1.152,-1.643,2.745,0
11554,17.32,23.04,-0.629,0.01,2.703,0
11555,6.32,68.71,0.231,0.802,1.591,0
11556,12.26,25.5,0.021,0.885,-2.608,0
11557,7.42,84.1,1.564,-1.077,0.146,0
11558,17.15,35.63,1.363,0.687,-0.339,0
11559,17.8,26.04,-1.928,-1.962,0.699,0
11560,22.65,122.24,0.593,0.677,-0.274,0
11561,3.41,629.63,0.317,0.401,-1.677,0
11562,13.41,52.2,-0.435,1.309,1.946,0
11563,19.76,2.1,0.166,-0.461,-0.396,0
11564,12.6,49.27,-3.238,-0.352,-0.244,0
11565,17.07,42.11,0.586,0.977,0.451,0
11566,11.87,692.63,0.61,1.341,0.471,0
11567,17.94,83.07,-1.347,-0.394,-1.171,0
11568,20.33,44.0,-2.189,-1.843,0.229,0
11569,8.98,56.49,2.344,-1.21,-3.209,0
11570,23.49,33.61,0.514,1.568,-0.867,0
11571,9.15,38.37,-2.966,0.63,0.864,0
11572,20.76,13.88,1.253,2.368,-0.209,0
11573,23.92,13.47,-0.2,-0.934,3.387,0
11574,14.37,47.98,-0.105,0.575,-0.709,0
11575,15.26,52.55,0.854,-1.75,0.371,0
11576,18.83,49.98,-0.481,-1.071,2.327,0
11577,9.83,13.72,-0.253,1.678,0.2,0
11578,16.8,59.8,-0.947,0.244,1.654,0
11579,19.11,216.72,0.009,-0.483,-0.024,0
11580,4.06,12.24,0.917,-0.904,-0.907,0
11581,13.55,18.69,0.571,-1.019,-0.981,0
11582,5.2,8.49,-0.251,-0.75,0.176,0
11583,5.39,61.22,0.819,-0.19,-2.633,0
11584,13.59,155.01,0.073,0.448,0.902,0
11585,10.5,19.99,-1.097,0.48,1.339,0
11586,10.06,141.97,-0.276,1.058,0.984,0
11587,19.19,25.27,0.78,-3.32,-0.306,0
11588,9.95,5.45,-0.467,0.695,0.588,0
11589,16.2,15.58,0.918,0.925,-2.53,0
11590,10.95,32.72,-0.433,1.63,0.123,0
11591,17.52,23.26,1.069,0.59,-0.198,0
11592,20.5,69.19,-3.234,-0.933,-0.457,0
11593,10.75,67.49,0.099,-1.571,0.541,0
11594,11.78,4.31,1.168,-0.122,-0.477,0
11595,17.6,72.8,0.121,-0.785,-0.565,0
11596,12.51,12.56,-1.791,-0.063,-0.899,0
11597,18.48,55.62,0.393,-0.771,-1.545,0
11598,22.75,25.05,0.233,-1.106,0.441,0
11599,17.14,32.66,-0.743,1.017,-0.829,0
11600,21.38,259.8,-0.174,1.016,-0.007,0
11601,10.35,33.53,-1.032,1.276,1.16,0
11602,13.27,11.27,2.387,0.554,-3.215,0
11603,22.13,65.88,2.468,-0.078,1.762,0
11604,3.21,45.49,0.801,-2.648,-1.328,0
11605,18.29,24.32,0.568,-1.145,0.191,0
11606,23.98,13.42,-0.686,2.226,0.436,0
11607,8.03,17.0,1.512,-0.421,-0.14,0
11608,8.62,7.75,-1.195,0.452,0.458,0
11609,7.15,27.33,0.979,-0.191,2.056,0
11610,18.27,22.98,-0.369,1.078,2.158,0
11611,22.24,383.94,2.007,-0.032,-2.208,0
11612,14.61,12.07,0.655,-0.956,1.46,0
11613,17.87,47.61,-0.426,1.047,-3.138,0
11614,13.37,18.83,-0.266,2.009,-1.353,0
11615,14.85,25.7,-1.367,1.856,-1.647,0
11616,18.54,12.24,-0.528,-1.639,2.34,0
11617,10.3,13.66,-0.432,-0.339,0.856,0
11618,20.22,16.07,-0.949,-1.995,0.71,0
11619,17.64,6.44,1.099,0.746,0.8,0
11620,8.95,21.0,0.852,0.606,-0.237,0
11621,11.29,20.48,-0.295,0.966,0.386,0
11622,4.79,76.6,-1.321,-1.188,1.349,0
11623,6.1,24.34,1.158,0.793,-1.253,0
11624,12.82,5.06,-0.452,2.488,-0.991,0
11625,21.86,27.77,1.256,0.023,-0.281,0
11626,18.52,305.21,1.151,1.15,-0.054,0
11627,9.66,14.48,-2.972,-0.132,0.584,0
11628,14.97,64.09,1.923,0.539,1.915,0
11629,15.03,316.11,0.708,-0.7,-1.036,0
11630,20.62,6.02,0.365,0.618,0.03,0
11631,20.91,14.24,1.248,-1.471,0.488,0
11632,9.16,50.69,1.582,-0.372,-0.149,0
11633,22.99,62.71,3.491,-0.194,0.242,0
11634,21.38,11.71,0.582,-0.291,-2.495,0
11635,14.25,15.43,0.707,-1.223,-0.619,0
11636,14.64,25.49,-1.595,0.134,2.805,0
11637,11.38,10.36,-0.159,-1.316,2.595,0
11638,11.02,975.54,-0.291,0.853,-1.344,0
11639,17.37,21.99,-0.345,-0.719,0.584,0
11640,16.56,6.68,0.342,0.464,-0.988,0
11641,16.54,32.21,-2.181,1.366,0.71,0
11642,17.05,29.0,-0.457,-0.958,0.24,0
11643,21.41,22.89,1.888,-1.723,0.434,0
11644,12.27,14.24,1.513,3.393,-0.438,0
11645,1.82,29.88,-3.182,-1.674,-0.336,0
11646,13.23,9.95,-1.21,0.834,0.72,0
11647,2.75,13.02,-1.24,0.846,0.309,0
11648,1.38,11.58,-0.798,0.64,-0.96,0
11649,13.57,472.74,-0.858,-1.138,-2.137,0
11650,8.89,35.56,0.302,-1.144,1.049,0
11651,17.35,49.86,-0.566,-1.772,1.216,0
11652,5.03,18.92,0.289,0.153,-0.614,0
11653,22.59,53.4,1.274,-0.704,0.294,0
11654,9.84,41.39,-0.179,-1.597,-1.086,0
11655,10.89,7.19,1.062,-1.064,1.155,0
11656,11.07,162.43,0.418,1.507,1.43,0
11657,8.94,14.72,-0.821,0.142,1.558,0
11658,2.73,6.52,-0.681,0.783,-0.592,0
11659,12.78,48.93,-1.819,0.155,-0.335,0
11660,12.24,183.04,-1.228,0.831,-0.224,0
11661,9.54,130.31,0.433,0.814,0.731,0
11662,15.46,22.63,0.862,-0.44,0.049,0
11663,6.49,9.78,-1.214,1.505,-0.477,0
11664,21.01,19.65,3.151,-0.564,-0.48,0
11665,21.49,10.14,-3.039,-0.48,-0.189,0
11666,15.77,59.23,-1.332,0.102,0.047,0
11667,12.85,27.85,2.097,-0.863,-1.063,0
11668,19.47,16.62,-0.946,0.246,-1.976,0
11669,13.5,679.36,0.891,1.289,0.599,0
11670,5.86,42.73,0.085,-0.587,-0.892,0
11671,11.69,119.57,-0.867,-0.662,1.257,0
11672,8.95,5.48,3.175,0.34,0.926,0
11673,11.37,23.33,-1.733,-0.159,3.123,0
11674,13.43,359.88,1.162,1.217,1.106,0
11675,14.83,22.14,-0.895,0.327,-1.448,0
11676,17.2,84.98,1.016,-1.915,-0.489,0
11677,8.71,62.43,-1.516,0.185,1.078,0
11678,15.73,86.66,-0.25,-1.263,0.76,0
11679,22.63,131.83,-1.762,0.199,1.154,0
11680,12.23,16.73,-0.487,0.551,0.794,0
11681,13.86,16.22,0.39,0.719,0.834,0
11682,8.84,31.74,-0.606,0.461,-2.707,0
11683,9.51,24.09,0.294,-1.152,-3.623,0
11684,3.92,28.33,-0.283,-0.814,0.383,0
11685,4.88,20.49,1.162,2.098,-0.583,0
11686,9.66,126.52,-1.339,-0.376,-0.173,0
11687,18.08,25.51,-1.934,0.013,1.629,0
11688,12.65,71.29,0.107,-0.76,-0.495,0
11689,12.73,29.52,-2.428,0.524,0.006,0
11690,6.07,1.27,-0.823,1.201,0.223,0
11691,13.36,13.8,2.272,0.167,0.048,0
11692,17.07,186.8,-0.045,-1.447,2.256,0
11693,16.26,84.01,2.475,0.392,0.111,0
11694,14.86,192.03,2.693,0.355,-0.687,0
11695,9.56,89.39,-0.663,-1.799,0.547,0
11696,12.68,51.72,1.123,2.527,-1.912,0
11697,21.32,254.14,-0.441,-2.162,0.348,0
11698,17.87,39.52,0.178,0.217,-0.289,0
11699,4.92,111.17,0.203,1.931,-0.06,0
11700,16.27,143.25,-1.682,0.517,2.835,0
11701,4.89,28.08,-1.523,-0.011,-0.539,0
11702,3.05,20.2,-2.117,0.63,-0.919,0
11703,12.53,57.44,0.419,-0.645,-0.967,0
11704,18.47,9.84,-0.118,-0.409,0.21,0
11705,6.81,409.58,0.234,0.085,-0.427,0
11706,6.59,205.78,2.204,-0.895,0.632,0
11707,16.86,4.22,1.605,0.075,2.579,0
11708,6.08,12.59,-0.258,0.201,1.672,0
11709,21.57,32.15,0.48,-1.657,-0.715,0
11710,14.73,293.1,0.646,-1.073,-0.863,0
11711,7.4,34.52,-1.51,-0.345,0.159,0
11712,4.45,251.19,0.795,-1.188,-0.012,0
11713,8.93,48.21,-2.693,-0.986,1.689,0
11714,12.39,88.06,0.244,0.918,-1.323,0
11715,16.5,55.01,-0.382,1.185,2.555,0
11716,10.25,51.7,1.043,-1.061,1.05,0
11717,7.83,259.24,0.645,-3.409,1.647,0
11718,15.41,66.13,-0.485,-0.682,1.759,0
11719,13.14,23.14,-1.599,0.346,-0.614,0
11720,13.86,18.86,0.523,-1.929,0.171,0
11721,12.74,28.75,-1.616,1.862,-0.471,0
11722,20.8,21.31,-3.488,-0.131,-0.996,0
11723,16.08,507.8,2.026,-1.633,0.847,0
11724,13.64,24.61,1.868,2.332,-0.049,0
11725,12.78,259.41,-1.447,-0.307,-1.552,0
11726,4.86,9.48,-1.13,-0.274,-1.566,0
11727,13.96,51.01,-0.931,-0.061,-0.934,0
11728,5.75,116.75,-0.594,-1.189,0.343,0
11729,13.84,6.62,1.54,0.198,-0.878,0
11730,14.03,14.47,-1.515,-0.004,-0.918,0
11731,21.32,46.22,1.39,2.055,-2.61,0
11732,14.03,37.56,-1.696,1.342,-0.104,0
11733,18.11,31.01,-0.354,2.566,1.62,0
11734,19.06,80.11,-1.07,1.96,-1.479,0
11735,15.62,25.0,-0.632,0.048,0.204,0
11736,13.5,19.92,0.784,-1.514,-0.835,0
11737,17.88,12.72,-0.682,-1.38,1.092,0
11738,4.85,16.02,0.236,0.406,-0.816,0
11739,7.72,9.91,0.248,-0.99,-0.71,0
11740,1.03,133.35,1.174,0.654,2.207,0
11741,9.92,5.15,3.407,0.102,-0.271,0
11742,8.44,21.22,-0.979,1.873,-1.966,0
11743,5.45,9.93,1.443,-1.643,-5.86,0
11744,10.02,85.73,0.58,1.898,-1.083,0
11745,19.67,68.32,-0.839,0.631,0.134,0
11746,21.57,18.6,0.435,-1.656,0.729,0
11747,0.13,580.52,1.815,0.297,-1.815,0
11748,12.41,186.83,1.006,0.245,-0.176,0
11749,16.91,13.01,-0.222,-1.049,-0.148,0
11750,2.2,40.9,1.309,-1.536,1.749,0
11751,17.72,126.38,0.593,-0.079,2.837,0
11752,0.78,181.08,-1.037,-0.735,1.889,0
11753,18.0,3.23,-0.351,1.344,1.968,0
11754,14.63,42.09,-1.606,0.832,-1.389,0
11755,8.95,32.84,-1.601,-2.399,0.979,0
11756,8.47,36.55,-0.424,0.515,-0.925,0
11757,0.94,51.03,2.536,-0.374,0.547,0
11758,12.19,160.1,-2.467,0.017,1.563,0
11759,19.48,31.49,-0.903,-0.305,-2.095,0
11760,14.42,66.3,-0.395,-0.733,0.425,0
11761,22.3,22.51,-1.463,0.966,-2.103,0
11762,21.05,154.55,0.077,1.401,1.785,0
11763,12.8,62.63,-3.058,-0.811,-1.796,0
11764,14.03,64.67,0.241,-0.728,0.622,0
11765,13.47,59.06,0.339,2.025,3.491,0
11766,18.04,415.31,-0.644,-0.246,-0.719,0
11767,15.57,48.09,-0.817,-1.421,-1.967,0
11768,7.27,26.19,-0.72,-0.152,1.494,0
11769,7.55,64.98,-1.098,-0.347,1.614,0
11770,15.42,70.92,1.466,-0.728,1.601,0
11771,6.67,117.73,0.351,0.048,0.381,0
11772,7.84,313.37,0.772,-1.462,-0.155,0
11773,23.03,180.06,0.67,-0.3,1.317,0
11774,14.27,6.72,1.105,0.916,-1.923,0
11775,7.34,33.76,-0.791,-1.64,2.678,0
11776,22.47,30.51,-1.143,1.859,-0.943,0
11777,14.62,54.7,-0.384,0.408,-1.17,0
11778,5.88,38.85,1.708,0.463,-3.534,0
11779,23.2,9.98,1.278,1.002,1.584,0
11780,13.2,23.8,-0.156,-2.275,-0.874,0
11781,9.02,24.1,0.17,-3.229,-0.955,0
11782,19.02,51.35,-0.151,-1.711,-0.048,0
11783,9.24,37.79,0.395,-1.093,1.744,0
11784,16.13,20.87,0.37,0.262,0.272,0
11785,21.13,17.08,0.049,-0.452,-1.151,0
11786,2.72,138.15,0.204,-0.787,-1.368,0
11787,7.92,73.85,0.838,0.414,2.319,0
11788,8.16,4.69,0.135,1.766,-0.126,0
11789,11.77,56.64,-1.058,-0.648,0.374,0
11790,6.1,122.08,0.815,0.353,-2.986,0
11791,13.26,38.1,0.904,-1.199,0.372,0
11792,13.47,8.08,-1.316,-0.561,-1.556,0
11793,23.57,29.11,1.714,-0.273,2.694,0
11794,16.51,44.75,-0.191,1.841,-0.006,0
11795,11.72,359.07,-2.947,1.246,-1.932,0
11796,10.54,46.15,-0.984,1.241,1.333,0
11797,5.45,249.89,1.319,-0.498,-0.457,0
11798,18.3,36.66,-1.585,0.572,2.245,0
11799,14.17,112.01,-0.731,0.655,0.674,0
11800,10.65,203.3,-1.037,1.632,2.966,0
11801,6.67,13.07,-0.842,0.09,0.822,0
11802,6.77,42.45,-0.614,-0.734,0.488,0
11803,11.93,19.5,-1.726,1.812,-1.458,0
11804,14.66,104.41,-0.987,-0.355,-0.113,0
11805,12.58,36.44,-0.524,-1.187,2.538,0
11806,9.89,74.59,0.675,0.378,-0.58,0
11807,10.17,82.64,0.027,-1.239,0.907,0
11808,10.73,25.47,1.657,-1.158,2.576,0
11809,23.84,33.81,-0.599,-0.612,1.698,0
11810,14.67,29.77,1.511,0.373,-1.431,0
11811,16.21,39.39,1.976,0.095,-0.628,0
11812,13.38,31.36,-0.701,2.086,1.595,0
11813,16.28,31.88,0.37,0.413,-0.681,0
11814,16.41,32.15,3.252,-0.156,2.409,0
11815,8.89,21.18,1.804,-3.067,-1.943,0
11816,15.5,118.72,0.166,0.202,0.849,0
11817,5.83,82.68,-0.709,0.557,0.097,0
11818,13.57,44.82,-0.499,-0.416,0.541,0
11819,13.65,75.18,-2.567,1.255,-1.507,0
11820,19.07,26.72,-0.873,1.479,-1.759,0
11821,17.35,16.0,-2.176,0.69,1.297,0
11822,14.84,80.84,-3.468,-1.16,0.223,0
11823,20.68,79.21,0.706,-0.431,0.424,0
11824,17.15,157.7,0.834,1.526,0.304,0
11825,11.56,107.29,-0.008,-1.266,0.34,0
11826,12.97,15.47,0.037,-1.714,0.191,0
11827,19.67,142.12,0.678,1.155,0.012,0
11828,14.5,28.52,0.69,1.395,0.001,0
11829,20.12,266.98,-0.597,-2.892,-0.894,0
11830,17.64,4.84,1.485,1.817,0.163,0
11831,16.2,19.64,1.982,0.169,-0.131,0
11832,22.15,149.48,-0.642,0.606,-2.782,0
11833,8.87,28.45,0.079,1.157,0.905,0
11834,2.6,19.1,-3.596,-1.013,-0.857,0
11835,9.46,18.76,0.077,0.441,-0.065,0
11836,14.3,21.23,0.561,-0.006,-2.474,0
11837,20.14,35.78,0.703,0.007,-3.607,0
11838,18.02,134.77,1.05,0.357,2.514,0
11839,8.72,19.15,-2.078,0.907,-0.204,0
11840,15.71,15.05,-0.443,0.023,-2.324,0
11841,4.03,711.67,-0.161,-0.907,-0.831,0
11842,15.64,171.37,-0.472,-0.401,0.007,0
11843,21.62,129.6,0.961,-0.144,0.833,0
11844,16.41,299.71,-0.813,-1.868,1.001,0
11845,5.58,37.83,0.33,-0.324,1.136,0
11846,13.9,15.08,1.329,0.024,-0.276,0
11847,6.86,38.34,-2.509,0.805,-0.147,0
11848,15.11,5.24,-0.758,-0.577,0.829,0
11849,8.36,111.25,1.478,-0.131,1.359,0
11850,5.71,35.37,-0.285,0.04,1.515,0
11851,19.98,4.98,-0.191,2.185,-0.692,0
11852,14.13,141.56,-0.733,0.111,-0.8,0
11853,2.73,97.49,-2.566,1.068,-1.749,0
11854,12.78,77.79,-0.614,0.16,0.733,0
11855,18.13,79.51,1.21,0.543,2.845,0
11856,8.56,67.78,-0.215,-0.003,1.115,0
11857,14.47,19.88,0.06,0.498,0.198,0
11858,10.49,11.0,0.28,0.346,1.478,0
11859,6.69,5.26,-1.22,-0.828,0.499,0
11860,18.79,88.88,1.33,1.123,1.263,0
11861,9.89,343.12,-0.612,-0.079,-0.117,0
11862,14.51,125.59,-0.34,-0.319,-2.349,0
11863,1.85,122.34,-1.585,-0.011,0.88,0
11864,14.72,25.9,-0.109,2.845,1.72,0
11865,11.95,8.8,0.993,-3.03,-1.26,0
11866,14.76,48.36,-0.492,2.091,1.256,0
11867,22.39,8.42,-1.441,-1.023,0.16,0
11868,14.75,15.16,-1.19,-1.887,-0.954,0
11869,20.68,67.7,1.547,-0.434,1.943,0
11870,16.14,89.08,-0.823,0.261,0.484,0
11871,9.3,85.23,-0.74,1.168,-1.245,0
11872,19.71,63.03,0.098,1.697,0.734,0
11873,16.22,99.13,-0.254,1.047,-0.768,0
11874,15.49,81.32,1.828,-0.299,-2.21,0
11875,1.44,16.92,0.857,0.834,3.588,0
11876,14.49,38.26,1.703,-0.458,1.699,0
11877,7.27,14.7,-1.453,0.121,-2.285,0
11878,10.91,11.54,1.418,0.556,-0.176,0
11879,4.25,6.92,-2.124,1.067,1.7,0
11880,11.2,59.81,0.613,0.181,2.425,0
11881,21.56,45.63,0.147,-0.685,-0.232,0
11882,1.05,118.76,0.062,0.046,-1.302,0
11883,18.91,18.22,-0.344,0.519,-0.831,0
11884,10.6,60.1,0.756,0.375,0.727,0
11885,18.27,38.05,-0.77,2.001,1.151,0
11886,5.72,28.66,-1.386,1.473,-0.322,0
11887,8.43,91.89,0.013,2.178,2.913,0
11888,1.48,30.35,2.546,1.78,-0.249,0
11889,8.57,39.55,-2.318,0.46,-0.746,0
11890,15.22,56.49,1.725,0.122,0.644,0
11891,10.52,23.05,-0.009,-0.671,1.28,0
11892,11.26,31.63,0.68,-0.988,2.133,0
11893,2.78,169.98,0.06,1.374,-2.846,0
11894,3.16,6.13,-0.247,-2.057,-2.419,0
11895,7.38,164.66,1.553,1.971,-0.398,0
11896,13.57,34.73,1.443,-0.16,1.765,0
11897,14.21,24.38,0.477,1.121,-0.814,0
11898,6.36,184.31,-1.505,-1.309,-0.044,0
11899,14.37,7.78,2.922,0.036,-0.567,0
11900,10.76,40.82,-0.494,-0.931,0.762,0
11901,9.96,369.35,-0.015,1.174,-0.337,0
11902,17.55,6.47,0.354,-1.668,2.317,0
11903,10.17,27.39,1.319,0.952,0.595,0
11904,7.33,24.92,-0.731,0.401,-0.25,0
11905,9.24,38.46,0.627,-0.85,-0.355,0
11906,0.17,66.74,0.105,-0.956,1.774,0
11907,10.5,145.43,-0.529,-1.867,-1.084,0
11908,18.97,38.47,0.32,1.383,-0.723,0
11909,11.08,100.02,-1.624,-1.884,0.732,0
11910,19.04,258.81,4.038,1.802,-3.545,0
11911,20.71,15.16,-2.292,1.606,-1.51,0
11912,18.69,37.91,-1.408,-0.461,-0.911,0
11913,22.0,47.95,2.471,2.543,2.93,0
11914,7.76,62.9,1.422,-1.594,-1.902,0
11915,13.38,85.98,0.232,0.732,-0.258,0
11916,7.25,9.59,-0.359,-1.087,2.046,0
11917,11.92,37.45,1.483,0.123,3.089,0
11918,21.4,193.89,-0.181,1.028,-0.223,0
11919,21.65,44.36,-0.715,-0.869,-0.095,0
11920,4.27,54.91,0.605,-0.975,-1.825,0
11921,8.71,22.85,-0.592,-0.174,-2.25,0
11922,16.16,86.41,0.043,-1.604,1.333,0
11923,20.75,408.04,-0.702,-0.51,0.616,0
11924,13.88,10.75,-0.842,-1.659,0.29,0
11925,13.93,80.4,2.017,-0.223,-1.362,0
11926,15.68,32.25,0.833,-0.425,-1.36,0
11927,17.86,15.0,0.165,-1.287,-1.4,0
11928,20.78,482.3,0.708,0.978,2.055,0
11929,10.58,102.56,0.16,1.396,-1.228,0
11930,7.9,15.41,-0.51,1.434,-1.608,0
11931,19.12,163.52,2.661,0.563,-1.889,0
11932,6.38,21.28,-1.477,0.907,-0.235,0
11933,10.81,4.78,-1.601,1.121,-1.51,0
11934,6.34,113.82,1.073,-1.873,0.618,0
11935,23.12,27.24,-0.941,0.022,0.638,0
11936,20.24,27.54,1.381,0.868,2.515,0
11937,14.58,56.5,0.574,-0.511,0.499,0
11938,12.2,29.56,-1.625,-1.452,-3.397,0
11939,3.12,56.32,2.824,0.285,0.362,0
11940,17.14,24.6,0.072,-0.577,1.508,0
11941,8.12,25.11,0.552,2.092,-0.066,0
11942,15.78,275.14,-1.139,-1.949,0.277,0
11943,18.02,103.03,0.445,0.57,-0.15,0
11944,9.78,83.76,0.219,0.124,-0.12,0
11945,20.53,96.55,0.164,-0.077,0.712,0
11946,9.78,36.83,-1.137,-1.192,1.686,0
11947,19.02,318.5,1.457,-0.359,-0.97,0
11948,3.64,111.05,0.112,-1.91,-0.686,0
11949,1.45,75.09,0.715,-1.001,-0.453,0
11950,12.46,14.64,0.279,0.23,0.177,0
11951,12.93,14.43,0.756,-2.453,-1.044,0
11952,15.23,530.53,1.573,1.583,0.085,0
11953,16.18,1.75,-1.516,-1.792,-0.474,0
11954,23.21,93.6,0.705,-0.676,1.142,0
11955,0.19,43.01,-0.641,-2.803,0.85,0
11956,18.2,75.54,0.95,3.048,-0.627,0
11957,6.38,57.19,-3.677,0.499,1.873,0
11958,14.34,56.34,-0.211,2.255,0.754,0
11959,9.71,113.49,1.808,-0.468,1.826,0
11960,8.79,43.36,1.809,-0.047,0.948,0
11961,1.41,36.28,1.214,-1.42,-0.503,0
11962,12.48,12.49,0.868,-0.626,-1.295,0
11963,15.36,14.67,0.185,0.063,-0.157,0
11964,23.54,64.08,0.941,0.158,1.494,0
11965,17.59,25.17,-0.158,-0.805,0.33,0
11966,23.28,114.57,0.385,0.77,0.868,0
11967,17.95,248.98,0.638,0.271,-0.161,0
11968,7.28,196.77,-1.661,1.164,0.335,0
11969,12.56,12.89,0.2,1.554,-0.395,0
11970,12.9,55.54,0.366,-0.162,-0.73,0
11971,13.0,28.24,-1.026,1.623,-0.271,0
11972,17.33,6.19,0.741,1.148,-1.279,0
11973,17.02,34.37,-1.153,1.097,0.49,0
11974,7.86,66.4,-1.942,-1.237,-0.608,0
11975,12.43,9.28,-0.436,-0.238,-3.667,0
11976,12.87,54.08,-0.76,-0.29,-1.01,0
11977,16.29,313.42,1.233,0.829,-0.484,0
11978,10.5,50.08,1.076,1.645,-0.809,0
11979,13.9,290.4,-0.29,0.671,1.736,0
11980,12.92,47.81,1.254,-1.486,1.887,0
11981,16.09,1021.77,0.02,-0.582,-0.064,0
11982,11.16,155.57,-0.811,0.849,0.574,0
11983,13.7,69.82,-0.318,-1.059,1.314,0
11984,14.38,224.22,-1.122,-1.85,-1.43,0
11985,10.81,126.85,1.036,-0.362,0.266,0
11986,15.3,101.78,1.398,-0.49,-0.567,0
11987,15.77,101.42,1.292,0.467,2.888,0
11988,2.88,23.93,-0.691,0.756,0.533,0
11989,14.85,63.64,-1.422,-0.209,0.709,0
11990,20.2,30.58,1.669,2.003,-1.458,0
11991,13.58,9.03,-1.052,0.313,-1.186,0
11992,14.18,78.46,-1.98,-1.382,-1.649,0
11993,3.31,3.5,-0.098,-1.386,-2.509,0
11994,2.82,18.12,-0.17,0.243,-0.907,0
11995,16.74,13.08,2.672,1.121,-2.25,0
11996,11.38,55.26,0.023,-1.71,-0.034,0
11997,15.25,135.2,1.325,1.464,2.201,0
11998,15.57,8.11,0.712,-0.907,-0.383,0
11999,7.57,21.49,0.748,0.808,1.734,0
12000,12.47,59.6,-1.732,1.628,-1.45,0
12001,14.19,68.97,1.211,-1.229,-1.251,0
12002,11.62,51.82,0.617,-0.263,-1.476,0
12003,12.47,57.73,1.056,-1.387,0.524,0
12004,1.86,53.85,-0.689,0.102,1.099,0
12005,4.97,95.16,-0.551,0.718,0.85,0
12006,4.46,12.83,-0.846,0.738,0.67,0
12007,6.14,526.7,-0.699,-1.771,1.66,0
12008,0.79,88.08,3.457,-0.591,0.953,0
12009,10.01,32.28,0.038,-0.256,-0.25,0
12010,19.31,68.52,0.442,-0.836,-0.418,0
12011,2.98,135.18,-0.088,-0.592,0.91,0
12012,19.71,22.57,-2.321,0.388,-1.675,0
12013,11.27,55.8,0.898,-0.053,0.127,0
12014,6.68,98.36,-0.584,0.193,-1.571,0
12015,22.33,44.42,-1.235,-1.187,-0.174,0
12016,20.48,22.79,-2.203,-0.287,1.146,0
12017,9.62,8.53,1.404,0.158,-3.029,0
12018,22.68,92.28,-1.54,1.356,-1.256,0
12019,2.01,13.26,0.59,0.379,1.073,0
12020,9.81,26.49,0.826,-0.286,1.205,0
12021,16.64,46.91,0.875,-2.039,-1.262,0
12022,10.65,51.5,1.982,-0.038,-1.286,0
12023,14.52,45.17,-0.01,-0.82,1.78,0
12024,13.63,33.32,-0.482,0.894,1.52,0
12025,16.38,25.74,-0.301,0.138,0.947,0
12026,8.39,116.83,-0.01,-0.445,-0.88,0
12027,9.68,210.73,2.005,-1.168,0.32,0
12028,14.81,760.89,-0.253,-1.355,-0.983,0
12029,13.6,109.37,-1.256,1.265,-0.555,0
12030,12.76,329.81,-0.993,-1.135,2.581,0
12031,21.69,53.91,-0.021,1.132,-1.312,0
12032,9.45,11.02,-1.377,-0.671,3.019,0
12033,3.59,188.88,-1.916,-0.293,0.252,0
12034,6.6,42.32,1.73,0.355,0.933,0
12035,16.49,105.03,0.842,-0.571,-1.357,0
12036,14.72,33.75,0.712,1.447,-2.151,0
12037,20.0,16.8,2.431,-1.38,-0.808,0
12038,8.39,167.68,1.213,0.558,0.704,0
12039,19.57,59.03,0.244,0.985,1.273,0
12040,10.84,155.3,1.325,-1.001,0.456,0
12041,20.57,13.39,-1.766,2.285,1.017,0
12042,16.9,90.54,1.08,-0.137,2.194,0
12043,6.3,271.96,-0.009,-0.623,-1.578,0
12044,11.16,19.11,-1.029,-0.6,-3.772,0
12045,16.64,15.3,-0.184,-1.205,-1.271,0
12046,14.32,57.65,0.055,-1.274,0.416,0
12047,9.68,9.0,1.712,-0.663,-3.893,0
12048,15.18,65.56,-1.326,0.833,-2.917,0
12049,13.05,217.08,1.347,0.178,-0.052,0
12050,13.28,296.55,0.287,0.126,0.318,0
12051,17.56,9.9,-0.121,1.157,-2.522,0
12052,22.89,64.96,1.151,0.54,0.1,0
12053,10.33,30.21,-0.317,-0.567,0.82,0
12054,16.64,188.23,0.144,1.213,-0.978,0
12055,13.41,28.54,-1.849,-0.828,-0.284,0
12056,8.23,268.24,2.897,1.176,0.393,0
12057,17.2,107.17,-0.345,0.904,-2.864,0
12058,17.74,25.65,-0.744,0.938,0.976,0
12059,17.67,19.66,1.241,0.942,0.118,0
12060,14.62,162.28,0.104,-0.946,0.101,0
12061,17.74,16.75,-0.199,0.369,0.643,0
12062,5.42,268.82,-2.241,-0.291,-1.365,0
12063,17.37,162.27,0.864,1.316,-0.589,0
12064,18.05,93.11,-1.719,-0.868,-0.048,0
12065,17.06,71.82,1.49,-0.706,-0.834,0
12066,10.86,29.32,-0.826,0.87,-0.341,0
12067,17.69,81.18,-1.197,0.583,-1.352,0
12068,16.38,40.84,0.607,-1.731,-3.394,0
12069,17.67,194.11,1.882,-1.118,-0.111,0
12070,20.75,65.09,1.33,0.645,-0.008,0
12071,17.67,30.46,-0.808,-0.234,3.358,0
12072,21.43,7.07,-0.673,0.453,-2.052,0
12073,7.98,23.69,1.157,1.716,-0.837,0
12074,15.61,5.72,1.936,-1.625,0.287,0
12075,1.43,114.56,-0.509,-1.554,-1.803,0
12076,13.56,69.98,-0.317,-0.327,-0.079,0
12077,18.79,7.6,-0.029,-0.86,0.187,0
12078,12.83,28.78,-0.783,0.213,0.638,0
12079,13.17,23.54,0.498,0.713,0.405,0
12080,14.75,53.06,-1.104,0.701,2.314,0
12081,10.86,16.33,0.898,0.487,-1.081,0
12082,16.14,22.59,2.034,-0.336,1.146,0
12083,10.99,80.33,1.648,-0.35,1.755,0
12084,18.12,51.8,-0.092,0.093,2.085,0
12085,2.36,31.68,-1.017,0.41,-0.947,0
12086,17.53,19.37,-1.392,-1.056,0.821,0
12087,16.12,44.41,-1.668,1.929,0.71,0
12088,14.81,19.53,0.843,-0.537,-1.487,0
12089,1.81,17.08,-0.635,-1.339,-0.209,0
12090,5.95,79.76,2.147,1.789,-0.402,0
12091,8.19,388.74,0.203,1.385,-0.248,0
12092,15.15,57.13,-1.045,0.984,1.401,0
12093,13.19,53.86,-0.587,0.727,0.898,0
12094,17.06,10.13,-1.149,-0.446,0.021,0
12095,18.45,66.7,-1.258,0.646,0.545,0
12096,2.45,14.41,-0.301,0.373,4.842,0
12097,14.7,42.96,2.333,0.358,2.778,0
12098,13.33,50.43,1.332,0.316,-1.162,0
12099,0.47,42.77,-0.923,1.278,-0.546,0
12100,15.37,73.82,-1.076,-1.747,1.704,0
12101,19.69,93.01,-0.336,0.976,-0.769,0
12102,13.13,116.68,0.448,-2.528,-1.493,0
12103,23.39,91.48,-0.68,0.048,2.167,0
12104,0.91,197.79,-1.895,-0.545,1.464,0
12105,17.77,34.82,-0.439,1.611,-1.917,0
12106,11.44,159.38,0.477,1.373,0.71,0
12107,16.5,56.24,-0.924,-0.127,-0.199,0
12108,14.34,52.47,1.652,1.235,0.469,0
12109,0.19,815.34,-0.915,-0.464,-0.453,0
12110,12.48,107.85,-0.132,0.399,0.074,0
12111,20.54,301.88,2.323,-0.191,1.825,0
12112,23.91,192.63,0.65,1.827,1.32,0
12113,13.7,94.94,0.384,0.776,-3.395,0
12114,16.5,67.94,0.142,0.614,-0.888,0
12115,15.37,175.5,0.619,-3.137,-0.162,0
12116,14.08,68.01,-0.013,-0.373,0.299,0
12117,14.94,38.86,1.092,-1.349,1.576,0
12118,12.94,6.5,-2.459,0.053,1.014,0
12119,18.35,11.44,0.996,0.6,0.862,0
12120,13.07,30.57,0.465,0.237,-1.175,0
12121,13.56,88.12,-0.495,-0.029,0.653,0
12122,20.84,33.26,-0.158,0.097,-1.396,0
12123,12.92,27.94,-1.242,-0.329,2.056,0
12124,8.59,30.55,-1.866,0.855,-0.188,0
12125,11.66,32.22,0.038,0.531,2.819,0
12126,10.51,56.07,0.102,0.872,-0.153,0
12127,0.84,28.12,-1.228,-0.996,0.165,0
12128,0.41,33.17,1.874,-1.655,0.475,0
12129,9.82,6.24,1.475,0.212,-0.097,0
12130,23.21,9.63,-0.126,-1.049,-0.252,0
12131,11.59,24.86,-0.74,0.686,-2.72,0
12132,16.93,24.85,0.775,0.43,-0.963,0
12133,19.86,17.22,-0.007,0.628,0.218,0
12134,21.09,11.22,0.368,-0.11,-0.041,0
12135,15.63,63.45,-1.137,1.478,1.33,0
12136,15.83,33.22,-0.14,-0.659,-0.721,0
12137,21.42,677.87,0.846,-0.865,1.235,0
12138,13.56,8.61,-1.202,-1.968,1.404,0
12139,11.91,9.56,-0.009,-0.009,-1.99,0
12140,17.4,11.79,0.949,-0.008,1.534,0
12141,13.95,28.65,0.072,-0.839,-0.405,0
12142,20.8,49.13,0.431,-1.396,-2.931,0
12143,10.81,37.4,-0.452,-0.335,0.383,0
12144,15.01,36.93,1.112,-0.179,-0.967,0
12145,1.07,134.89,2.694,2.476,-0.915,0
12146,19.43,33.6,1.203,-0.369,0.686,0
12147,11.28,254.39,-0.755,0.096,-1.754,0
12148,19.92,60.23,0.158,-0.556,-0.564,0
12149,10.42,10.48,0.138,0.296,1.873,0
12150,4.48,179.51,-0.834,-0.648,0.098,0
12151,13.2,18.84,-0.08,-0.422,-1.697,0
12152,10.39,100.63,0.539,0.897,1.95,0
12153,15.55,67.38,-0.505,-1.537,-0.693,0
12154,12.49,442.6,-0.681,-0.525,0.708,0
12155,0.37,26.01,0.704,-0.098,-0.119,0
12156,13.09,405.06,0.366,0.437,0.201,0
12157,12.83,182.12,-0.381,-1.564,-0.964,0
12158,7.97,522.03,-0.722,-0.672,0.827,0
12159,23.84,143.59,-1.852,0.621,3.799,0
12160,9.31,10.76,0.1,-0.495,-1.693,0
12161,12.56,11.11,1.509,-0.428,-2.907,0
12162,0.7,25.04,-0.353,-1.954,0.161,0
12163,16.65,70.52,0.38,-0.496,-0.65,0
12164,5.75,19.34,0.972,2.272,-1.314,0
12165,10.77,4.84,0.873,-0.074,0.504,0
12166,20.26,103.91,-1.868,0.578,0.99,0
12167,18.98,99.42,-1.172,-0.235,0.4,0
12168,13.23,42.7,0.032,0.731,2.064,0
12169,0.84,36.32,-0.06,1.368,-0.303,0
12170,7.52,102.28,0.13,1.17,0.168,0
12171,21.15,188.33,-0.123,-2.821,2.182,0
12172,5.57,38.04,0.274,0.671,3.703,0
12173,12.96,57.44,0.432,-0.524,-0.092,0
12174,0.16,13.69,0.565,0.991,-0.487,0
12175,23.54,243.45,0.799,-0.351,-1.727,0
12176,2.62,63.46,-0.821,-0.009,-1.727,0
12177,8.24,25.01,0.933,0.017,-0.923,0
12178,8.4,10.91,-1.56,2.319,0.35,0
12179,7.71,24.1,1.608,0.018,-0.161,0
12180,16.0,9.96,0.309,-0.88,2.077,0
12181,15.57,155.65,0.574,-0.536,-0.259,0
12182,19.81,4.94,2.001,0.666,-1.343,0
12183,9.13,10.5,-0.488,1.53,-1.289,0
12184,13.55,59.6,-0.415,0.153,2.381,0
12185,7.83,7.06,-1.526,0.578,0.134,0
12186,10.26,40.38,-1.563,0.683,1.524,0
12187,10.51,33.55,0.138,0.178,-0.623,0
12188,12.83,30.91,-1.45,-0.655,1.952,0
12189,7.98,471.73,0.652,-0.161,-0.642,0
12190,0.9,118.13,0.209,1.019,1.78,0
12191,10.12,21.28,2.312,-0.715,-0.097,0
12192,15.02,98.44,-1.459,2.375,-0.67,0
12193,2.79,290.13,-2.924,1.1,0.348,0
12194,17.45,7.72,-0.165,-1.046,-4.425,0
12195,15.95,32.7,-1.31,0.945,0.289,0
12196,10.48,16.25,0.413,-1.34,1.752,1
12197,15.81,271.14,-0.184,0.682,-0.99,0
12198,4.88,186.34,-1.486,-0.587,0.328,0
12199,17.87,103.07,0.351,0.329,0.442,0
12200,5.81,115.64,-1.603,-0.825,-0.604,0
12201,17.31,52.65,-1.759,-0.277,-4.006,0
12202,6.3,6.24,1.022,0.346,-1.727,0
12203,13.86,51.6,0.861,0.864,-1.446,0
12204,11.84,98.92,-1.239,0.354,0.431,0
12205,18.36,20.49,-1.51,-1.047,1.106,0
12206,21.91,3.3,-1.257,2.497,2.181,0
12207,22.88,28.95,-0.715,-1.037,-0.177,0
12208,16.78,39.07,-3.434,-0.177,-0.007,0
12209,13.2,5.95,0.05,0.078,0.773,0
12210,19.82,107.37,1.319,0.83,0.124,0
12211,0.08,44.88,-0.175,-0.14,-0.27,0
12212,16.8,21.87,-1.516,1.967,0.859,0
12213,0.45,122.78,1.709,-0.436,-2.487,0
12214,17.47,57.51,-2.37,0.668,1.505,0
12215,20.76,43.1,2.656,0.464,2.063,0
12216,10.41,32.44,-0.592,-1.614,-0.043,0
12217,20.76,276.62,2.339,-1.421,2.027,1
12218,15.64,2.51,-0.297,0.711,-0.915,0
12219,12.2,387.11,-0.857,1.018,-0.251,0
12220,21.27,43.55,-0.831,-1.207,1.19,0
12221,13.06,29.48,-1.686,-0.189,-1.383,0
12222,15.0,78.81,1.602,0.988,0.333,0
12223,14.48,16.11,-2.212,0.714,-0.778,0
12224,18.88,6.75,-0.871,-0.369,-2.361,0
12225,17.0,11.8,2.173,-0.563,-0.241,0
12226,8.63,117.55,-1.623,0.016,0.252,0
12227,6.01,27.98,-0.066,-0.242,-1.015,0
12228,0.4,25.39,0.968,-0.916,-1.308,0
12229,7.0,118.96,-0.879,-0.103,1.044,0
12230,14.68,216.44,1.207,0.825,0.73,0
12231,20.39,5.82,-1.094,-1.072,0.384,0
12232,6.56,22.28,-0.536,1.172,1.899,0
12233,11.89,85.56,0.033,-0.456,-1.657,0
12234,11.85,33.94,-0.138,-0.295,-1.336,0
12235,1.01,152.1,-0.088,-0.203,-0.399,0
12236,11.34,154.99,0.136,0.78,1.165,0
12237,12.55,102.24,-1.547,0.296,-2.804,0
12238,21.77,36.89,-0.982,-0.183,0.588,0
12239,12.17,146.45,-0.388,-1.836,-1.399,0
12240,13.32,28.73,0.984,-1.49,3.444,0
12241,18.57,16.39,2.706,-0.564,-1.653,0
12242,0.16,23.84,2.222,-1.289,0.516,0
12243,10.51,8.22,0.159,1.771,0.784,0
12244,0.19,25.22,0.951,-0.319,0.516,0
12245,18.22,24.9,-3.768,-0.853,-1.79,0
12246,21.79,57.76,-0.638,0.429,-0.219,0
12247,12.56,204.39,-0.046,-0.324,0.193,0
12248,12.15,16.23,0.184,-1.326,1.06,0
12249,16.68,68.0,-0.951,-0.299,-0.795,0
12250,11.97,129.22,0.079,-1.407,1.004,0
12251,7.76,67.95,1.048,0.534,-1.322,0
12252,14.67,25.89,-1.665,-0.457,0.301,0
12253,15.79,28.28,-1.15,2.0,1.691,0
12254,15.73,35.2,-0.627,-1.247,-0.984,0
12255,1.42,66.5,0.507,-0.212,1.732,0
12256,15.59,181.09,0.464,0.68,0.97,0
12257,11.4,8.15,1.198,0.581,0.51,0
12258,8.66,27.31,-0.835,-0.146,0.135,0
12259,23.24,12.46,0.035,1.001,0.593,0
12260,16.61,20.2,-1.572,1.105,0.404,0
12261,10.35,132.09,-0.229,0.95,-2.644,0
12262,22.52,28.18,1.236,0.978,3.139,0
12263,18.03,17.38,-0.349,-0.27,-1.119,0
12264,11.24,65.24,-0.551,0.82,0.835,0
12265,9.94,98.73,-1.576,1.413,-2.528,0
12266,6.97,25.62,-1.268,0.954,-2.369,0
12267,22.91,20.51,2.291,-1.668,0.788,0
12268,12.46,55.56,0.096,0.058,-1.11,0
12269,6.26,70.53,-0.859,1.946,0.29,0
12270,12.57,52.0,-0.515,-1.457,-2.379,0
12271,15.38,51.25,2.513,-1.174,-0.47,0
12272,7.78,21.04,2.953,0.587,-3.49,0
12273,4.22,27.73,-2.845,0.281,0.797,0
12274,15.29,9.25,0.994,-0.203,1.154,0
12275,11.91,152.25,-2.872,2.026,-0.501,0
12276,8.13,307.21,0.243,0.392,0.296,0
12277,15.68,98.5,0.283,3.617,2.11,0
12278,5.69,39.74,1.441,-0.238,-2.209,0
12279,13.4,51.19,3.496,-0.401,-0.999,0
12280,11.99,166.77,-2.585,-0.417,0.161,0
12281,16.64,31.49,2.124,0.742,1.217,0
12282,18.77,219.5,-1.458,-1.64,1.214,0
12283,10.58,26.99,2.622,0.824,-1.534,0
12284,10.47,127.24,1.112,1.109,2.108,0
12285,8.25,123.87,-0.477,-0.023,0.206,0
12286,22.44,130.02,0.779,-0.805,-1.231,0
12287,10.32,23.87,1.165,1.546,-2.18,0
12288,2.15,94.58,-0.834,1.073,0.014,0
12289,4.26,19.51,0.627,0.159,-0.531,0
12290,10.08,12.81,0.425,-0.137,-1.197,0
12291,9.75,1.77,-0.146,0.86,-0.554,0
12292,4.64,36.52,1.159,-0.444,0.363,0
12293,18.23,109.5,0.045,1.552,-2.291,0
12294,16.32,41.56,-0.031,-1.416,0.602,0
12295,21.2,909.75,1.837,-0.639,0.93,0
12296,1.63,66.99,-2.047,1.422,0.373,0
12297,14.15,52.37,-0.635,-1.633,-0.936,0
12298,12.1,1.79,-1.148,1.865,-0.283,0
12299,13.73,22.69,0.827,0.326,1.378,0
12300,16.84,106.75,0.244,-0.132,0.803,0
12301,12.19,7.8,-0.683,0.209,-0.717,0
12302,16.9,46.79,0.636,-2.028,-2.042,0
12303,13.58,11.93,0.267,-0.552,-1.293,0
12304,7.14,46.41,-0.771,-0.347,1.009,0
12305,11.32,25.09,-0.175,-0.551,0.197,0
12306,6.5,32.47,-0.142,-0.124,0.025,0
12307,11.54,79.48,1.501,0.945,0.456,0
12308,15.19,104.33,0.94,-2.208,0.124,0
12309,16.35,31.52,0.64,1.089,1.876,0
12310,21.61,17.35,3.204,1.802,1.271,0
12311,14.01,36.68,2.973,0.314,2.323,0
12312,23.25,150.21,1.066,0.069,-1.441,0
12313,18.32,115.2,-0.559,0.855,-0.727,0
12314,10.96,6.77,0.053,0.301,0.924,0
12315,22.67,15.9,-1.136,0.11,-0.115,0
12316,7.24,10.27,-0.582,1.487,0.221,0
12317,16.11,16.5,0.15,-0.588,1.677,0
12318,18.54,96.5,0.836,0.303,-4.633,0
12319,9.91,88.87,1.201,-0.209,1.643,0
12320,5.11,50.38,3.02,-1.274,-1.587,0
12321,14.24,59.69,-0.122,-0.569,-0.032,0
12322,10.85,5.37,-0.328,1.302,-0.68,0
12323,17.62,54.21,-0.15,0.12,-0.398,0
12324,13.4,7.4,0.326,-0.612,0.513,0
12325,5.47,137.73,-0.814,0.349,2.023,0
12326,8.23,25.37,-0.488,1.491,-1.71,0
12327,20.26,18.38,1.39,1.726,0.993,0
12328,14.05,11.29,-1.113,-1.459,1.189,0
12329,5.92,11.6,-1.892,0.035,-1.091,0
12330,4.22,50.45,-1.234,-1.853,-0.373,0
12331,8.77,127.94,-2.573,-2.189,-1.679,0
12332,11.56,100.81,-0.122,0.099,2.138,0
12333,9.38,171.31,0.463,0.696,2.876,0
12334,6.66,69.53,-0.576,1.806,-1.529,0
12335,5.35,2200.88,2.066,-1.15,0.794,1
12336,18.57,18.39,2.103,0.572,1.719,0
12337,13.1,343.62,0.244,0.811,0.225,0
12338,6.5,116.05,-1.976,-0.112,-0.505,0
12339,14.51,31.48,2.225,0.307,-0.639,0
12340,13.18,1062.15,-0.907,-0.444,-0.602,0
12341,13.94,37.5,0.489,1.13,2.27,0
12342,10.75,26.89,0.978,-0.413,-0.084,0
12343,12.65,69.32,-0.026,-1.903,0.332,0
12344,5.7,363.14,-0.953,-0.197,0.686,0
12345,16.82,61.83,1.258,-0.206,0.611,0
12346,15.61,86.87,0.298,0.58,-0.774,0
12347,11.06,42.86,-0.921,1.155,-1.884,0
12348,21.02,85.48,0.3,-0.335,0.526,0
12349,16.79,7.88,-1.488,-0.005,1.66,0
12350,17.09,250.89,-2.625,1.305,-1.803,0
12351,7.34,23.4,4.211,1.036,-0.838,0
12352,16.08,76.04,-0.521,-0.645,0.114,0
12353,16.12,125.64,-0.563,0.542,1.018,0
12354,10.06,20.04,-1.035,-0.129,0.835,0
12355,4.06,67.46,-0.828,-1.309,-0.971,0
12356,23.06,61.41,-1.664,-0.408,-2.098,0
12357,13.53,10.21,-0.682,-0.196,-0.213,0
12358,20.63,16.7,-0.03,-0.766,1.393,0
12359,11.02,24.67,-0.337,-0.189,1.215,0
12360,0.41,287.96,-0.808,-1.485,0.484,0
12361,17.64,9.75,0.51,-0.374,-2.809,0
12362,0.07,44.65,-0.371,0.331,-0.424,0
12363,11.45,9.64,0.141,-0.821,2.087,0
12364,9.89,179.73,0.895,1.007,0.447,0
12365,21.23,34.63,-2.195,-0.608,-1.334,0
12366,12.87,43.56,0.622,-0.057,0.428,0
12367,7.33,76.19,-1.1,-2.052,-0.881,0
12368,16.24,358.99,1.017,-2.165,-0.849,0
12369,19.19,17.37,0.817,0.568,-2.254,0
12370,16.81,23.3,1.102,-1.948,0.557,0
12371,5.96,473.92,-2.417,0.038,0.659,0
12372,12.66,27.07,-1.691,2.504,-0.079,0
12373,19.88,9.72,-1.361,0.177,0.111,0
12374,15.53,148.87,-0.417,-1.083,-1.537,0
12375,9.78,166.41,-0.872,-1.125,1.115,0
12376,18.39,58.76,2.843,0.124,0.542,0
12377,6.54,69.31,1.166,1.406,-0.837,0
12378,0.02,39.19,-1.277,-0.769,0.928,0
12379,15.89,41.04,1.925,-0.143,0.135,0
12380,20.96,67.81,-1.655,-0.985,-1.378,0
12381,15.15,57.97,-1.124,-0.42,1.055,0
12382,17.4,7.82,2.064,0.766,-1.265,0
12383,21.26,185.89,-0.139,0.921,0.076,0
12384,11.44,14.05,-0.636,0.262,2.201,0
12385,12.91,8.21,0.699,-1.958,-2.286,0
12386,14.08,24.86,1.58,1.176,1.343,0
12387,16.13,76.44,-2.742,1.84,0.417,0
12388,17.18,19.0,0.517,0.708,-1.061,0
12389,8.43,451.34,2.228,-1.526,1.116,0
12390,10.18,2.19,-0.796,-0.671,-0.287,0
12391,20.43,23.04,1.246,2.0,0.948,0
12392,20.44,315.68,-0.865,1.3,-0.083,0
12393,12.81,54.91,0.952,-1.159,-0.693,0
12394,14.1,32.64,-2.35,0.652,0.447,0
12395,10.09,4.38,-0.287,0.032,1.895,0
12396,17.39,131.38,-0.595,1.608,-1.899,0
12397,13.23,55.11,-1.36,1.494,-2.375,0
12398,23.07,63.45,-1.647,0.42,-1.898,0
12399,15.23,87.9,0.722,-0.642,1.096,0
12400,10.51,12.48,0.373,-1.334,0.095,0
12401,15.72,74.31,0.653,-0.82,-1.208,0
12402,11.41,93.32,-0.267,-0.866,-0.308,0
12403,10.75,42.52,0.329,-0.708,-2.617,0
12404,9.73,104.87,-0.805,1.208,2.68,0
12405,21.44,209.43,1.263,-1.853,-0.266,0
12406,5.72,132.49,-1.273,0.51,3.57,0
12407,8.35,93.88,-0.472,-1.203,-0.619,0
12408,11.89,14.59,1.903,-2.113,-3.161,0
12409,17.1,43.81,-1.508,0.791,-1.595,0
12410,13.65,87.66,2.209,0.859,1.853,0
12411,13.61,29.14,-1.529,0.513,-0.734,0
12412,12.22,164.52,0.68,-0.105,-1.029,0
12413,7.26,6.93,1.506,1.079,-1.83,0
12414,23.93,6.92,0.875,0.448,3.431,0
12415,12.47,8.91,-1.336,-0.171,-0.367,0
12416,6.91,133.07,0.14,-0.767,0.312,0
12417,3.68,31.95,0.863,0.935,1.838,0
12418,19.41,9.91,-0.753,0.178,0.303,0
12419,0.37,18.48,0.358,-0.127,-0.483,0
12420,16.34,83.92,-1.232,-1.684,-0.581,0
12421,6.44,44.75,-2.29,2.107,-1.519,0
12422,13.37,123.76,-1.138,-0.007,1.188,0
12423,11.66,12.64,-1.478,-0.015,0.431,0
12424,3.08,5.61,-0.691,2.257,-0.97,0
12425,22.21,29.84,-1.048,-0.872,1.302,0
12426,13.79,46.4,-1.088,0.267,-1.597,0
12427,5.35,16.25,0.342,-0.245,-0.593,0
12428,14.97,246.4,-0.814,-0.63,0.313,0
12429,17.24,98.95,0.807,1.219,0.021,0
12430,9.67,105.55,1.284,2.155,-1.569,0
12431,10.77,27.69,-2.434,0.547,2.178,0
12432,9.3,174.03,-0.723,-0.934,-0.487,0
12433,16.89,13.95,2.075,-1.163,-1.237,0
12434,18.07,17.39,0.983,0.54,0.602,0
12435,21.41,484.2,-0.834,0.932,0.88,0
12436,11.4,45.57,2.063,-0.967,1.654,0
12437,20.27,28.19,1.318,-0.833,-0.563,0
12438,23.53,75.49,-1.709,-0.553,-1.333,0
12439,15.11,14.19,2.587,0.981,0.908,0
12440,21.33,99.01,-0.716,0.064,-1.326,0
12441,13.58,107.89,1.957,0.003,-0.359,0
12442,10.82,7.67,-0.794,2.242,1.167,0
12443,16.37,75.79,0.675,0.216,-1.39,0
12444,13.71,97.32,2.339,0.304,0.035,0
12445,1.86,191.01,1.009,-0.54,-0.697,0
12446,14.89,69.47,-0.934,-0.621,0.574,0
12447,9.49,35.83,-2.936,-0.045,2.355,0
12448,12.1,423.17,0.356,-0.959,0.772,0
12449,21.54,44.53,-0.444,-0.744,0.491,0
12450,5.44,155.98,1.006,-0.202,1.205,0
12451,14.61,40.57,2.243,-0.419,0.785,0
12452,7.2,403.81,-2.744,1.848,1.141,0
12453,23.09,24.85,2.607,0.962,0.586,0
12454,5.16,12.72,-2.452,0.429,1.247,0
12455,11.26,149.84,1.618,-0.078,-1.349,0
12456,11.72,25.69,0.984,-0.182,2.801,0
12457,16.16,35.26,-0.519,0.292,1.087,0
12458,18.6,233.78,0.266,-0.236,0.101,0
12459,19.69,29.72,1.207,-2.521,-1.134,0
12460,3.94,115.11,-0.981,1.388,-1.759,0
12461,5.38,211.37,-1.484,0.622,-0.409,0
12462,4.43,47.03,0.759,-0.264,2.953,0
12463,18.98,145.82,0.723,-0.479,0.567,0
12464,15.29,26.35,1.249,1.177,0.392,0
12465,11.56,60.49,-1.541,-0.736,0.699,0
12466,12.05,5.27,0.357,0.928,-0.758,0
12467,12.73,44.34,2.175,1.357,-0.901,0
12468,10.06,55.89,1.029,0.421,-1.046,0
12469,15.24,158.68,-0.167,-1.066,-1.368,0
12470,11.55,424.34,1.535,1.486,1.306,0
12471,18.03,36.04,0.295,-0.952,-0.05,0
12472,3.29,107.9,-2.09,-0.566,1.513,0
12473,18.76,15.35,0.483,0.424,1.435,0
12474,2.6,176.02,0.766,-0.817,1.292,0
12475,3.95,96.13,-0.059,-2.097,1.19,0
12476,20.36,25.62,-0.208,1.847,-0.248,0
12477,14.75,4.4,-0.029,0.91,-1.253,0
12478,13.33,27.39,0.846,-0.57,2.13,0
12479,18.14,155.82,0.265,-0.076,1.426,0
12480,10.4,56.97,0.02,0.584,1.094,0
12481,14.22,159.91,-0.177,0.399,-0.261,0
12482,13.83,115.1,-0.574,-1.236,0.311,0
12483,17.72,18.73,0.237,0.656,1.683,0
12484,18.54,256.91,-0.777,-1.734,-2.088,0
12485,16.95,4.91,1.297,-0.935,-1.485,0
12486,18.05,48.97,-1.017,-0.675,0.897,0
12487,13.03,50.97,-1.136,-1.338,-1.219,0
12488,11.35,87.95,1.445,0.209,1.179,0
12489,20.82,56.45,-0.541,0.802,-1.504,0
12490,17.72,142.92,0.12,-1.424,-0.497,0
12491,15.83,62.8,2.123,-1.827,2.473,0
12492,14.09,85.7,2.451,0.86,0.088,0
12493,20.61,108.96,1.414,-0.328,-0.869,0
12494,15.43,16.69,0.908,1.557,-0.458,0
12495,14.16,30.97,0.956,1.487,-1.692,0
12496,17.7,126.28,-0.656,1.065,0.978,0
12497,8.59,93.58,0.587,0.981,0.902,0
12498,15.16,14.01,-1.56,-0.394,0.563,0
12499,14.66,90.02,-1.99,-0.843,-4.032,0
12500,14.35,26.48,-0.005,0.657,1.303,0
12501,2.93,45.32,-0.504,-1.064,0.159,0
12502,23.24,33.59,0.172,-0.089,0.024,0
12503,11.25,27.72,-0.49,-0.166,0.57,0
12504,4.99,26.32,2.134,1.266,-2.286,0
12505,23.13,55.06,-1.026,1.281,-0.676,0
12506,17.74,117.19,0.634,0.207,-1.945,0
12507,10.08,18.8,-0.964,-0.233,-0.126,0
12508,18.97,19.65,1.069,0.621,-2.077,0
12509,2.2,51.55,0.98,-1.097,0.174,0
12510,8.54,29.37,0.097,-3.231,0.111,0
12511,19.0,54.67,0.559,-0.798,2.288,0
12512,8.58,68.69,-0.314,-1.317,-1.735,0
12513,12.49,32.0,0.354,-1.435,0.411,0
12514,12.4,53.62,0.5,0.609,-0.638,0
12515,12.07,34.94,0.944,0.838,-1.844,0
12516,12.08,101.59,1.209,-1.474,0.351,0
12517,3.78,91.4,1.029,-0.942,-2.057,0
12518,15.73,12.45,1.264,1.189,-2.169,0
12519,15.16,59.17,0.839,-0.616,0.365,0
12520,19.69,38.08,0.772,1.546,0.946,0
12521,5.21,19.83,0.429,1.054,0.502,0
12522,7.08,24.58,0.81,1.036,-0.899,0
12523,10.34,31.17,-1.117,1.198,1.282,0
12524,17.07,272.46,1.779,-1.262,-0.232,0
12525,10.65,115.56,-1.736,0.574,0.241,0
12526,14.45,41.78,0.72,1.188,-0.326,0
12527,22.35,12.56,1.727,-0.881,-1.49,0
12528,18.24,131.34,-0.572,0.997,-0.752,0
12529,16.34,67.08,0.435,0.101,-0.047,0
12530,16.6,36.72,0.455,-0.617,-1.617,0
12531,19.63,11.28,4.036,-0.061,0.142,0
12532,19.73,200.36,0.517,-0.486,-1.385,0
12533,19.29,32.73,3.059,0.287,-0.819,0
12534,7.01,21.21,0.133,-1.318,-0.468,0
12535,6.03,151.39,-1.018,-0.514,-0.412,0
12536,13.59,32.79,2.053,-0.196,0.086,0
12537,21.92,375.57,1.384,-0.106,3.156,0
12538,10.99,38.23,0.485,0.619,-0.389,0
12539,14.53,63.9,-2.105,0.508,0.36,0
12540,8.26,97.03,0.082,0.235,-1.745,0
12541,8.17,38.25,-0.368,-0.104,0.712,0
12542,12.62,32.53,1.649,0.875,-0.445,0
12543,14.18,31.08,-1.103,0.461,-1.617,0
12544,11.3,40.67,-0.074,-0.087,1.949,0
12545,11.05,54.5,1.423,2.732,1.501,0
12546,9.22,59.32,-2.418,0.793,2.053,0
12547,13.03,98.31,3.275,-0.733,-0.97,0
12548,6.36,30.02,0.071,-0.801,0.009,0
12549,17.91,32.46,-0.027,-1.742,-2.292,0
12550,6.01,16.74,-0.813,-0.583,2.003,0
12551,16.87,39.94,0.03,1.117,0.059,0
12552,11.03,20.73,1.369,-1.295,-1.127,0
12553,12.86,41.87,-0.207,0.272,2.148,0
12554,16.38,190.74,-2.354,1.991,0.197,0
12555,4.36,40.65,1.246,0.786,-0.122,0
12556,10.54,258.33,-0.211,-0.856,0.438,0
12557,11.1,159.61,0.626,-1.743,0.772,0
12558,4.01,16.34,0.576,-0.326,1.975,0
12559,9.66,131.96,-0.306,-0.62,1.373,0
12560,18.24,10.46,-0.356,0.954,-0.091,0
12561,1.4,14.25,0.663,-1.054,2.041,0
12562,12.9,462.75,1.977,-0.925,1.282,0
12563,9.82,384.02,-0.718,-2.031,1.003,0
12564,11.26,4.7,4.022,2.926,3.256,0
12565,18.7,81.46,0.18,-0.67,-0.121,0
12566,15.58,29.1,-0.117,-1.591,1.271,0
12567,3.08,34.54,-0.096,-0.186,0.366,0
12568,20.11,53.68,0.444,1.557,1.306,0
12569,11.3,73.82,-0.824,-0.157,-0.864,0
12570,9.35,108.23,-0.736,0.722,-1.772,0
12571,19.31,72.77,0.44,-1.314,0.632,0
12572,9.52,54.2,1.708,-2.139,-0.383,0
12573,14.9,58.22,-0.467,-0.98,-1.285,0
12574,12.89,19.1,-0.179,-1.702,-0.249,0
12575,0.52,50.59,1.069,-1.55,1.503,0
12576,15.37,64.9,1.864,1.827,2.114,0
12577,19.07,17.02,0.891,-1.186,1.081,0
12578,12.97,77.93,-0.466,0.605,1.084,0
12579,19.14,191.98,-1.49,-1.776,1.638,0
12580,20.69,66.31,1.439,1.646,-0.043,0
12581,17.44,37.85,0.277,0.672,-1.857,0
12582,20.29,40.26,-1.353,0.414,-1.241,0
12583,4.53,28.39,1.052,0.549,-0.783,0
12584,9.21,1317.45,-0.331,-1.659,-2.436,0
12585,8.78,29.95,0.495,-1.068,4.842,0
12586,15.62,15.63,-0.714,-0.326,-2.483,0
12587,12.57,140.14,-1.002,0.409,0.092,0
12588,11.85,32.51,-2.467,-1.295,1.787,0
12589,21.24,41.34,0.317,0.153,0.763,0
12590,9.26,123.39,-0.173,-1.856,-2.479,0
12591,12.51,22.85,-1.936,-0.002,-0.019,0
12592,0.96,97.74,-0.503,2.422,0.291,0
12593,13.02,51.32,-0.773,-2.528,0.861,0
12594,21.23,103.3,-0.669,0.841,-0.902,0
12595,13.24,79.02,1.753,0.69,-0.125,0
12596,5.21,8.38,-2.106,-1.241,0.931,0
12597,20.75,28.81,2.72,-1.404,-0.643,0
12598,12.81,24.03,0.019,1.585,1.224,0
12599,7.36,300.8,-0.278,-0.32,0.394,0
12600,22.69,49.41,0.286,-0.088,0.463,0
12601,16.13,293.71,0.624,-2.385,0.327,0
12602,10.98,17.68,1.136,1.356,2.876,0
12603,16.04,36.09,0.771,1.404,0.838,0
12604,7.38,34.85,0.224,1.409,-1.471,0
12605,2.26,126.27,0.218,-0.131,-1.7,0
12606,18.36,35.15,1.368,0.058,1.035,0
12607,10.99,73.31,0.359,-0.541,-1.59,0
12608,6.06,12.22,-0.05,-2.121,2.312,0
12609,16.24,31.05,-3.63,-0.643,1.971,0
12610,16.31,35.0,-0.568,1.684,-0.605,0
12611,7.91,55.81,1.133,-0.348,0.111,0
12612,18.47,77.07,-0.107,1.338,-1.471,0
12613,10.94,20.87,0.104,-0.547,-1.834,0
12614,9.43,167.79,4.611,-1.698,4.129,1
12615,22.72,27.92,-1.097,-0.064,2.324,0
12616,11.88,211.42,1.651,-2.342,-1.313,0
12617,5.05,27.33,1.623,0.189,-0.121,0
12618,5.55,10.67,-0.076,0.699,4.295,0
12619,6.2,7.59,0.525,-3.253,1.86,0
12620,22.39,34.19,-0.489,0.501,1.989,0
12621,11.42,5.62,0.872,-1.028,0.657,0
12622,10.81,45.91,0.174,0.014,-0.147,0
12623,14.48,13.64,-2.124,0.396,-0.065,0
12624,3.07,2.53,0.749,1.434,-0.352,0
12625,17.44,185.4,-2.553,-0.86,1.213,0
12626,6.98,54.05,-0.521,0.436,-0.055,0
12627,17.06,31.17,-0.984,-0.469,0.081,0
12628,6.1,9.7,-1.804,-0.795,-1.574,0
12629,8.86,100.51,-0.358,1.755,0.696,0
12630,20.35,139.66,0.613,-1.141,0.053,0
12631,13.11,10.98,1.497,1.079,-0.305,0
12632,13.46,11.55,-0.401,0.549,-2.261,0
12633,20.29,195.03,-1.114,0.785,-1.657,0
12634,11.83,40.04,2.111,0.712,-1.05,0
12635,14.32,10.3,0.617,-0.547,-0.988,0
12636,18.37,45.78,1.446,1.323,0.617,0
12637,12.44,19.5,-0.309,-0.449,1.159,0
12638,8.2,21.83,-0.401,0.781,-0.415,0
12639,4.17,21.8,1.619,-1.52,-0.118,0
12640,2.9,6.42,2.353,0.214,-0.115,0
12641,15.92,19.42,0.991,-0.002,2.969,0
12642,9.4,21.83,0.5,1.219,4.167,0
12643,10.84,31.16,-0.408,0.237,-0.949,0
12644,10.55,307.36,-2.253,-1.605,0.846,0
12645,17.84,61.03,-2.772,-1.712,1.289,0
12646,21.47,69.36,-0.739,-0.138,-2.87,0
12647,11.49,174.7,0.712,2.854,0.423,0
12648,9.9,12.65,1.095,0.275,-0.265,0
12649,9.11,3.93,2.55,1.555,0.059,0
12650,2.69,60.66,0.648,-1.168,-2.041,0
12651,1.88,54.87,-0.376,0.453,-1.291,0
12652,10.46,3.47,-0.601,-1.477,1.013,0
12653,6.1,65.56,1.175,0.757,1.631,0
12654,13.36,174.91,-0.106,-1.462,-1.155,0
12655,22.56,109.07,-0.752,-3.319,1.357,0
12656,15.13,144.88,0.309,-0.051,1.476,0
12657,18.41,9.16,-0.696,-0.517,1.005,0
12658,22.77,51.0,-0.423,-0.187,0.7,0
12659,13.26,125.27,2.081,0.745,0.124,0
12660,18.73,139.88,-1.213,1.097,1.494,0
12661,13.78,152.32,0.55,-0.46,-2.643,0
12662,18.45,63.05,-2.472,-1.543,-1.45,0
12663,10.03,37.4,0.243,-0.964,-0.08,0
12664,14.51,33.09,2.394,-2.235,0.574,0
12665,22.04,14.41,2.122,-1.001,-0.769,0
12666,13.37,18.38,-1.21,-1.281,-0.178,0
12667,4.64,32.13,0.317,-0.625,-0.658,0
12668,22.23,51.87,0.199,1.433,-1.291,0
12669,14.93,35.81,-1.868,0.21,-0.919,0
12670,19.67,25.84,0.663,0.603,0.025,0
12671,2.19,155.22,-0.276,-0.945,2.168,0
12672,20.89,70.63,-0.286,-1.699,0.492,0
12673,12.04,40.64,-1.365,0.339,1.09,0
12674,21.25,23.64,0.517,0.562,-0.902,0
12675,14.61,13.79,0.095,-1.485,-0.49,0
12676,7.85,45.74,-0.092,-1.341,-0.165,0
12677,10.75,30.69,0.175,-0.606,1.711,0
12678,13.53,39.78,0.994,0.029,2.374,0
12679,10.75,11.92,0.093,1.281,0.597,0
12680,8.94,2.65,-0.59,0.611,0.879,0
12681,16.67,53.94,-1.281,-0.855,1.594,0
12682,10.42,29.92,-2.371,1.374,1.143,0
12683,13.08,7.71,-1.881,-0.209,1.187,0
12684,10.64,68.51,-0.383,2.079,0.003,0
12685,15.22,36.41,0.029,0.514,-1.064,0
12686,11.84,5.24,0.649,-0.696,-0.654,0
12687,3.74,68.0,-2.34,-0.946,-0.041,0
12688,0.37,22.39,0.01,-0.008,-0.049,0
12689,23.76,19.22,-0.509,1.194,-0.815,0
12690,22.31,190.3,-3.985,-0.269,-0.565,0
12691,9.96,18.64,-0.166,-1.111,0.809,0
12692,8.75,134.15,0.418,0.846,-0.887,0
12693,13.36,9.69,-0.434,-1.178,0.102,0
12694,18.83,448.4,-1.031,0.857,0.705,0
12695,11.25,9.68,-0.081,-1.113,-1.316,0
12696,7.96,50.15,0.605,0.982,-1.743,0
12697,6.08,13.46,-1.55,0.903,0.98,0
12698,17.6,74.76,-1.97,0.513,-0.382,0
12699,23.25,83.12,-0.121,2.261,0.824,0
12700,15.2,120.4,2.182,-0.009,0.274,0
12701,9.42,30.94,0.334,1.073,2.096,0
12702,20.32,90.67,0.311,0.111,-2.39,0
12703,7.2,90.35,-0.097,-0.119,-0.874,0
12704,20.69,24.95,-2.851,1.457,-0.387,0
12705,23.37,13.3,1.952,0.299,0.153,0
12706,18.39,81.87,0.978,-0.461,-0.009,0
12707,5.82,8.55,-1.657,-0.362,-1.961,0
12708,9.69,35.23,-0.057,1.586,-0.144,0
12709,7.64,106.28,0.059,-1.204,0.166,0
12710,18.24,39.15,1.152,0.972,-0.972,0
12711,13.13,24.65,-1.52,-0.616,-0.779,0
12712,1.95,75.25,0.946,-0.742,0.913,0
12713,10.11,34.71,0.43,-0.443,0.497,0
12714,4.83,136.72,-1.372,-0.177,-0.19,0
12715,11.96,25.16,-2.659,0.39,1.796,0
12716,13.58,420.23,0.719,-1.521,2.483,0
12717,10.02,538.46,-1.142,-0.012,-0.618,0
12718,21.29,18.23,0.812,-1.098,-0.432,0
12719,13.82,261.97,-0.365,0.205,-0.45,0
12720,12.29,15.78,1.17,1.339,-2.038,0
12721,12.44,53.9,0.384,-2.09,-0.901,0
12722,15.17,362.6,-0.993,0.2,-1.759,0
12723,17.85,16.38,0.943,-0.002,0.962,0
12724,16.06,32.08,1.23,-1.081,-0.491,0
12725,12.06,21.53,-0.503,0.123,-0.066,0
12726,13.21,68.42,0.877,0.05,2.277,0
12727,17.24,32.45,-1.338,-0.551,-0.512,0
12728,20.59,24.72,1.079,-0.768,-0.15,0
12729,18.84,4.0,-1.728,-1.354,-0.782,0
12730,0.82,18.82,0.18,-1.445,-0.321,0
12731,6.47,64.75,0.057,1.018,2.776,0
12732,9.5,103.34,1.144,0.608,0.736,0
12733,15.87,592.46,-0.878,0.964,0.738,0
12734,13.08,72.12,1.681,0.934,2.187,0
12735,22.39,18.01,-1.184,-0.021,-1.388,0
12736,19.44,358.9,0.228,-2.508,-0.714,0
12737,12.35,359.61,0.282,-0.208,-1.654,0
12738,16.17,27.48,-2.335,0.421,-0.803,0
12739,18.49,87.77,1.103,-1.756,-1.708,0
12740,21.68,250.71,0.056,1.749,0.576,0
12741,8.15,154.29,1.939,0.686,-0.023,0
12742,14.99,7.37,0.032,0.045,-0.477,0
12743,3.14,436.76,-1.087,0.531,-0.322,0
12744,14.45,117.45,0.258,0.56,1.32,0
12745,13.33,176.72,0.085,-1.222,-0.368,0
12746,3.13,49.21,0.49,-0.33,-2.652,0
12747,18.29,43.8,-0.58,0.393,-1.522,0
12748,14.76,18.34,-0.342,0.599,-1.158,0
12749,16.64,729.54,-0.907,-0.184,-0.338,0
12750,15.62,8.51,-1.356,1.194,2.466,0
12751,17.89,78.2,0.749,-1.068,2.866,0
12752,16.98,72.28,2.646,-0.021,-1.275,0
12753,6.77,52.9,-0.806,1.369,2.601,0
12754,17.51,21.38,-1.305,-0.61,-1.403,0
12755,8.62,31.5,0.075,1.175,1.886,0
12756,19.09,45.85,-0.692,-0.942,1.203,0
12757,4.95,17.92,2.016,-1.133,-3.535,0
12758,15.62,151.05,-0.21,1.195,2.586,0
12759,14.35,73.84,-0.402,-0.09,2.049,0
12760,14.05,10.07,-0.739,0.123,0.675,0
12761,16.18,2.17,-1.969,-0.317,-2.351,0
12762,14.63,10.36,0.896,-0.101,-1.276,0
12763,21.13,27.48,-2.138,-0.083,0.058,0
12764,17.19,53.76,0.979,-0.284,-0.373,0
12765,16.48,90.26,1.105,-2.019,-0.143,0
12766,9.27,282.69,-0.72,-0.962,-0.187,0
12767,9.28,148.34,2.127,-0.031,0.533,0
12768,4.03,11.37,-0.134,1.437,3.045,0
12769,6.04,25.6,-0.98,-1.39,0.263,0
12770,7.78,31.0,-0.524,-2.604,0.1,0
12771,12.99,19.16,-2.771,1.338,2.116,0
12772,18.15,376.23,2.212,-1.167,0.452,0
12773,1.38,3.29,-0.095,0.586,-0.435,0
12774,18.47,101.77,0.127,1.275,-0.194,0
12775,15.9,46.85,-0.194,1.734,1.258,0
12776,14.97,92.29,-1.855,-1.796,-0.167,0
12777,17.91,136.93,-1.654,-1.156,0.018,0
12778,19.62,173.06,-0.68,0.375,-2.563,0
12779,20.36,91.8,1.743,2.108,-1.451,0
12780,13.83,75.93,2.345,-0.224,2.527,0
12781,5.55,62.07,-1.873,-0.406,1.302,0
12782,12.04,87.96,-1.482,-0.846,-1.001,0
12783,19.43,43.27,-0.386,0.221,0.211,0
12784,23.04,68.06,2.435,-0.366,-1.935,0
12785,17.67,24.04,1.163,-3.143,-0.847,0
12786,23.94,81.26,0.058,1.688,0.154,0
12787,3.16,11.56,-0.504,-0.199,0.869,0
12788,11.89,96.61,0.474,-2.009,0.618,0
12789,23.5,312.81,0.97,0.935,0.153,0
12790,11.88,35.6,0.238,0.653,1.093,0
12791,11.52,20.95,-1.311,-2.053,2.013,0
12792,20.37,19.72,-0.521,-0.144,1.613,0
12793,19.93,6.92,0.388,-0.635,-1.602,0
12794,8.9,154.03,-1.535,0.714,-0.576,0
12795,12.56,20.7,0.53,-0.496,-0.902,0
12796,21.22,54.8,-2.001,0.052,-1.26,0
12797,12.57,29.89,-0.033,-1.058,-1.705,0
12798,3.25,386.3,-0.599,0.822,-0.911,0
12799,10.81,199.43,1.549,0.554,-1.667,0
12800,20.5,136.15,-2.579,-2.061,1.97,0
12801,19.22,69.33,1.439,-0.699,-0.758,0
12802,11.16,32.99,1.526,-0.249,0.589,0
12803,11.64,12.57,0.264,-1.132,-0.405,0
12804,11.21,215.9,0.568,1.354,1.034,0
12805,20.71,7.31,-1.641,-1.002,-1.878,0
12806,12.74,28.98,-2.832,-1.324,0.73,0
12807,12.81,117.97,-1.425,0.304,-0.637,0
12808,11.91,38.94,0.46,-2.355,-0.475,0
12809,19.15,46.54,-2.337,-0.419,1.576,0
12810,11.6,8.12,0.083,-1.374,0.265,0
12811,10.99,47.97,0.601,0.365,1.674,0
12812,18.86,171.78,1.272,1.087,-0.22,0
12813,15.89,15.52,-2.075,0.415,-0.431,0
12814,16.65,20.54,-2.099,-2.366,-0.348,0
12815,17.56,30.54,1.477,-0.33,-1.064,0
12816,2.98,82.64,0.382,-1.557,-1.96,0
12817,17.26,25.89,1.202,0.027,0.204,0
12818,14.26,9.52,0.01,0.576,0.708,0
12819,8.89,71.25,0.66,-0.128,-1.587,0
12820,13.46,18.09,1.675,0.573,1.671,0
12821,10.96,82.76,1.965,1.367,1.575,0
12822,14.48,43.03,-1.153,-0.389,0.049,0
12823,18.86,162.11,-0.279,2.07,-0.347,0
12824,16.54,79.2,-0.984,0.862,0.576,0
12825,12.57,13.89,0.22,1.124,1.084,0
12826,13.22,64.91,1.248,-2.868,-0.067,0
12827,11.91,105.81,0.984,0.232,-0.773,0
12828,14.12,103.36,-0.576,-0.703,2.187,0
12829,13.99,26.94,-0.021,0.634,2.939,0
12830,12.36,7.71,-1.599,0.32,1.382,0
12831,5.94,208.78,-0.716,1.13,1.17,0
12832,17.43,1061.33,1.577,0.15,-2.168,0
12833,2.95,158.23,-0.223,2.564,-0.26,0
12834,13.17,47.33,0.942,1.725,-1.734,0
12835,11.7,19.07,-0.99,-0.59,-1.368,0
12836,16.47,7.22,-0.658,-1.057,0.312,0
12837,12.14,62.89,0.481,-1.308,-0.501,0
12838,7.28,278.12,0.362,-4.027,2.478,1
12839,21.8,141.98,3.01,1.158,0.734,0
12840,5.93,51.32,1.316,0.471,0.097,0
12841,18.97,12.4,0.764,-1.283,-1.761,0
12842,11.38,81.37,-0.301,0.814,0.13,0
12843,20.67,180.88,-0.279,-0.869,1.464,0
12844,14.27,128.11,-0.729,1.916,1.08,0
12845,10.48,8.65,0.506,0.812,-0.221,0
12846,11.53,335.9,-0.029,-1.245,-1.236,0
12847,13.39,100.74,-1.347,-0.97,-0.526,0
12848,6.07,29.21,0.564,-0.272,-1.18,0
12849,11.32,23.98,0.305,-0.601,-0.552,0
12850,9.09,231.34,0.844,-0.441,0.457,0
12851,17.87,7.69,-0.004,-1.013,-0.885,0
12852,7.05,4.16,-0.524,-2.538,1.127,0
12853,7.02,46.7,-1.191,-1.069,-0.56,0
12854,11.69,41.76,-0.984,0.807,-2.46,0
12855,8.93,18.42,0.196,0.166,-0.547,0
12856,3.72,31.48,2.161,-0.828,-1.316,0
12857,12.94,36.99,2.188,0.026,1.829,0
12858,4.79,83.91,2.052,-3.628,3.108,1
12859,9.45,166.23,0.363,-1.679,0.853,0
12860,13.05,17.96,-0.568,-1.303,-1.201,0
12861,19.41,5.31,0.516,-0.963,-1.243,0
12862,11.0,33.33,-1.621,0.61,-1.728,0
12863,4.77,32.98,1.759,-1.337,0.033,0
12864,10.18,100.29,-0.8,0.312,-2.237,0
12865,23.01,16.88,-0.519,2.57,-2.18,0
12866,10.08,31.61,-2.911,-0.204,-0.967,0
12867,15.75,4.41,0.802,-0.618,0.486,0
12868,13.08,28.79,-0.163,-1.435,-1.975,0
12869,12.08,97.31,-1.842,0.098,0.468,0
12870,22.7,62.84,-1.369,0.35,1.097,0
12871,12.79,53.01,-0.573,0.269,-1.097,0
12872,17.6,246.94,-0.277,-0.05,-2.757,0
12873,13.6,93.85,0.105,1.363,0.713,0
12874,19.82,358.09,-0.581,0.615,1.993,0
12875,20.63,64.3,1.959,0.687,-0.739,0
12876,18.3,55.04,2.126,-0.558,-1.136,0
12877,1.82,30.96,-0.352,0.298,0.51,0
12878,20.43,62.03,1.631,-0.617,-1.34,0
12879,14.87,22.81,-0.49,1.42,-1.339,0
12880,0.23,285.72,-0.391,-0.008,1.094,0
12881,14.81,19.29,0.347,-0.528,-0.79,0
12882,5.08,26.65,0.119,1.008,0.34,0
12883,14.66,93.14,0.885,0.996,-1.209,0
12884,14.39,148.33,0.696,0.739,-0.735,0
12885,20.47,9.96,-0.815,1.574,0.452,0
12886,13.56,22.53,-0.976,1.055,-1.501,0
12887,11.92,46.72,1.772,0.453,-1.516,0
12888,22.68,53.96,0.678,0.869,1.935,0
12889,23.59,43.96,0.482,-0.118,3.384,0
12890,7.75,19.57,1.093,0.7,-1.747,0
12891,15.68,12.28,1.722,2.06,0.533,0
12892,12.46,9.84,-0.546,0.535,1.017,0
12893,9.74,109.2,1.206,-0.438,-1.55,0
12894,18.99,23.04,-1.595,0.446,0.328,0
12895,19.56,47.19,0.259,-0.235,-0.867,0
12896,4.72,25.24,-1.32,-1.742,-1.621,0
12897,1.88,37.7,-1.089,-0.552,0.446,0
12898,18.77,157.11,-0.787,0.866,1.117,0
12899,8.47,54.99,-0.468,-0.274,0.785,0
12900,10.48,451.79,-0.577,-0.862,1.168,0
12901,11.69,294.48,-2.489,1.442,-2.266,0
12902,5.63,41.63,0.018,-0.424,0.15,0
12903,14.46,152.16,0.268,-2.215,-2.399,0
12904,0.17,101.48,1.943,0.672,-0.814,0
12905,10.6,76.37,-0.581,0.148,-0.409,0
12906,5.1,37.12,1.441,-0.469,0.621,0
12907,14.79,109.87,-0.798,1.247,-2.634,0
12908,8.1,3.49,0.809,-0.591,0.98,0
12909,13.76,102.12,0.284,0.494,0.456,0
12910,19.43,9.98,-1.566,0.201,-0.916,0
12911,12.51,39.44,-1.126,-0.592,-1.252,0
12912,16.61,61.74,-1.035,1.001,0.998,0
12913,17.56,5.6,-2.581,-0.107,-0.955,0
12914,23.2,37.61,-0.348,-1.233,2.067,0
12915,10.38,5.51,-1.719,1.588,-1.633,0
12916,19.76,11.7,-0.323,-0.8,-0.16,0
12917,2.94,202.09,-0.886,0.898,-0.149,0
12918,19.68,68.91,0.536,0.166,0.603,0
12919,8.37,8.32,-0.885,-0.526,-2.004,0
12920,14.6,39.51,-0.471,0.326,3.197,0
12921,18.83,93.56,1.865,0.782,-0.087,0
12922,10.14,28.83,-0.897,0.236,1.005,0
12923,14.03,49.17,0.827,-0.647,1.561,0
12924,16.36,46.02,0.373,-0.9,1.331,0
12925,10.24,8.01,-2.052,-0.033,1.01,0
12926,9.18,51.44,4.249,2.222,2.114,0
12927,15.95,32.51,-0.185,-0.018,2.628,0
12928,1.19,30.1,-0.546,0.025,-2.244,0
12929,18.71,20.13,-1.854,-1.536,2.022,0
12930,19.02,27.43,0.227,-1.334,2.501,0
12931,1.97,25.47,-1.485,-0.234,-0.474,0
12932,7.23,190.74,-2.168,-0.69,-0.48,0
12933,16.43,30.63,-0.39,1.876,-0.095,0
12934,21.7,112.03,1.081,0.082,0.917,0
12935,23.09,9.4,0.954,-1.263,0.382,0
12936,17.56,20.96,2.306,0.226,0.692,0
12937,13.52,49.66,0.07,-0.18,-1.613,0
12938,19.19,160.59,0.937,0.193,0.487,0
12939,14.87,136.62,-0.789,-0.056,0.551,0
12940,10.02,16.84,-0.787,0.402,1.589,0
12941,17.85,409.17,-0.43,-1.341,0.179,0
12942,8.75,151.02,-0.068,1.47,-0.141,0
12943,11.48,46.24,-1.79,-0.636,0.536,0
12944,0.75,8.9,-1.394,0.629,-2.988,0
12945,9.95,31.29,0.317,-0.936,-0.989,0
12946,18.87,36.44,-0.951,1.037,-1.659,0
12947,13.86,27.05,-0.342,1.478,1.296,0
12948,12.37,63.63,-0.225,0.457,0.622,0
12949,12.55,123.93,0.262,-0.248,1.046,0
12950,13.98,16.09,-1.172,0.321,-1.198,0
12951,15.4,49.16,0.816,1.404,0.423,0
12952,5.09,3.51,-2.471,2.247,1.621,0
12953,18.65,43.65,-2.244,1.461,-2.274,0
12954,22.08,20.74,-2.096,0.341,0.873,0
12955,11.56,10.32,-0.126,-0.067,-0.657,0
12956,15.07,29.48,-0.931,0.105,1.295,0
12957,0.48,64.62,0.17,-0.541,0.973,0
12958,0.43,10.74,-2.888,-0.054,0.62,0
12959,20.11,55.57,2.667,-0.426,0.526,0
12960,15.01,52.23,-0.018,0.861,0.189,0
12961,7.05,9.34,-1.864,-0.105,-2.134,0
12962,1.0,67.9,0.584,-0.073,1.365,0
12963,12.31,584.43,-1.803,0.87,-1.094,0
12964,13.39,75.76,-1.401,-0.385,-1.116,0
12965,21.06,5.92,2.183,-0.08,-1.011,0
12966,13.83,70.5,1.145,-1.077,-1.46,0
12967,14.17,10.7,2.952,-0.612,-0.625,0
12968,0.16,86.3,-1.345,0.076,-0.392,0
12969,10.9,24.69,0.12,-1.035,2.5,0
12970,16.2,60.3,2.051,-2.23,0.805,0
12971,0.83,44.35,-0.626,-0.265,-0.627,0
12972,14.36,6.4,-0.762,1.427,0.252,0
12973,13.48,4.04,0.313,-2.035,0.984,0
12974,12.79,10.03,1.206,0.771,-1.822,0
12975,12.02,21.05,-1.286,-1.847,-0.041,0
12976,0.96,12.86,-1.619,-1.004,-2.355,0
12977,13.18,57.63,-0.521,0.252,-0.315,0
12978,8.85,154.63,0.547,-0.687,-1.047,0
12979,12.86,57.49,-2.02,0.648,1.199,0
12980,16.64,13.11,0.574,0.151,2.328,0
12981,12.48,203.78,-0.637,0.079,0.531,0
12982,21.96,80.45,-0.016,-0.178,-1.775,0
12983,15.85,150.49,2.964,-0.032,1.747,0
12984,15.47,12.45,0.921,1.264,-0.748,0
12985,19.66,26.2,-0.933,0.451,-1.791,0
12986,13.69,37.8,-1.264,-0.622,-0.547,0
12987,16.03,55.19,1.061,0.091,-1.433,0
12988,11.84,56.98,-0.163,1.915,-1.393,0
12989,5.71,69.23,2.516,-0.578,-0.639,0
12990,18.04,28.88,0.44,-0.04,2.22,0
12991,18.36,59.55,0.863,1.42,-1.076,0
12992,19.92,10.01,-0.699,-1.292,-0.013,0
12993,5.19,20.92,1.082,-0.006,-1.835,0
12994,5.34,41.32,-0.632,0.045,-1.651,0
12995,10.11,59.32,-0.859,0.744,0.259,0
12996,22.54,21.48,0.818,0.583,-1.964,0
12997,14.84,29.94,2.089,-0.257,-2.877,0
12998,8.13,47.11,-1.09,0.219,-1.042,0
12999,4.73,264.98,-0.258,0.631,-1.704,0
13000,4.15,27.85,-0.795,-0.797,-1.908,0
13001,13.86,11.16,-0.223,-2.127,-0.926,0
13002,7.95,7.03,-1.518,-0.646,3.282,0
13003,12.62,62.26,1.61,1.32,1.962,0
13004,20.75,372.45,-1.082,-0.118,0.997,0
13005,14.29,7.84,-1.211,0.397,-0.324,0
13006,10.74,32.76,-0.175,-1.686,1.018,0
13007,17.97,33.44,-0.644,-0.271,-0.751,0
13008,21.89,68.6,-0.039,-0.161,-0.214,0
13009,10.15,60.36,-0.844,0.33,0.956,0
13010,15.51,102.99,-1.287,0.541,-1.35,0
13011,14.35,5.98,-0.954,0.647,0.931,0
13012,17.36,16.23,-0.276,-0.845,0.144,0
13013,21.18,21.24,-3.223,0.623,-0.293,0
13014,11.19,139.4,1.959,0.472,2.687,0
13015,8.88,43.49,2.223,0.947,1.206,0
13016,4.59,59.74,0.26,-0.658,0.561,0
13017,22.99,37.4,0.33,-1.765,0.538,0
13018,15.39,19.92,0.194,0.845,-1.61,0
13019,21.65,55.09,-1.131,-0.584,1.756,0
13020,20.68,46.18,-1.242,-0.202,1.834,0
13021,23.37,133.41,-1.788,1.147,1.295,0
13022,13.26,11.68,2.015,0.241,-0.766,0
13023,15.45,65.63,0.644,-0.878,1.054,0
13024,0.12,250.53,0.366,0.141,-1.264,0
13025,22.91,41.37,1.108,-1.221,-0.14,0
13026,4.51,47.77,-0.805,-0.539,1.904,0
13027,3.56,87.86,2.973,-2.741,1.451,0
13028,6.6,48.16,0.075,-0.908,0.734,0
13029,5.4,87.7,-0.453,0.353,1.374,0
13030,2.48,21.5,-0.386,-0.437,-1.577,0
13031,12.33,41.57,-0.131,0.782,1.147,0
13032,10.46,73.77,-1.403,-0.618,0.034,0
13033,23.62,77.41,-0.341,0.515,0.256,0
13034,11.77,202.75,-0.594,0.682,-1.738,0
13035,16.21,14.27,1.229,-1.453,0.017,0
13036,18.03,63.42,1.924,-0.743,-3.013,0
13037,18.76,133.73,-2.44,-0.421,0.535,0
13038,4.42,5.33,-0.285,-1.283,2.308,0
13039,8.4,119.07,-0.89,-0.512,1.169,0
13040,8.17,48.93,-2.238,-0.238,1.492,0
13041,18.53,86.84,-0.195,-1.319,0.267,0
13042,7.1,703.32,-1.818,-1.116,1.963,0
13043,22.3,42.5,-0.827,0.531,-0.482,0
13044,7.89,259.9,-0.892,1.077,1.738,0
13045,12.24,12.02,-0.426,0.146,0.773,0
13046,17.88,7.93,-1.132,-0.182,-1.021,0
13047,23.49,110.28,-0.633,0.092,-1.009,0
13048,14.34,41.27,-1.092,0.044,0.114,0
13049,20.42,108.41,-0.055,-2.167,-0.276,0
13050,22.37,14.82,1.168,-0.281,-0.867,0
13051,19.11,55.86,1.73,0.462,0.208,0
13052,19.26,20.45,3.102,-0.897,0.774,0
13053,8.63,167.84,1.317,-0.51,-0.64,0
13054,14.72,135.87,2.243,-1.756,-1.384,0
13055,17.95,9.25,0.904,0.214,-0.751,0
13056,9.44,28.83,0.099,-0.752,0.292,0
13057,8.28,43.36,1.82,-2.317,1.299,0
13058,13.48,16.19,-1.447,-0.51,-2.759,0
13059,12.01,20.41,2.415,-0.488,0.209,0
13060,20.28,6.14,-1.299,-0.234,3.001,0
13061,17.81,30.67,0.19,-0.207,-1.235,0
13062,6.81,31.35,1.335,0.212,1.16,0
13063,17.93,39.79,-0.158,-0.437,-0.255,0
13064,12.84,26.12,-0.595,0.775,-0.511,0
13065,13.35,67.86,0.177,-0.219,0.86,0
13066,22.75,92.4,-0.26,-0.477,-1.215,0
13067,8.54,179.55,0.368,0.123,-1.731,0
13068,20.58,21.23,-2.257,0.419,0.89,0
13069,20.35,23.91,-1.363,-0.054,1.861,0
13070,8.75,14.08,-0.311,-0.583,-0.218,0
13071,12.62,24.27,0.645,-0.667,0.477,0
13072,9.69,14.68,0.189,0.184,0.117,0
13073,0.92,112.61,0.174,-1.833,-3.324,0
13074,15.33,19.87,-1.029,-0.405,-0.689,0
13075,9.53,38.25,-1.584,0.591,-0.6,0
13076,14.93,13.18,-3.174,-1.287,-0.144,0
13077,11.32,161.58,0.154,0.896,-0.081,0
13078,12.88,76.67,1.29,1.511,2.872,0
13079,23.65,71.23,-0.193,0.05,0.665,0
13080,15.61,28.92,3.004,0.232,-0.17,0
13081,15.11,52.65,0.579,-0.224,-0.199,0
13082,19.48,21.22,-1.539,0.174,-0.559,0
13083,17.65,55.14,-0.033,-1.218,1.919,0
13084,14.45,22.51,0.725,0.679,-0.005,0
13085,9.74,55.69,-1.811,-1.375,-0.136,0
13086,0.23,389.69,-1.13,0.584,-0.839,0
13087,10.61,160.33,-1.357,-0.045,-0.192,0
13088,1.21,105.46,-2.294,0.055,1.61,0
13089,16.31,52.38,-2.459,1.02,-0.764,0
13090,0.22,26.79,0.699,0.35,-0.08,0
13091,12.58,55.24,1.657,-0.784,-1.235,0
13092,12.63,226.4,-1.1,-0.592,0.447,0
13093,17.56,279.93,1.145,-0.815,3.047,0
13094,10.58,70.07,0.297,0.418,1.301,0
13095,17.08,32.16,-2.578,-0.209,1.348,0
13096,11.82,76.79,-1.393,2.583,1.909,0
13097,0.35,12.92,-0.178,-0.005,0.406,0
13098,1.89,28.48,3.142,0.046,0.408,0
13099,18.88,11.91,0.894,-1.324,1.729,0
13100,9.4,14.49,1.332,-0.752,-1.603,0
13101,15.07,231.76,-0.216,1.157,1.135,0
13102,23.38,215.66,-0.974,-0.111,0.365,0
13103,3.16,17.34,2.407,-0.423,-0.189,0
13104,11.51,11.56,0.212,-0.724,-0.088,0
13105,4.61,10.3,-1.439,1.05,0.08,0
13106,6.69,111.87,-1.853,-0.135,-2.195,0
13107,15.58,4.81,0.694,-0.31,-1.678,0
13108,23.99,16.57,2.177,1.275,-0.845,0
13109,11.25,68.44,-0.558,-2.27,-1.019,0
13110,17.4,20.37,1.372,1.084,1.098,0
13111,17.85,193.68,-0.909,0.182,1.92,0
13112,15.31,44.51,1.152,-1.04,0.876,0
13113,7.93,27.82,2.606,-0.347,2.772,0
13114,23.13,107.19,0.184,-0.186,-0.673,0
13115,20.14,122.63,0.217,-1.26,0.479,0
13116,11.96,21.18,1.014,-1.486,0.701,0
13117,7.25,101.99,-0.858,0.359,-2.039,0
13118,19.33,114.36,-0.148,-0.062,-0.469,0
13119,21.21,17.06,-0.934,1.944,0.757,0
13120,21.34,131.2,0.783,0.339,-0.935,0
13121,14.71,32.46,-1.766,1.188,1.441,0
13122,4.56,69.37,-2.317,-0.544,2.37,0
13123,19.82,48.63,0.716,0.495,0.991,0
13124,9.68,119.54,-1.476,0.356,-0.855,0
13125,10.23,125.38,-0.443,-0.918,-0.939,0
13126,10.36,24.17,-0.833,0.226,-2.192,0
13127,13.74,24.86,-1.506,1.679,-1.699,0
13128,13.02,141.74,-0.865,0.916,-1.017,0
13129,13.45,8.74,1.857,0.444,1.125,0
13130,15.45,45.15,1.54,-1.605,-3.073,0
13131,17.77,60.44,0.647,-1.743,0.577,0
13132,17.43,176.96,-1.772,-3.034,-2.092,0
13133,4.99,76.24,0.266,-0.552,-0.418,0
13134,19.97,48.52,-0.9,0.106,-1.049,0
13135,4.41,74.65,-1.361,-1.752,1.072,0
13136,22.71,24.6,-1.122,1.288,0.879,0
13137,3.93,12.25,1.376,2.394,-2.193,0
13138,11.87,68.64,-0.949,-2.424,1.343,0
13139,23.61,8.55,1.119,0.178,0.433,0
13140,9.38,117.37,0.169,1.245,-0.854,0
13141,7.36,105.32,0.971,-0.893,3.474,0
13142,9.34,39.01,0.814,-2.777,-1.222,0
13143,12.92,57.66,-1.026,-1.206,2.196,0
13144,18.61,27.2,-0.002,-0.125,0.253,0
13145,22.56,23.86,-0.615,1.224,-0.276,0
13146,13.49,55.02,-2.585,1.887,0.524,0
13147,13.55,626.7,0.684,-1.094,0.102,0
13148,9.19,234.29,-0.201,-0.494,0.563,0
13149,13.96,35.32,0.435,1.0,-0.887,0
13150,14.68,59.97,-1.154,0.636,-1.065,0
13151,17.91,66.98,-0.508,1.453,1.548,0
13152,23.2,11.07,-0.909,-1.139,1.949,0
13153,19.14,35.34,0.1,-1.86,2.034,0
13154,14.73,17.85,-0.464,0.207,0.207,0
13155,9.56,9.14,0.888,1.61,-0.614,0
13156,3.42,33.68,0.366,0.431,0.081,0
13157,4.02,44.93,-1.097,-2.225,1.269,0
13158,20.02,95.39,-0.377,-0.548,1.475,0
13159,17.61,23.34,-0.554,-0.473,-0.337,0
13160,19.97,215.88,1.383,0.544,0.0,0
13161,10.81,160.29,-1.106,-0.007,-0.184,0
13162,21.42,16.19,-0.496,-0.299,0.394,0
13163,14.97,22.27,-0.983,-1.285,-0.167,0
13164,5.42,68.91,0.641,-1.361,-1.617,0
13165,21.39,106.01,0.03,0.148,-1.604,0
13166,18.98,24.08,-0.537,1.236,0.555,0
13167,15.69,16.32,-0.696,-2.151,-0.59,0
13168,9.63,14.94,0.361,-0.965,-0.021,0
13169,8.91,16.66,1.356,0.344,0.487,0
13170,16.26,77.36,0.194,0.014,1.798,0
13171,3.56,7.62,-1.832,-0.426,2.533,0
13172,21.57,85.46,0.355,-0.661,-1.447,0
13173,20.29,12.1,1.942,1.219,0.151,0
13174,18.59,75.54,-0.955,-1.758,1.169,0
13175,8.21,158.15,-0.675,0.023,1.776,0
13176,1.87,471.44,-0.988,0.888,2.096,0
13177,10.6,123.86,-1.107,0.715,-0.17,0
13178,4.11,35.0,0.588,-2.799,1.011,0
13179,11.52,47.44,0.037,-0.376,-0.472,0
13180,7.27,15.85,2.129,0.541,-2.224,0
13181,21.87,41.51,-0.051,-2.517,-1.95,0
13182,11.15,179.83,-0.195,0.01,-0.153,0
13183,1.9,91.92,1.325,-0.093,1.259,0
13184,22.98,7.63,-2.243,1.052,1.132,0
13185,8.76,8.15,-0.651,-0.19,0.969,0
13186,9.88,13.81,0.811,0.35,2.402,0
13187,13.37,27.54,-1.497,-0.086,-0.047,0
13188,19.39,15.45,0.12,0.755,0.192,0
13189,5.11,164.29,0.905,-1.302,-0.17,0
13190,15.49,34.06,0.21,-1.576,-0.653,0
13191,20.35,40.76,-0.598,1.3,-1.021,0
13192,6.73,16.74,-0.073,-1.735,-1.557,0
13193,17.77,182.71,0.738,-0.685,0.642,0
13194,17.35,49.41,0.785,-0.797,-0.978,0
13195,16.31,32.71,0.821,0.721,-0.551,0
13196,18.53,43.38,0.05,-2.258,-0.166,0
13197,8.8,75.19,-0.633,-0.465,-1.517,0
13198,15.74,74.17,-1.328,1.327,2.922,0
13199,13.69,68.14,-0.649,1.276,-0.969,0
13200,6.76,50.2,-2.438,-2.177,0.046,0
13201,4.92,153.75,1.218,-2.082,-0.917,0
13202,21.12,22.28,-2.771,1.083,0.212,0
13203,14.36,188.44,0.374,-0.158,-2.046,0
13204,18.79,63.29,1.5,-0.596,-0.423,0
13205,14.25,144.0,2.179,0.071,-0.243,0
13206,16.66,117.81,-0.652,-0.713,0.37,0
13207,18.38,111.87,0.282,0.364,-0.893,0
13208,15.17,41.35,-1.195,2.847,2.331,0
13209,22.5,12.69,0.413,-2.61,0.41,0
13210,16.49,72.04,1.963,2.032,1.679,0
13211,3.3,165.88,-0.952,0.003,2.09,0
13212,12.07,357.69,0.025,-0.57,-1.775,0
13213,19.64,168.54,-0.227,-0.14,-1.643,0
13214,9.16,12.3,0.279,-0.895,-0.273,0
13215,13.55,23.14,1.418,0.716,0.815,0
13216,7.87,16.02,-0.251,-1.068,0.803,0
13217,19.06,5.93,0.066,-2.959,-0.096,0
13218,15.58,173.38,2.088,-0.064,0.183,0
13219,6.96,40.93,1.617,0.109,-1.329,0
13220,22.34,132.67,2.012,0.368,-0.355,0
13221,10.03,27.8,1.061,1.329,-0.912,0
13222,15.32,11.69,1.595,0.494,-1.426,0
13223,12.76,15.64,-1.426,-0.328,-3.147,0
13224,16.91,2.5,1.528,-0.056,-0.25,0
13225,10.0,9.21,-2.336,-0.255,1.348,0
13226,15.39,45.02,-1.663,0.229,2.772,0
13227,14.95,21.04,1.828,-1.278,1.616,0
13228,13.56,20.18,-0.347,-1.485,2.204,0
13229,5.78,153.12,-0.828,-0.33,-0.584,0
13230,16.58,41.17,0.121,-0.679,-1.577,0
13231,13.1,7.51,-0.936,-0.107,-1.968,0
13232,18.46,93.34,1.065,0.286,-0.606,0
13233,0.57,25.22,-0.183,1.685,-2.435,0
13234,12.69,62.74,-0.045,0.736,0.975,0
13235,16.22,26.69,-0.268,1.258,-2.606,0
13236,15.03,37.06,0.225,0.896,0.687,0
13237,4.52,30.39,-0.441,-1.084,-4.532,0
13238,1.37,140.81,0.872,1.259,-0.398,0
13239,14.17,53.46,1.102,0.771,0.46,0
13240,22.9,72.73,1.792,-0.197,-1.312,0
13241,6.45,62.62,-2.496,-1.742,-0.949,0
13242,8.67,25.01,-1.863,-1.022,1.555,0
13243,17.08,17.67,0.698,-0.328,1.193,0
13244,9.22,7.93,-0.677,-2.009,-0.64,0
13245,12.18,8.81,-0.385,1.032,-1.461,0
13246,11.36,685.51,-1.434,0.456,-0.164,0
13247,14.13,360.12,-2.032,-0.794,-0.634,0
13248,16.81,55.93,0.411,1.686,-0.576,0
13249,1.53,33.59,0.734,0.4,-0.268,0
13250,15.5,86.27,-1.693,-0.581,-0.679,0
13251,17.77,37.93,-0.218,0.569,1.656,0
13252,22.49,17.28,0.227,-0.583,-0.901,0
13253,3.82,41.26,0.274,2.29,0.499,0
13254,17.16,26.99,0.507,-0.298,-2.808,0
13255,13.91,33.54,-0.573,-0.959,1.36,0
13256,3.73,27.6,-0.682,0.15,2.044,0
13257,16.86,17.35,-1.316,-1.414,0.857,0
13258,14.81,59.78,-1.757,0.125,0.631,0
13259,13.78,36.48,-0.092,-1.013,-0.438,0
13260,5.98,1039.08,2.048,-0.578,-0.739,0
13261,7.54,48.35,-0.576,0.138,-0.287,0
13262,14.94,31.34,0.406,-0.184,1.097,0
13263,5.83,123.82,0.894,0.846,-0.026,0
13264,12.49,102.72,0.22,-0.57,-3.243,0
13265,17.87,45.85,0.445,-0.827,-0.068,0
13266,22.43,34.66,-1.089,-0.825,-1.462,0
13267,8.25,89.29,3.994,-0.166,-1.293,0
13268,16.71,26.72,0.834,-0.068,1.989,0
13269,11.64,12.59,1.163,0.668,-1.208,0
13270,14.1,502.32,0.51,2.169,0.062,0
13271,6.4,132.63,0.137,1.24,-0.28,0
13272,10.74,16.71,0.787,-0.931,-0.465,0
13273,7.0,90.42,0.291,1.265,-2.066,0
13274,13.01,244.66,-1.735,0.219,-0.184,0
13275,9.96,126.1,-0.462,1.441,0.417,0
13276,16.28,206.29,0.337,1.178,1.77,0
13277,0.02,43.48,-1.075,0.062,-0.538,0
13278,12.88,63.32,0.811,-3.64,-1.146,0
13279,15.86,83.02,1.797,-0.639,-1.495,0
13280,7.35,207.89,-0.752,2.525,1.498,0
13281,0.73,58.58,0.236,0.133,0.339,0
13282,6.69,14.56,1.81,0.113,1.025,0
13283,19.59,71.12,0.299,1.712,0.304,0
13284,11.3,30.91,-0.45,-0.53,-0.675,0
13285,10.87,16.69,-0.53,0.183,0.908,0
13286,7.54,21.28,0.995,-3.929,-0.208,0
13287,1.98,36.64,-0.603,0.616,-2.327,0
13288,9.1,54.43,-1.685,1.492,1.247,0
13289,11.66,9.4,-0.853,1.88,1.28,0
13290,12.69,45.93,-1.923,-0.497,1.034,0
13291,10.05,14.33,0.54,2.214,-0.425,0
13292,2.44,44.25,0.396,0.614,1.304,0
13293,22.58,26.46,-0.205,-0.083,-1.707,0
13294,1.39,3.03,2.101,-0.409,-0.125,0
13295,20.73,17.09,0.904,-0.16,-1.366,0
13296,9.77,20.33,0.086,-0.112,-0.257,0
13297,16.23,10.75,2.435,-0.114,1.946,0
13298,10.09,180.39,0.063,0.591,0.384,0
13299,15.4,39.6,0.009,0.337,0.006,0
13300,18.54,135.41,-0.754,-0.518,0.75,0
13301,15.46,11.47,-1.867,-0.041,-0.181,0
13302,9.91,29.2,0.745,0.706,-0.483,0
13303,16.83,76.32,-0.397,-2.022,0.346,0
13304,13.14,23.62,0.312,1.356,-0.742,0
13305,18.59,40.58,0.11,0.076,-1.023,0
13306,14.99,620.49,0.173,0.097,0.164,0
13307,8.8,130.4,-0.926,-0.193,1.213,0
13308,10.34,96.75,1.717,0.446,-1.117,0
13309,6.41,23.59,-0.037,-0.776,0.38,0
13310,14.76,32.74,-1.395,2.01,-1.269,0
13311,14.7,29.77,0.113,-0.466,0.935,0
13312,18.51,41.7,1.163,-0.197,-1.934,0
13313,18.96,193.38,1.635,1.955,-0.607,0
13314,13.86,51.66,-0.211,1.71,-0.6,0
13315,15.86,78.0,1.491,0.7,-0.428,0
13316,18.18,8.99,1.889,-0.465,2.239,0
13317,13.27,42.34,0.517,2.335,0.299,0
13318,21.06,11.91,0.568,-0.853,-1.061,0
13319,12.23,519.56,-0.832,0.431,-1.059,0
13320,7.24,90.23,-1.652,0.436,-0.846,0
13321,2.12,36.76,0.017,0.428,0.093,0
13322,15.91,3.95,-1.802,0.133,2.69,0
13323,23.23,43.39,-0.144,-0.689,1.529,0
13324,4.25,11.52,1.885,0.04,1.547,0
13325,21.05,22.54,-0.398,0.066,-1.29,0
13326,20.08,120.74,-2.311,-1.307,1.514,0
13327,15.92,30.11,-0.195,-1.2,0.057,0
13328,21.13,158.57,-2.481,-0.441,-2.206,0
13329,8.6,24.53,0.605,-0.348,2.318,0
13330,10.94,26.4,1.649,-0.711,0.653,0
13331,8.43,52.77,1.578,0.561,-0.584,0
13332,12.74,18.28,-0.1,0.226,-2.585,0
13333,16.58,118.4,-1.59,-0.165,1.25,0
13334,11.74,32.29,2.945,-0.838,-1.435,0
13335,5.07,70.86,0.706,-0.672,-1.095,0
13336,19.98,19.78,0.981,-1.495,-0.518,0
13337,10.3,58.72,-1.319,-0.392,0.167,0
13338,14.13,19.61,-0.695,-0.558,1.09,0
13339,14.52,42.87,1.934,-1.407,-1.918,0
13340,10.73,23.32,1.18,-0.132,2.086,0
13341,9.84,6.28,4.266,-0.471,0.085,0
13342,15.26,262.01,-0.409,-2.049,0.031,0
13343,17.2,24.59,1.716,0.364,-0.255,0
13344,10.6,26.48,-1.178,-0.076,0.829,0
13345,17.57,2.35,-1.222,-0.73,-0.695,0
13346,8.65,49.93,0.829,-0.77,3.169,0
13347,15.01,98.22,0.194,1.858,0.705,0
13348,8.52,13.71,-1.944,-1.423,-1.391,0
13349,19.95,77.56,1.502,1.292,2.214,0
13350,3.84,97.83,-0.188,-1.045,1.051,0
13351,14.04,19.65,-1.086,2.852,0.084,0
13352,21.16,70.31,0.977,-0.712,-3.369,0
13353,5.05,493.47,0.692,1.049,-0.051,0
13354,1.85,15.0,0.87,-1.965,-0.088,0
13355,6.77,80.9,-0.247,-1.908,0.295,0
13356,12.65,9.98,0.608,2.192,-0.361,0
13357,17.68,45.75,-0.072,-1.377,0.018,0
13358,19.51,130.85,1.717,0.446,-0.051,0
13359,16.8,14.64,1.42,0.241,0.475,0
13360,8.86,29.45,0.755,-0.533,-1.258,0
13361,10.18,18.59,-0.751,-0.638,-1.539,0
13362,18.8,49.89,-0.01,-0.526,-2.735,0
13363,9.99,11.58,-0.549,-0.571,-2.764,0
13364,7.62,212.36,-0.735,-1.383,-0.898,0
13365,9.11,60.45,-1.301,-1.046,0.871,0
13366,3.47,136.08,0.895,-1.224,-0.309,0
13367,18.23,45.98,0.039,0.081,2.231,0
13368,17.92,182.25,-0.515,1.121,1.906,0
13369,7.8,87.92,-1.052,0.639,-2.786,0
13370,21.21,129.05,0.521,-1.024,-0.639,0
13371,17.07,22.84,1.391,0.812,-0.327,0
13372,15.25,22.24,2.229,-0.036,-0.343,0
13373,17.88,95.88,-0.376,-0.67,1.77,0
13374,20.26,20.73,0.203,0.467,0.224,0
13375,15.86,88.26,1.429,-0.19,2.445,0
13376,21.35,35.94,-0.861,0.059,1.521,0
13377,20.2,153.65,0.909,-0.352,0.005,0
13378,10.37,20.2,-1.231,-1.385,2.607,0
13379,22.15,72.41,0.437,0.461,-1.404,0
13380,6.78,95.57,-1.026,1.441,1.004,0
13381,9.74,62.37,0.496,0.485,0.38,0
13382,19.05,12.78,-0.122,1.477,-2.14,0
13383,0.14,377.29,0.272,-0.782,-0.589,0
13384,10.31,71.0,-0.206,-1.938,-1.416,0
13385,5.83,40.38,-1.472,0.552,-0.353,0
13386,5.6,74.33,2.069,-0.754,-2.499,0
13387,21.93,14.01,2.177,0.455,0.558,0
13388,22.73,27.87,-0.719,-0.047,-0.357,0
13389,13.22,109.05,-0.164,1.512,-1.372,0
13390,15.18,70.17,-3.302,-0.922,3.422,0
13391,8.8,33.54,-0.625,-0.95,-1.588,0
13392,21.24,60.02,1.283,0.054,-0.752,0
13393,8.46,10.04,-0.111,-0.835,0.408,0
13394,7.86,32.51,0.54,0.159,0.265,0
13395,23.7,5.64,0.714,-0.255,1.425,0
13396,12.19,12.41,2.513,-1.852,1.036,0
13397,22.79,97.61,-0.261,0.125,2.276,0
13398,13.7,41.24,1.841,2.009,-0.29,0
13399,14.7,18.98,0.156,0.22,2.272,0
13400,12.2,364.88,0.147,1.441,-1.324,0
13401,11.33,207.22,-0.28,0.406,-1.142,0
13402,13.86,204.3,0.394,-0.898,1.039,0
13403,10.2,21.76,0.867,0.913,0.125,0
13404,12.75,168.28,-1.462,0.976,0.583,0
13405,22.31,15.71,-0.172,0.607,2.635,0
13406,19.53,8.5,-0.42,-0.259,-0.979,0
13407,12.32,75.57,-0.161,1.607,2.394,0
13408,18.01,8.23,1.582,0.178,-1.103,0
13409,18.28,659.94,-0.276,0.402,-0.197,0
13410,12.22,84.28,0.918,0.639,-1.855,0
13411,7.52,59.14,0.232,0.364,-1.077,0
13412,12.19,77.35,1.602,0.798,-1.969,0
13413,21.79,28.14,-0.169,0.054,2.755,0
13414,21.02,365.02,0.403,0.2,-0.534,0
13415,13.66,5.93,0.009,-0.597,-2.503,0
13416,11.18,37.88,1.142,1.701,0.434,0
13417,1.63,126.53,-1.262,-0.066,0.295,0
13418,5.28,35.03,1.714,-0.332,0.546,0
13419,20.11,26.76,2.234,0.453,-2.362,0
13420,13.83,18.35,0.204,0.029,0.628,0
13421,14.88,6.83,1.575,-0.739,1.608,0
13422,14.44,43.99,-1.218,0.098,-1.173,0
13423,21.73,43.02,1.901,0.529,-1.432,0
13424,16.44,21.88,-1.449,-0.239,1.518,0
13425,11.92,49.73,1.471,0.703,-1.383,0
13426,20.05,91.96,-1.299,-0.321,0.732,0
13427,11.48,9.2,-1.059,-0.196,-1.467,0
13428,4.19,337.33,-2.755,-0.684,-1.872,0
13429,18.29,24.52,0.259,-0.146,0.561,0
13430,22.65,39.48,-2.434,-0.243,-0.72,0
13431,11.95,15.77,0.645,0.663,-1.472,0
13432,15.7,127.78,2.637,-1.08,-0.507,0
13433,14.6,78.12,1.697,-0.319,-0.875,0
13434,13.64,67.59,-1.369,3.147,0.011,0
13435,14.03,11.56,-0.565,-1.833,0.338,0
13436,19.27,326.27,-1.169,1.235,-0.345,0
13437,19.28,12.29,1.763,1.721,-2.476,0
13438,1.29,35.96,0.252,1.064,-0.403,0
13439,16.34,28.65,1.507,-1.312,-0.47,0
13440,19.38,3.4,1.591,1.405,-2.46,0
13441,10.68,160.04,-0.764,0.452,0.727,0
13442,7.07,107.79,-0.604,0.791,-0.43,0
13443,4.9,34.44,-0.583,-0.894,-0.049,0
13444,20.13,21.85,-0.504,1.262,-0.831,0
13445,10.7,24.14,-0.891,2.699,-0.572,0
13446,18.12,216.84,0.243,0.003,0.896,0
13447,6.12,171.91,-1.718,1.612,-2.024,0
13448,7.17,122.41,-0.77,-1.307,0.185,0
13449,14.07,60.01,0.335,0.672,-0.552,0
13450,20.94,58.02,-0.004,0.291,-0.274,0
13451,8.66,77.39,-0.095,1.111,-0.181,0
13452,0.17,22.15,-0.083,-0.277,-4.039,0
13453,14.52,26.65,0.912,-3.156,1.454,0
13454,15.14,378.21,0.103,0.368,-0.597,0
13455,10.44,250.72,-1.629,-0.428,-1.866,0
13456,8.38,39.22,-2.433,-2.665,-0.202,0
13457,13.33,20.42,-1.674,0.207,0.167,0
13458,4.86,97.56,-1.072,-2.043,0.023,0
13459,15.86,49.02,-1.582,-0.871,-1.094,0
13460,14.48,40.56,2.848,0.273,0.927,0
13461,15.44,86.65,-1.067,0.072,0.295,0
13462,7.26,388.19,-0.623,0.362,-1.597,0
13463,10.21,1.79,-1.062,-0.259,0.064,0
13464,13.83,139.3,-1.464,-0.791,-1.116,0
13465,15.25,48.3,0.251,1.617,-1.94,0
13466,23.98,22.56,-0.113,-1.834,-0.3,0
13467,21.46,10.83,1.694,0.481,0.854,0
13468,20.0,45.0,0.615,-0.313,-0.222,0
13469,13.8,54.84,-0.684,-0.256,0.866,0
13470,11.89,44.1,-0.131,0.18,-0.975,0
13471,16.39,36.53,1.419,-0.71,0.892,0
13472,6.54,47.13,-0.519,-0.935,-0.713,0
13473,10.58,25.01,0.526,1.281,-0.65,0
13474,22.03,23.0,1.59,1.62,1.003,0
13475,7.93,21.94,-0.212,-2.511,-0.411,0
13476,3.07,27.34,-0.417,-0.815,-1.178,0
13477,16.38,73.36,-1.322,0.118,-0.7,0
13478,10.91,15.18,0.368,0.803,2.026,0
13479,14.21,16.02,0.82,0.435,-0.54,0
13480,6.59,73.19,0.952,-1.782,0.567,0
13481,11.07,58.51,-2.086,0.015,-2.954,0
13482,11.42,69.37,0.755,1.046,1.482,0
13483,15.53,58.91,-0.887,-1.689,-0.884,0
13484,5.8,53.85,1.958,-0.71,-1.303,0
13485,10.08,29.3,1.372,0.147,-0.66,0
13486,13.94,9.33,-0.276,-0.141,-1.301,0
13487,14.64,339.21,0.688,-0.533,0.864,0
13488,21.5,25.03,-1.1,-0.641,1.61,0
13489,0.46,78.46,-0.187,-0.294,-0.789,0
13490,16.27,54.03,0.155,1.1,0.466,0
13491,21.93,32.16,-0.585,1.214,-1.196,0
13492,7.72,201.17,-1.123,-1.079,0.094,1
13493,12.05,40.18,-1.91,-1.777,-0.056,0
13494,19.09,51.53,-0.867,-0.296,-2.699,0
13495,12.69,6.17,1.415,-1.959,1.278,0
13496,8.56,8.55,0.612,-0.354,-0.159,0
13497,4.61,10.37,-0.339,-0.887,-0.785,0
13498,16.21,43.83,0.285,1.03,0.454,0
13499,12.1,58.17,-0.328,1.521,3.426,0
13500,18.19,67.07,2.153,1.261,-0.313,0
13501,5.45,92.11,1.447,1.383,0.687,0
13502,21.67,31.11,-1.436,0.257,0.492,0
13503,2.61,41.58,-0.494,-0.709,-0.818,0
13504,15.7,227.71,1.24,-2.057,2.502,1
13505,11.02,44.92,-2.499,0.263,1.499,0
13506,12.74,72.45,1.895,-1.908,0.826,0
13507,19.98,51.99,-1.142,0.249,-0.865,0
13508,7.06,11.08,-1.114,-0.776,-0.032,0
13509,4.78,267.06,3.557,-1.994,1.864,1
13510,10.18,156.76,0.978,0.22,1.997,0
13511,13.17,76.92,-0.701,0.77,-1.817,0
13512,5.12,27.22,0.469,0.467,-0.301,0
13513,20.13,31.45,-0.746,1.266,-1.942,0
13514,13.54,17.0,-2.896,-1.556,0.676,0
13515,3.33,65.27,2.21,-0.441,0.875,0
13516,9.52,18.02,1.38,2.35,-0.623,0
13517,8.21,16.55,0.916,-2.095,0.124,0
13518,12.01,105.69,-0.814,0.189,-0.139,0
13519,18.15,132.88,0.001,0.628,-1.118,0
13520,12.57,37.88,2.08,0.754,-1.759,0
13521,8.96,386.24,0.188,-0.606,-0.117,0
13522,10.52,116.88,0.17,0.53,-0.314,0
13523,10.16,30.83,-0.156,-0.966,0.469,0
13524,7.48,15.05,0.31,0.63,-0.314,0
13525,16.77,183.79,0.329,1.348,-2.195,0
13526,14.75,16.03,1.143,1.711,-1.293,0
13527,13.76,709.18,-0.276,0.482,-0.588,0
13528,23.49,105.86,0.779,0.523,-1.451,0
13529,21.28,25.1,-1.695,1.463,1.465,0
13530,12.13,48.61,-0.488,0.127,0.961,0
13531,18.21,21.52,0.922,-1.407,-3.457,0
13532,18.02,52.97,1.631,0.615,0.786,0
13533,15.4,9.38,1.091,0.484,-2.589,0
13534,7.27,103.57,0.354,0.175,-0.1,0
13535,22.06,129.0,-0.829,0.249,3.017,0
13536,21.02,19.64,-1.208,1.47,-1.831,0
13537,12.08,284.48,-1.198,-0.208,-0.756,0
13538,19.39,26.51,0.028,0.187,-0.335,0
13539,16.49,154.72,-1.419,1.838,0.566,0
13540,11.45,59.23,-0.49,-0.611,1.194,0
13541,12.15,41.15,-0.137,-1.299,-1.009,0
13542,11.79,11.95,0.282,0.168,-2.277,0
13543,14.38,46.28,-0.482,1.4,-1.023,0
13544,14.76,50.18,-1.141,1.104,-1.631,0
13545,17.14,92.12,-1.328,1.773,2.319,0
13546,18.1,2.26,-0.146,1.077,0.718,0
13547,7.43,14.97,1.89,0.329,0.658,0
13548,14.06,67.2,0.893,0.966,1.25,0
13549,23.57,44.48,1.357,0.106,4.181,0
13550,22.75,20.4,-0.615,0.333,0.709,0
13551,19.87,9.14,-0.747,0.104,-1.56,0
13552,17.68,80.93,-0.475,-0.418,0.081,0
13553,7.14,90.74,0.732,-0.388,0.487,0
13554,8.4,31.54,2.199,-0.424,-0.25,0
13555,0.57,21.52,-0.628,0.107,0.126,0
13556,8.95,2.24,1.47,2.11,0.413,0
13557,12.47,33.73,-2.195,0.538,0.382,0
13558,13.17,5.57,0.313,-0.529,-0.71,0
13559,22.39,7.35,0.855,0.694,-0.352,0
13560,19.1,32.27,-0.08,1.066,1.116,0
13561,9.04,34.44,3.167,0.852,0.091,0
13562,14.2,16.93,-1.268,-1.274,0.574,0
13563,10.23,24.91,-0.508,-0.267,-2.067,0
13564,8.15,75.16,-1.024,-0.019,-1.218,0
13565,2.06,125.17,0.796,-0.013,0.227,0
13566,10.04,57.48,1.688,1.869,-0.549,0
13567,13.92,205.33,-0.155,0.444,-2.951,0
13568,9.91,29.51,-0.13,-0.489,-0.904,0
13569,11.72,5.5,0.843,0.91,0.447,0
13570,7.98,9.14,0.831,0.186,0.351,0
13571,11.32,190.73,-0.014,-1.382,-1.463,0
13572,5.82,22.57,1.928,1.066,-0.895,0
13573,18.48,4.33,-0.61,0.102,0.217,0
13574,18.39,58.53,0.573,-1.121,1.521,0
13575,9.62,137.93,1.18,0.631,0.797,0
13576,6.73,8.18,-0.74,-0.994,0.656,0
13577,10.69,182.16,-0.092,1.925,3.288,0
13578,6.91,120.82,0.065,-0.008,-0.458,0
13579,18.64,59.74,-1.153,0.649,1.27,0
13580,17.1,44.12,-0.399,-0.248,1.071,0
13581,9.36,25.73,0.7,-0.962,2.848,0
13582,2.38,460.59,0.793,1.119,-0.605,0
13583,23.26,62.47,1.551,0.811,-3.5,0
13584,1.7,69.89,-0.797,-1.433,2.114,0
13585,13.97,37.54,-1.169,-0.59,-0.339,0
13586,12.37,12.62,-0.977,-3.204,-2.39,0
13587,20.27,16.03,-0.138,0.738,0.28,0
13588,8.16,260.72,-1.576,0.106,-1.199,0
13589,8.12,20.06,1.232,0.507,-0.81,0
13590,13.12,528.58,1.835,1.06,-1.165,0
13591,14.79,27.91,-2.719,-0.834,0.211,0
13592,19.86,88.35,-1.324,-0.269,0.899,0
13593,16.72,39.63,-1.568,1.115,0.181,0
13594,17.63,8.56,-0.232,0.761,1.157,0
13595,7.25,4.03,-0.961,-0.376,-1.39,0
13596,14.27,78.89,-3.123,-0.518,-0.715,0
13597,22.82,30.54,-0.217,-0.24,-1.268,0
13598,18.11,60.65,3.551,1.548,-2.454,0
13599,15.87,155.72,0.485,0.246,-1.702,0
13600,21.59,959.85,1.232,1.987,1.011,0
13601,12.62,31.22,0.894,-0.777,0.246,0
13602,21.87,79.4,0.749,-0.25,1.57,0
13603,22.91,793.12,-0.99,0.619,0.066,0
13604,13.29,21.38,-1.514,0.753,-0.483,0
13605,19.4,181.78,0.166,2.222,-2.045,0
13606,19.83,117.0,2.308,1.231,1.18,0
13607,11.84,24.02,-1.34,-0.183,-1.066,0
13608,17.71,82.21,2.114,-0.772,2.402,0
13609,7.14,30.05,1.759,-0.867,-0.184,0
13610,17.86,74.85,-1.168,0.425,-0.733,0
13611,23.38,67.18,-0.683,0.224,-1.412,0
13612,15.29,737.47,-0.906,0.393,0.46,0
13613,18.51,25.14,-1.294,0.669,0.864,0
13614,21.42,193.03,-1.882,1.111,-1.633,0
13615,16.55,7.74,0.111,0.479,-3.295,0
13616,8.09,84.01,-0.583,0.1,0.65,0
13617,21.66,25.82,-1.032,0.469,0.382,0
13618,18.46,50.55,1.687,-0.989,1.317,0
13619,13.92,129.96,1.297,0.751,-1.255,0
13620,9.87,63.1,-0.293,1.47,0.033,0
13621,12.08,81.07,0.108,-0.852,2.624,0
13622,19.42,54.98,-1.079,-1.208,1.511,0
13623,10.92,9.83,-1.029,0.239,0.085,0
13624,6.03,23.11,-0.604,-0.326,-1.719,0
13625,15.56,76.96,0.747,0.886,-0.899,0
13626,20.99,90.34,2.704,-2.036,1.346,0
13627,11.69,279.66,2.731,-0.369,0.041,0
13628,20.08,165.32,-2.165,0.459,0.72,0
13629,18.27,198.72,0.196,1.123,0.577,0
13630,7.21,4.48,-0.026,-0.248,-0.658,0
13631,3.53,22.82,-1.485,-0.035,1.015,0
13632,13.91,79.79,1.669,0.757,-1.418,0
13633,18.5,163.71,0.296,-2.042,1.673,0
13634,19.41,289.12,0.185,0.157,3.358,0
13635,18.78,63.91,-0.618,0.977,3.463,0
13636,11.03,70.05,-1.191,1.003,-1.954,0
13637,17.47,10.81,0.651,0.435,-0.915,0
13638,18.73,73.22,0.655,-0.859,0.203,0
13639,10.55,47.33,-1.214,-0.148,-0.867,0
13640,13.1,123.73,-0.053,-1.583,2.291,0
13641,20.2,16.66,0.702,0.119,-1.342,0
13642,15.87,43.09,-2.099,-1.178,0.904,0
13643,19.68,41.15,1.521,-1.447,-1.369,0
13644,19.3,198.12,0.763,-1.046,-0.857,0
13645,15.51,29.55,2.191,0.71,-0.212,0
13646,10.87,22.49,0.799,-0.246,-0.538,0
13647,0.4,162.29,-0.055,0.227,-0.845,0
13648,21.57,14.2,-0.616,-1.61,-1.929,0
13649,12.91,115.38,-0.087,0.16,-0.395,0
13650,3.92,81.76,0.359,0.31,1.747,0
13651,21.6,13.94,-0.849,-0.627,-0.332,0
13652,13.51,281.84,-1.809,0.059,1.703,0
13653,16.54,138.61,-0.796,0.544,-2.302,0
13654,8.53,76.43,-0.464,0.715,0.756,0
13655,11.08,145.84,-0.229,-0.111,1.866,0
13656,14.17,48.4,-3.472,1.698,-0.448,0
13657,20.32,44.42,2.842,-0.429,-1.63,0
13658,23.11,15.92,-0.058,0.977,0.777,0
13659,16.17,58.8,-0.058,1.042,-0.231,0
13660,16.86,71.62,-0.557,0.814,-0.956,0
13661,8.14,115.53,-0.91,-0.79,1.212,0
13662,1.21,23.09,-0.945,1.538,-0.857,0
13663,19.83,61.34,0.882,-0.415,2.614,0
13664,20.21,43.43,-0.724,0.891,2.42,0
13665,10.04,87.98,0.512,0.367,-0.16,0
13666,17.21,158.14,-0.321,0.062,2.345,0
13667,16.5,29.7,0.069,-1.841,-0.95,0
13668,4.61,30.24,1.602,-1.024,-2.844,0
13669,17.36,122.12,0.132,-0.426,-0.739,0
13670,11.91,83.34,1.517,0.577,1.357,0
13671,15.44,14.3,0.627,0.069,0.1,0
13672,4.09,28.06,0.522,-1.831,-1.872,0
13673,23.79,128.08,-0.207,1.79,0.594,0
13674,12.31,27.29,0.778,-1.457,-0.349,0
13675,17.57,164.44,-0.616,0.66,0.62,0
13676,12.38,32.2,-2.072,-1.282,-1.871,0
13677,8.92,121.02,-0.215,1.137,-1.1,0
13678,12.95,41.31,-0.001,-0.72,-1.534,0
13679,18.06,15.52,1.612,-0.191,-0.085,0
13680,10.51,39.72,-1.943,-2.68,0.303,0
13681,18.55,12.57,-0.506,1.089,1.668,0
13682,7.33,52.2,0.795,-0.958,-0.933,0
13683,15.26,67.24,0.048,2.224,-1.614,0
13684,7.68,27.96,-0.675,-0.729,1.965,0
13685,16.98,50.46,0.778,-0.118,2.245,0
13686,11.69,23.6,-0.934,-0.446,-1.622,0
13687,0.24,39.5,-0.302,-1.832,0.541,0
13688,17.56,259.22,0.141,-0.096,-1.818,0
13689,15.74,23.31,-2.789,-0.93,1.159,0
13690,14.89,51.63,-0.349,1.112,1.159,0
13691,17.08,56.66,0.476,1.156,-0.934,0
13692,11.71,28.76,-0.389,1.633,3.312,0
13693,18.41,196.5,0.99,0.941,-0.746,0
13694,14.56,26.35,-2.457,-2.041,-1.101,0
13695,13.24,44.85,1.201,-1.442,0.708,0
13696,11.56,20.61,-0.424,-2.175,-0.714,0
13697,6.56,10.65,-0.357,-1.841,1.08,0
13698,11.49,83.14,-0.585,-2.086,0.581,0
13699,6.99,44.57,-1.075,-0.084,-0.345,0
13700,10.54,40.42,0.522,0.049,0.763,0
13701,20.25,9.15,-2.481,-0.829,1.394,0
13702,8.57,105.34,2.282,-0.574,-0.756,0
13703,9.2,194.52,2.771,0.543,2.384,0
13704,7.85,314.65,0.572,2.072,-0.307,0
13705,22.41,60.07,1.564,1.088,-1.108,0
13706,17.97,54.13,-1.365,-1.251,1.049,0
13707,21.48,36.19,0.382,-1.897,-0.601,0
13708,20.31,36.18,-0.977,-0.103,-1.074,0
13709,21.89,2.44,0.462,2.176,-0.814,0
13710,14.81,172.37,1.147,0.327,2.532,0
13711,17.65,5.66,1.826,0.146,-0.639,0
13712,7.17,31.13,-0.129,-0.354,2.718,0
13713,18.57,31.16,0.433,1.569,-1.695,0
13714,20.75,32.32,-0.157,1.882,2.709,0
13715,16.95,72.25,1.632,-0.579,1.714,0
13716,7.57,15.0,-1.253,-0.574,2.141,0
13717,22.03,8.23,-0.391,0.901,0.9,0
13718,15.67,5.62,-0.389,1.812,-0.181,0
13719,4.8,112.5,0.88,-1.043,1.894,0
13720,8.42,77.54,1.646,0.871,-1.374,0
13721,18.76,107.41,0.693,0.202,1.967,0
13722,12.14,42.06,-0.092,-2.103,2.968,0
13723,3.97,290.43,0.91,-0.257,1.149,0
13724,18.65,25.43,1.739,-0.401,-1.195,0
13725,10.28,76.56,-0.208,0.15,0.989,0
13726,18.51,110.32,-1.233,0.75,2.99,0
13727,12.95,193.27,0.448,-1.556,1.68,0
13728,8.06,30.4,0.086,0.302,-1.652,0
13729,22.01,13.98,-0.514,-1.355,1.241,0
13730,13.46,39.7,0.861,0.348,-1.78,0
13731,12.14,13.06,-1.052,0.667,-1.025,0
13732,12.78,133.19,-0.351,0.733,-1.171,0
13733,5.11,51.85,1.667,-1.729,0.239,0
13734,10.77,130.85,0.905,0.098,0.347,0
13735,15.01,17.34,0.189,2.124,-0.518,0
13736,17.23,56.07,-0.389,0.909,0.375,0
13737,5.22,33.35,0.487,0.647,0.015,0
13738,23.83,73.55,2.105,-0.664,1.498,0
13739,23.23,28.57,-0.614,0.143,1.059,0
13740,13.97,79.92,-1.115,-0.501,-0.177,0
13741,13.51,359.38,0.768,0.1,-0.844,0
13742,12.13,18.75,-0.647,-0.93,-0.937,0
13743,16.3,131.15,-0.694,-1.784,-1.179,0
13744,1.16,3.97,0.17,-0.409,0.567,0
13745,13.59,3.35,-2.102,0.445,-1.481,0
13746,18.16,79.77,-2.468,-0.735,-0.247,0
13747,18.75,158.07,0.071,-0.213,-0.305,0
13748,19.9,19.52,-1.118,-0.522,1.218,0
13749,18.86,19.33,1.324,-1.111,0.088,0
13750,18.91,152.64,-0.042,0.194,0.735,0
13751,16.94,112.71,-0.348,-0.396,-0.465,0
13752,13.81,46.38,0.152,0.206,1.732,0
13753,14.41,11.11,-0.614,-1.09,0.768,0
13754,12.19,125.72,0.518,-1.297,-2.316,0
13755,3.03,40.26,-1.248,0.696,-1.838,0
13756,8.32,49.59,-1.335,0.386,-2.218,0
13757,7.97,32.77,0.362,-0.556,2.324,0
13758,6.03,22.88,-0.869,0.904,-0.675,0
13759,18.82,21.37,0.534,0.518,-1.828,0
13760,22.29,932.79,0.566,-0.067,-1.928,0
13761,11.5,263.18,0.083,-0.6,-0.725,0
13762,15.8,66.49,-2.18,-1.46,-2.033,0
13763,13.3,32.76,0.658,-0.681,-1.442,0
13764,9.44,125.33,-1.16,-2.059,0.172,0
13765,15.89,114.49,1.666,0.558,-0.172,0
13766,9.6,88.86,-0.339,-0.212,-1.735,0
13767,0.59,15.25,-1.29,-1.709,1.502,0
13768,9.55,64.44,-2.549,0.569,-1.085,0
13769,8.53,34.97,-2.164,-0.73,-1.374,0
13770,18.16,7.92,-1.967,2.828,1.625,0
13771,23.74,29.26,1.351,-0.342,-0.645,0
13772,12.02,43.81,0.158,-1.995,-0.772,0
13773,11.43,42.06,-0.554,-0.995,-3.022,0
13774,0.99,82.65,1.95,-0.913,0.733,0
13775,11.72,7.51,-0.319,0.526,-1.723,0
13776,5.29,36.34,1.162,-1.892,-2.119,0
13777,10.99,59.54,1.595,0.429,0.352,0
13778,9.03,44.16,-2.227,-0.437,2.184,0
13779,17.76,234.64,0.103,0.04,1.577,0
13780,8.83,161.41,-0.388,1.664,0.941,0
13781,8.94,13.69,0.401,0.484,0.403,0
13782,20.89,79.61,-0.901,-0.164,-2.694,0
13783,12.98,237.69,-0.386,-1.525,2.222,0
13784,14.8,74.01,0.128,0.773,-0.311,0
13785,16.6,86.05,-0.843,-0.409,2.399,0
13786,5.03,55.47,0.721,-0.043,0.024,0
13787,19.13,23.33,-1.12,-1.573,-2.199,0
13788,16.79,2.44,1.098,-0.258,-2.382,0
13789,23.91,18.11,-0.292,-0.181,0.817,0
13790,17.72,74.33,-0.597,-1.647,-0.868,0
13791,16.59,47.41,-0.333,1.045,-1.188,0
13792,15.43,4.18,0.171,-0.159,0.17,0
13793,11.81,46.84,0.842,-0.988,-0.523,0
13794,19.76,600.26,0.037,-0.907,-1.662,0
13795,21.37,498.49,0.061,-1.253,-0.89,0
13796,14.88,207.44,-0.696,-1.29,-2.558,0
13797,10.79,72.86,-1.714,-0.189,-0.151,0
13798,20.89,335.47,-2.375,-1.726,0.455,0
13799,15.13,16.17,-0.969,0.209,0.503,0
13800,19.48,41.89,0.555,-0.618,-0.554,0
13801,11.25,13.47,1.557,0.947,1.418,0
13802,18.4,18.41,1.271,1.089,0.628,0
13803,21.1,468.73,0.762,-0.406,0.668,0
13804,17.04,93.24,2.059,-0.034,0.899,0
13805,22.87,292.24,1.464,-0.351,1.874,0
13806,2.69,28.68,0.31,-1.988,0.659,0
13807,10.31,60.85,1.095,0.677,-1.261,0
13808,12.82,92.57,2.641,0.656,1.993,0
13809,3.09,43.91,2.994,0.843,-0.069,0
13810,14.45,27.14,0.803,-0.633,0.719,0
13811,12.86,29.27,1.025,1.068,-0.554,0
13812,7.88,258.12,0.911,-1.154,-2.351,0
13813,0.23,225.05,0.595,2.13,0.937,0
13814,22.64,46.35,0.02,-0.2,0.23,0
13815,3.59,70.16,1.353,2.188,-0.267,0
13816,7.76,26.25,-1.147,0.038,-0.112,0
13817,14.45,71.7,1.739,-1.515,0.164,0
13818,13.08,258.84,-0.469,0.592,-1.462,0
13819,14.03,118.73,-0.143,2.668,-0.289,0
13820,14.71,939.95,-2.361,0.288,-2.452,0
13821,7.84,66.25,-0.882,-0.877,2.095,0
13822,11.6,36.63,0.301,-0.752,1.134,0
13823,15.43,25.5,-2.367,-0.738,-1.323,0
13824,20.69,142.19,2.416,1.575,0.707,0
13825,21.15,3.22,1.554,-1.754,1.237,0
13826,21.29,33.17,-1.814,0.602,-0.203,0
13827,16.31,58.78,-1.587,-1.185,-1.876,0
13828,12.88,54.62,-0.123,-0.458,-2.374,0
13829,7.87,26.34,1.105,0.008,0.071,0
13830,6.68,7.46,0.886,-0.503,-2.141,0
13831,18.05,779.09,-0.01,0.542,0.742,0
13832,6.72,368.78,0.636,-0.66,-1.6,0
13833,2.18,142.72,1.914,-0.739,-0.028,0
13834,6.89,79.17,-1.775,0.197,1.147,0
13835,20.83,24.7,-1.136,-0.075,0.17,0
13836,6.75,15.8,-0.716,-0.281,1.508,0
13837,10.54,24.79,0.074,-0.666,-0.861,0
13838,16.11,137.08,-1.588,-0.566,-0.383,0
13839,12.7,36.95,2.922,1.94,-0.571,0
13840,13.97,33.55,0.331,-0.725,1.582,0
13841,14.31,15.96,1.275,0.769,0.29,0
13842,22.72,69.92,0.526,0.447,1.146,0
13843,11.83,14.86,0.319,1.428,-1.261,0
13844,15.41,68.17,-2.877,0.415,0.651,0
13845,4.71,7.37,0.263,1.013,-1.163,0
13846,7.26,49.23,-0.23,-0.237,1.367,0
13847,17.35,74.01,0.042,0.909,-0.419,0
13848,16.65,101.15,-3.001,0.5,-1.084,0
13849,18.44,13.46,1.564,1.999,0.577,0
13850,17.5,61.28,-1.416,0.714,-1.18,0
13851,4.01,113.18,-0.068,1.004,-0.388,0
13852,17.5,20.83,-0.167,-0.238,-1.161,0
13853,7.94,84.09,-1.665,-0.419,-0.997,0
13854,4.98,707.71,0.53,-1.924,-1.769,0
13855,11.29,21.53,-0.641,-0.622,0.169,0
13856,10.1,60.55,-0.114,-0.512,1.016,0
13857,2.28,89.85,1.01,-0.634,2.069,0
13858,16.09,50.77,2.249,0.401,-0.849,0
13859,13.22,77.14,0.443,-0.685,1.116,0
13860,16.39,136.63,-1.235,1.255,0.383,0
13861,20.51,23.09,1.686,-1.552,1.382,0
13862,20.48,11.43,2.161,-0.528,0.818,0
13863,4.73,56.44,-1.498,0.113,-2.226,0
13864,16.6,254.16,-0.966,-0.57,-0.107,0
13865,15.6,42.14,0.672,-0.907,-1.724,0
13866,15.74,80.2,0.684,-0.023,-0.632,0
13867,6.03,21.06,-0.734,0.214,0.04,0
13868,19.75,85.35,1.128,1.307,1.193,0
13869,14.41,59.94,-0.422,-0.076,-1.288,0
13870,21.94,17.48,1.319,1.087,-1.407,0
13871,9.09,60.95,-2.397,0.275,-1.683,0
13872,1.16,224.17,1.324,0.302,0.101,0
13873,9.86,1145.05,0.743,0.344,0.815,0
13874,19.43,72.4,-0.166,3.564,1.853,0
13875,15.17,18.26,2.143,-0.408,2.09,0
13876,12.34,12.5,0.77,-0.369,2.215,0
13877,16.91,41.85,0.765,0.549,1.785,0
13878,4.84,9.52,2.724,-0.311,-0.526,0
13879,18.59,52.52,2.455,0.202,0.349,0
13880,4.31,40.26,-1.844,-1.42,2.39,0
13881,18.01,191.14,-0.385,-1.682,1.298,0
13882,4.99,119.68,0.428,0.88,-1.619,0
13883,23.11,39.62,-0.636,-1.358,-2.689,0
13884,2.2,22.93,2.045,0.531,-1.505,0
13885,14.97,52.09,0.676,1.999,-0.037,0
13886,2.72,14.57,-2.555,0.591,1.33,0
13887,15.76,44.11,1.556,1.112,0.502,0
13888,16.22,26.9,-2.526,1.659,-2.213,0
13889,16.24,23.29,0.907,-0.04,0.537,0
13890,12.47,115.97,3.023,0.287,-0.27,0
13891,12.34,58.24,0.825,1.991,-0.928,0
13892,11.49,131.78,-0.352,0.005,0.393,0
13893,16.93,71.5,1.111,-1.097,-0.958,0
13894,5.71,40.5,2.097,0.821,-1.432,0
13895,13.24,31.41,-0.551,-0.587,-2.126,0
13896,18.92,47.58,0.161,1.107,1.871,0
13897,13.86,67.61,2.038,1.983,-1.569,0
13898,9.41,14.19,1.972,-0.156,-0.02,0
13899,13.58,259.94,0.142,1.043,1.798,0
13900,11.56,8.6,0.426,0.244,2.048,0
13901,16.5,62.37,0.365,-0.762,-1.194,0
13902,14.48,22.33,1.337,1.134,-1.672,0
13903,10.75,94.75,1.86,0.244,-1.316,0
13904,7.37,356.76,-1.041,-0.315,1.383,0
13905,18.48,42.08,0.842,-0.741,0.136,0
13906,9.89,110.91,-1.674,-1.749,-0.462,0
13907,10.63,80.22,-2.071,1.436,-1.214,0
13908,17.06,11.24,-0.892,-1.188,-0.417,0
13909,15.48,9.4,-3.369,0.528,-2.411,0
13910,14.83,7.32,0.468,-0.17,-0.907,0
13911,13.53,1.9,-1.574,0.387,1.7,0
13912,8.71,13.09,1.041,-2.014,2.041,0
13913,10.73,175.38,-0.728,0.248,1.503,0
13914,11.36,192.87,0.313,-1.145,1.995,0
13915,8.04,15.46,-1.027,0.317,2.005,0
13916,17.3,13.59,0.579,0.284,1.011,0
13917,16.03,15.5,-0.175,1.384,-0.842,0
13918,9.15,61.72,0.523,-0.953,1.065,0
13919,9.21,107.82,1.686,0.11,-0.235,0
13920,20.79,39.52,-0.227,0.064,-1.413,0
13921,13.53,28.18,-1.837,0.165,2.42,0
13922,0.69,10.12,0.783,-2.392,0.3,0
13923,7.7,62.38,-2.291,1.193,1.998,0
13924,14.43,76.14,2.782,0.307,2.01,0
13925,23.9,26.39,-0.747,-0.643,-0.368,0
13926,10.32,42.67,-1.231,-1.362,-0.101,0
13927,0.0,137.67,0.916,-2.577,1.974,0
13928,18.31,16.46,0.035,0.133,-2.658,0
13929,6.21,24.58,-0.188,0.142,0.691,0
13930,15.74,34.9,-1.172,0.012,-1.239,0
13931,13.25,45.1,0.323,-0.837,1.619,0
13932,20.07,92.38,-1.483,-0.099,1.807,0
13933,19.75,30.13,-1.77,0.087,-0.459,0
13934,15.26,60.53,0.104,-0.084,-0.957,0
13935,20.24,4.82,0.759,-0.126,0.963,0
13936,15.98,56.19,-0.19,1.629,0.551,0
13937,8.86,39.38,-1.433,0.191,-0.465,0
13938,12.92,27.04,-1.088,-0.538,1.62,0
13939,12.46,75.38,-1.759,0.037,-1.099,0
13940,0.46,86.79,-1.867,-1.992,1.097,0
13941,8.28,6.15,-1.27,-1.674,0.79,0
13942,19.35,6.91,2.286,0.746,-0.329,0
13943,10.56,21.39,-0.457,0.253,0.891,0
13944,3.08,150.82,2.579,0.19,0.237,0
13945,5.22,14.59,-1.73,-1.382,1.241,0
13946,0.31,528.7,4.275,-1.653,-0.489,1
13947,8.87,88.3,-0.236,2.558,0.593,0
13948,11.05,17.42,-1.368,-0.354,0.099,0
13949,12.89,123.37,-0.122,0.457,-1.567,0
13950,7.41,98.5,-1.387,1.18,0.467,0
13951,23.24,113.9,0.451,0.984,0.393,0
13952,5.47,45.5,-0.16,-0.47,-0.772,0
13953,16.28,21.37,1.188,0.666,1.274,0
13954,0.76,76.74,0.495,1.331,-2.414,0
13955,17.45,36.32,1.313,0.007,0.335,0
13956,12.55,44.57,-0.157,0.013,0.206,0
13957,14.08,182.94,-1.42,-1.759,0.809,0
13958,7.81,171.49,2.694,-1.116,0.672,0
13959,11.95,135.27,1.154,-1.557,-0.239,0
13960,6.08,234.36,0.69,0.641,-1.616,0
13961,22.17,22.08,1.15,-1.28,-0.057,0
13962,15.82,5.34,-0.729,0.801,-4.189,0
13963,11.5,52.99,0.021,-0.032,2.867,0
13964,8.48,37.23,-0.821,-3.248,-1.547,0
13965,8.06,8.52,-1.127,0.634,-0.982,0
13966,8.07,55.72,-1.395,-1.081,-0.61,0
13967,22.07,10.9,-0.275,-0.615,-0.159,0
13968,19.11,14.06,-0.199,0.247,-1.205,0
13969,9.63,31.91,0.256,0.95,-0.281,0
13970,21.64,100.81,-0.756,0.959,0.016,0
13971,3.42,31.31,0.824,-1.614,0.523,0
13972,4.78,52.25,0.188,0.175,-1.177,0
13973,9.91,148.38,0.167,-1.376,-1.321,0
13974,16.19,15.25,-0.772,-1.289,-1.066,0
13975,9.9,2.83,0.757,0.873,1.591,0
13976,12.93,68.82,-1.423,0.964,-0.476,0
13977,23.23,10.24,-0.152,-0.759,-0.228,0
13978,16.41,64.29,0.222,0.335,2.811,0
13979,14.35,163.98,0.357,2.226,0.055,0
13980,10.84,24.6,-1.211,0.158,1.305,0
13981,11.08,55.9,2.599,1.02,0.088,0
13982,12.5,19.42,0.418,-1.992,2.018,0
13983,3.54,6.75,0.429,1.457,-0.441,0
13984,20.91,23.04,-0.573,2.358,-0.54,0
13985,10.29,82.4,-1.428,1.591,-0.013,0
13986,11.73,33.67,-0.781,0.026,-0.208,0
13987,14.96,15.63,-0.22,1.39,-0.584,0
13988,10.25,55.72,-0.134,-0.645,-2.53,0
13989,23.16,3.26,-1.627,-2.192,-4.99,0
13990,12.14,45.06,-0.68,1.617,-0.719,0
13991,18.03,105.99,-2.121,-1.42,-2.165,0
13992,5.62,39.72,2.736,0.448,0.04,0
13993,22.21,25.61,-0.031,-1.629,-1.228,0
13994,12.3,72.7,1.305,-0.284,1.504,0
13995,14.98,79.41,0.205,1.174,1.856,0
13996,15.46,18.68,0.699,1.104,-1.169,0
13997,20.36,72.22,2.664,-0.018,-1.128,0
13998,2.81,273.49,-2.158,0.614,1.893,0
13999,16.39,85.93,-2.38,-0.092,3.369,0
14000,19.4,469.49,0.008,-1.53,-1.544,0
14001,10.25,9.86,2.786,1.329,0.052,0
14002,12.91,51.48,0.941,-0.52,-1.286,0
14003,11.07,18.1,1.748,1.32,0.97,0
14004,19.3,98.34,-0.864,-0.888,2.258,0
14005,20.01,61.45,-1.625,1.354,-0.394,0
14006,13.22,84.33,0.444,0.648,-0.6,0
14007,23.18,113.49,-1.78,-0.379,1.268,0
14008,11.23,111.25,1.622,-1.141,0.772,0
14009,2.89,18.34,3.439,0.142,-1.701,0
14010,10.05,132.28,-1.539,3.532,0.335,0
14011,14.69,269.91,2.838,2.358,1.567,0
14012,3.82,32.21,0.507,1.189,-0.059,0
14013,7.24,34.23,0.993,0.254,-0.822,0
14014,6.71,252.67,-0.027,1.097,2.717,0
14015,13.78,16.49,1.942,0.34,1.042,0
14016,20.17,15.01,0.066,2.138,-0.114,0
14017,10.82,37.8,-0.323,-1.546,-0.794,0
14018,16.45,82.23,-1.549,1.063,0.397,0
14019,13.09,70.39,-1.345,-2.025,0.612,0
14020,15.43,394.52,-0.236,0.191,0.016,0
14021,18.83,7.29,-1.881,1.896,2.2,0
14022,11.45,73.49,-0.915,-1.148,-1.707,0
14023,15.74,198.31,-2.654,-0.635,-0.82,0
14024,13.58,25.32,-2.228,0.035,-0.197,0
14025,12.37,186.87,1.114,0.558,0.176,0
14026,10.72,88.62,0.673,-0.267,0.941,0
14027,16.84,5.44,-0.481,-0.36,1.798,0
14028,17.85,91.29,0.654,-0.958,0.536,0
14029,15.45,10.51,0.208,1.953,0.937,0
14030,21.1,57.62,-0.891,1.211,0.452,0
14031,4.05,4.59,0.294,-0.059,0.516,0
14032,15.72,50.15,1.016,-0.477,-1.429,0
14033,16.53,114.9,-1.799,0.024,-0.567,0
14034,7.52,43.5,-0.339,-1.166,0.843,0
14035,10.56,8.36,0.351,-0.999,1.629,0
14036,16.76,227.48,0.468,0.686,-0.56,0
14037,7.05,3.16,2.714,1.252,-0.597,0
14038,14.3,203.4,-0.046,-0.455,2.63,0
14039,22.0,45.59,0.688,0.535,-1.116,0
14040,16.02,5.88,-0.083,0.359,2.666,0
14041,3.96,16.59,-1.405,0.357,1.121,0
14042,19.25,75.41,-0.15,-2.115,-3.572,0
14043,16.1,5.19,0.643,-2.781,1.449,0
14044,15.69,83.57,1.814,1.187,2.007,0
14045,7.05,264.88,-0.322,-1.481,-0.595,0
14046,3.17,76.75,-1.377,0.161,-2.138,0
14047,17.29,31.42,1.153,0.709,1.799,0
14048,17.72,57.74,-1.269,-1.26,-1.439,0
14049,16.09,64.44,-1.523,0.056,-0.171,0
14050,12.75,54.0,-0.86,-2.622,0.389,0
14051,8.65,122.49,-1.293,0.222,-1.227,0
14052,6.92,133.37,-0.354,-1.867,0.074,0
14053,4.44,50.65,1.245,1.563,1.256,0
14054,3.25,145.29,2.412,-1.717,-0.827,0
14055,19.63,86.49,0.051,-0.905,-4.173,0
14056,11.74,43.38,0.254,0.23,-1.656,0
14057,15.9,13.31,-1.054,0.748,-0.904,0
14058,20.43,53.07,1.876,-0.665,-0.6,0
14059,17.76,64.74,0.487,1.195,3.577,0
14060,17.63,7.8,1.008,0.436,-0.862,0
